speaker	gen1_system	gen1_text_index	gen2_system	gen2_text_index	seed_arm	readout	clone_path	cos_own_event	cos_other_event
p229	f5	0	xtts	1	A	ecapa	exp210/clones/xtts__from_f5__seedA/p229_t1.wav	0.59680791944545786	0.64513341624867171
p229	f5	0	xtts	1	A	wavlmsv	exp210/clones/xtts__from_f5__seedA/p229_t1.wav	0.94065533693857595	0.95403651836965175
p229	f5	0	xtts	1	B	ecapa	exp210/clones/xtts__from_f5__seedB/p229_t1.wav	0.41004443677283042	0.26704003108483987
p229	f5	0	xtts	1	B	wavlmsv	exp210/clones/xtts__from_f5__seedB/p229_t1.wav	0.78590840501417114	0.79340638788582418
p229	f5	1	xtts	2	A	ecapa	exp210/clones/xtts__from_f5__seedA/p229_t2.wav	0.65844640619832873	0.61338279947874585
p229	f5	1	xtts	2	A	wavlmsv	exp210/clones/xtts__from_f5__seedA/p229_t2.wav	0.95632739154646618	0.95819285195496706
p229	f5	1	xtts	2	B	ecapa	exp210/clones/xtts__from_f5__seedB/p229_t2.wav	0.69064845176043477	0.5444819992860872
p229	f5	1	xtts	2	B	wavlmsv	exp210/clones/xtts__from_f5__seedB/p229_t2.wav	0.97510426049659182	0.95014053664969333
p229	f5	2	xtts	3	A	ecapa	exp210/clones/xtts__from_f5__seedA/p229_t3.wav	0.56207742112230374	0.53016732827951407
p229	f5	2	xtts	3	A	wavlmsv	exp210/clones/xtts__from_f5__seedA/p229_t3.wav	0.89381634200159521	0.90345351195944901
p229	f5	2	xtts	3	B	ecapa	exp210/clones/xtts__from_f5__seedB/p229_t3.wav	0.63055400033728204	0.44923693984671853
p229	f5	2	xtts	3	B	wavlmsv	exp210/clones/xtts__from_f5__seedB/p229_t3.wav	0.90378178351791993	0.89030444469918035
p229	f5	3	xtts	0	A	ecapa	exp210/clones/xtts__from_f5__seedA/p229_t0.wav	0.48618652809978941	0.48042121437972307
p229	f5	3	xtts	0	A	wavlmsv	exp210/clones/xtts__from_f5__seedA/p229_t0.wav	0.94729598604379539	0.94127387357290104
p229	f5	3	xtts	0	B	ecapa	exp210/clones/xtts__from_f5__seedB/p229_t0.wav	0.45934092336924048	0.32685053177566215
p229	f5	3	xtts	0	B	wavlmsv	exp210/clones/xtts__from_f5__seedB/p229_t0.wav	0.78155937763693106	0.80370764260782157
p229	xtts	0	cosy	1	A	ecapa	exp210/clones/cosy__from_xtts__seedA/p229_t1.wav	0.58242403329286174	0.57273529659235911
p229	xtts	0	cosy	1	A	wavlmsv	exp210/clones/cosy__from_xtts__seedA/p229_t1.wav	0.92057757155848985	0.94626928776966301
p229	xtts	0	cosy	1	B	ecapa	exp210/clones/cosy__from_xtts__seedB/p229_t1.wav	0.70698371368863522	0.53658989687879755
p229	xtts	0	cosy	1	B	wavlmsv	exp210/clones/cosy__from_xtts__seedB/p229_t1.wav	0.97289616451841066	0.95056713097058487
p229	xtts	1	cosy	2	A	ecapa	exp210/clones/cosy__from_xtts__seedA/p229_t2.wav	0.65122691042477698	0.63957524730812654
p229	xtts	1	cosy	2	A	wavlmsv	exp210/clones/cosy__from_xtts__seedA/p229_t2.wav	0.93650124539587498	0.96391868556599181
p229	xtts	1	cosy	2	B	ecapa	exp210/clones/cosy__from_xtts__seedB/p229_t2.wav	0.71495012768084942	0.54991990660666845
p229	xtts	1	cosy	2	B	wavlmsv	exp210/clones/cosy__from_xtts__seedB/p229_t2.wav	0.96288086948982321	0.95164742008811021
p229	xtts	2	cosy	3	A	ecapa	exp210/clones/cosy__from_xtts__seedA/p229_t3.wav	0.63737892705299426	0.54691928550513891
p229	xtts	2	cosy	3	A	wavlmsv	exp210/clones/cosy__from_xtts__seedA/p229_t3.wav	0.94950075955099578	0.94684762487894392
p229	xtts	2	cosy	3	B	ecapa	exp210/clones/cosy__from_xtts__seedB/p229_t3.wav	0.6835577949427023	0.55177988052975424
p229	xtts	2	cosy	3	B	wavlmsv	exp210/clones/cosy__from_xtts__seedB/p229_t3.wav	0.92676417604106265	0.91416231057549102
p229	xtts	3	cosy	0	A	ecapa	exp210/clones/cosy__from_xtts__seedA/p229_t0.wav	0.65233827530618416	0.67862572386261788
p229	xtts	3	cosy	0	A	wavlmsv	exp210/clones/cosy__from_xtts__seedA/p229_t0.wav	0.96405809762337102	0.97056371043301615
p229	xtts	3	cosy	0	B	ecapa	exp210/clones/cosy__from_xtts__seedB/p229_t0.wav	0.70707657995293216	0.54287177259101926
p229	xtts	3	cosy	0	B	wavlmsv	exp210/clones/cosy__from_xtts__seedB/p229_t0.wav	0.96737295881009755	0.96036267497002092
p229	cosy	0	seedvc	1	A	ecapa	exp210/clones/seedvc__from_cosy__seedA/p229_t1.wav	0.547186766407189	0.49680230299190292
p229	cosy	0	seedvc	1	A	wavlmsv	exp210/clones/seedvc__from_cosy__seedA/p229_t1.wav	0.73304870441047021	0.7251495907729143
p229	cosy	0	seedvc	1	B	ecapa	exp210/clones/seedvc__from_cosy__seedB/p229_t1.wav	0.63360304304431436	0.4348566292991265
p229	cosy	0	seedvc	1	B	wavlmsv	exp210/clones/seedvc__from_cosy__seedB/p229_t1.wav	0.7551626173842837	0.75536751736970154
p229	cosy	1	seedvc	2	A	ecapa	exp210/clones/seedvc__from_cosy__seedA/p229_t2.wav	0.52885926572517727	0.52210244599214939
p229	cosy	1	seedvc	2	A	wavlmsv	exp210/clones/seedvc__from_cosy__seedA/p229_t2.wav	0.73117955510684252	0.72685099175443524
p229	cosy	1	seedvc	2	B	ecapa	exp210/clones/seedvc__from_cosy__seedB/p229_t2.wav	0.59930233207188754	0.4430396075824039
p229	cosy	1	seedvc	2	B	wavlmsv	exp210/clones/seedvc__from_cosy__seedB/p229_t2.wav	0.75039477799272025	0.73197118801286387
p229	cosy	2	seedvc	3	A	ecapa	exp210/clones/seedvc__from_cosy__seedA/p229_t3.wav	0.52573047650272242	0.50896016416912404
p229	cosy	2	seedvc	3	A	wavlmsv	exp210/clones/seedvc__from_cosy__seedA/p229_t3.wav	0.77574922018451453	0.76825941519125751
p229	cosy	2	seedvc	3	B	ecapa	exp210/clones/seedvc__from_cosy__seedB/p229_t3.wav	0.59250664268141295	0.43458085304585287
p229	cosy	2	seedvc	3	B	wavlmsv	exp210/clones/seedvc__from_cosy__seedB/p229_t3.wav	0.83382847114876713	0.82299850305391586
p229	cosy	3	seedvc	0	A	ecapa	exp210/clones/seedvc__from_cosy__seedA/p229_t0.wav	0.55786169781788364	0.50342041319339592
p229	cosy	3	seedvc	0	A	wavlmsv	exp210/clones/seedvc__from_cosy__seedA/p229_t0.wav	0.80960979217107232	0.80826921665565754
p229	cosy	3	seedvc	0	B	ecapa	exp210/clones/seedvc__from_cosy__seedB/p229_t0.wav	0.55941120443631376	0.44796911448786975
p229	cosy	3	seedvc	0	B	wavlmsv	exp210/clones/seedvc__from_cosy__seedB/p229_t0.wav	0.72553780345472441	0.71858973011506566
p229	seedvc	0	f5	1	A	ecapa	exp210/clones/f5__from_seedvc__seedA/p229_t1.wav	0.5350602859083371	0.50620835130786201
p229	seedvc	0	f5	1	A	wavlmsv	exp210/clones/f5__from_seedvc__seedA/p229_t1.wav	0.70713415409906544	0.7153802201428916
p229	seedvc	0	f5	1	B	ecapa	exp210/clones/f5__from_seedvc__seedB/p229_t1.wav	0.56010591748696825	0.40974394312748674
p229	seedvc	0	f5	1	B	wavlmsv	exp210/clones/f5__from_seedvc__seedB/p229_t1.wav	0.69123746659554963	0.67812802898610181
p229	seedvc	1	f5	2	A	ecapa	exp210/clones/f5__from_seedvc__seedA/p229_t2.wav	0.48800398313869453	0.49104778800689536
p229	seedvc	1	f5	2	A	wavlmsv	exp210/clones/f5__from_seedvc__seedA/p229_t2.wav	0.7295360651303493	0.73074393665202253
p229	seedvc	1	f5	2	B	ecapa	exp210/clones/f5__from_seedvc__seedB/p229_t2.wav	0.56793270667251394	0.44609175004744617
p229	seedvc	1	f5	2	B	wavlmsv	exp210/clones/f5__from_seedvc__seedB/p229_t2.wav	0.73622329175698931	0.73236311020310008
p229	seedvc	2	f5	3	A	ecapa	exp210/clones/f5__from_seedvc__seedA/p229_t3.wav	0.53647882747992481	0.51342695626671786
p229	seedvc	2	f5	3	A	wavlmsv	exp210/clones/f5__from_seedvc__seedA/p229_t3.wav	0.73632674642612062	0.71641823352545653
p229	seedvc	2	f5	3	B	ecapa	exp210/clones/f5__from_seedvc__seedB/p229_t3.wav	0.53257630431820324	0.37600840646622347
p229	seedvc	2	f5	3	B	wavlmsv	exp210/clones/f5__from_seedvc__seedB/p229_t3.wav	0.7306391219351378	0.72713289600396114
p229	seedvc	3	f5	0	A	ecapa	exp210/clones/f5__from_seedvc__seedA/p229_t0.wav	0.47259818583813318	0.44987532519210022
p229	seedvc	3	f5	0	A	wavlmsv	exp210/clones/f5__from_seedvc__seedA/p229_t0.wav	0.70925181159405015	0.71890834867710618
p229	seedvc	3	f5	0	B	ecapa	exp210/clones/f5__from_seedvc__seedB/p229_t0.wav	0.48945272004666196	0.37442985475167379
p229	seedvc	3	f5	0	B	wavlmsv	exp210/clones/f5__from_seedvc__seedB/p229_t0.wav	0.72167214443821837	0.69472798239806743
p231	f5	0	xtts	1	A	ecapa	exp210/clones/xtts__from_f5__seedA/p231_t1.wav	0.43285485693038739	0.4658350923258987
p231	f5	0	xtts	1	A	wavlmsv	exp210/clones/xtts__from_f5__seedA/p231_t1.wav	0.79767645971749102	0.81337097960710669
p231	f5	0	xtts	1	B	ecapa	exp210/clones/xtts__from_f5__seedB/p231_t1.wav	0.52096019208220301	0.48774443698737641
p231	f5	0	xtts	1	B	wavlmsv	exp210/clones/xtts__from_f5__seedB/p231_t1.wav	0.84310800515995754	0.8465046020213759
p231	f5	1	xtts	2	A	ecapa	exp210/clones/xtts__from_f5__seedA/p231_t2.wav	0.5535524943347041	0.62355075718471409
p231	f5	1	xtts	2	A	wavlmsv	exp210/clones/xtts__from_f5__seedA/p231_t2.wav	0.83380525865022936	0.84207791575121638
p231	f5	1	xtts	2	B	ecapa	exp210/clones/xtts__from_f5__seedB/p231_t2.wav	0.56545778691338044	0.51504587382728806
p231	f5	1	xtts	2	B	wavlmsv	exp210/clones/xtts__from_f5__seedB/p231_t2.wav	0.83467233424791776	0.83364474498002084
p231	f5	2	xtts	3	A	ecapa	exp210/clones/xtts__from_f5__seedA/p231_t3.wav	0.49025359531516949	0.47992152730661308
p231	f5	2	xtts	3	A	wavlmsv	exp210/clones/xtts__from_f5__seedA/p231_t3.wav	0.84675913360084187	0.84389003185313038
p231	f5	2	xtts	3	B	ecapa	exp210/clones/xtts__from_f5__seedB/p231_t3.wav	0.59249379444465844	0.54162489065998565
p231	f5	2	xtts	3	B	wavlmsv	exp210/clones/xtts__from_f5__seedB/p231_t3.wav	0.95012641456092051	0.91815232058603979
p231	f5	3	xtts	0	A	ecapa	exp210/clones/xtts__from_f5__seedA/p231_t0.wav	0.3762005994256421	0.40785084437379221
p231	f5	3	xtts	0	A	wavlmsv	exp210/clones/xtts__from_f5__seedA/p231_t0.wav	0.8293278542913376	0.8192935702773475
p231	f5	3	xtts	0	B	ecapa	exp210/clones/xtts__from_f5__seedB/p231_t0.wav	0.46732016735974191	0.40214508662450199
p231	f5	3	xtts	0	B	wavlmsv	exp210/clones/xtts__from_f5__seedB/p231_t0.wav	0.92117339826875488	0.8982807103748246
p231	xtts	0	cosy	1	A	ecapa	exp210/clones/cosy__from_xtts__seedA/p231_t1.wav	0.56823790944521768	0.56049497214648114
p231	xtts	0	cosy	1	A	wavlmsv	exp210/clones/cosy__from_xtts__seedA/p231_t1.wav	0.88473201463887163	0.91454728463672774
p231	xtts	0	cosy	1	B	ecapa	exp210/clones/cosy__from_xtts__seedB/p231_t1.wav	0.6215852826533752	0.58959299525103293
p231	xtts	0	cosy	1	B	wavlmsv	exp210/clones/cosy__from_xtts__seedB/p231_t1.wav	0.95889401588262468	0.9413239874328474
p231	xtts	1	cosy	2	A	ecapa	exp210/clones/cosy__from_xtts__seedA/p231_t2.wav	0.48078711481531439	0.45322372694571028
p231	xtts	1	cosy	2	A	wavlmsv	exp210/clones/cosy__from_xtts__seedA/p231_t2.wav	0.800162846647265	0.8240609139949211
p231	xtts	1	cosy	2	B	ecapa	exp210/clones/cosy__from_xtts__seedB/p231_t2.wav	0.73236512987445856	0.71152883299243186
p231	xtts	1	cosy	2	B	wavlmsv	exp210/clones/cosy__from_xtts__seedB/p231_t2.wav	0.98446615066686105	0.97314005700329287
p231	xtts	2	cosy	3	A	ecapa	exp210/clones/cosy__from_xtts__seedA/p231_t3.wav	0.42649653259796316	0.32557167750661997
p231	xtts	2	cosy	3	A	wavlmsv	exp210/clones/cosy__from_xtts__seedA/p231_t3.wav	0.80443358076406146	0.81869121855486582
p231	xtts	2	cosy	3	B	ecapa	exp210/clones/cosy__from_xtts__seedB/p231_t3.wav	0.57888734656154195	0.60251049730401562
p231	xtts	2	cosy	3	B	wavlmsv	exp210/clones/cosy__from_xtts__seedB/p231_t3.wav	0.93297073354790561	0.94742077235881783
p231	xtts	3	cosy	0	A	ecapa	exp210/clones/cosy__from_xtts__seedA/p231_t0.wav	0.53612402064345122	0.51335012069516184
p231	xtts	3	cosy	0	A	wavlmsv	exp210/clones/cosy__from_xtts__seedA/p231_t0.wav	0.87071931886043341	0.89364336190422744
p231	xtts	3	cosy	0	B	ecapa	exp210/clones/cosy__from_xtts__seedB/p231_t0.wav	0.60923722169741112	0.62432238409522522
p231	xtts	3	cosy	0	B	wavlmsv	exp210/clones/cosy__from_xtts__seedB/p231_t0.wav	0.95295062361993577	0.9672985931081044
p231	cosy	0	seedvc	1	A	ecapa	exp210/clones/seedvc__from_cosy__seedA/p231_t1.wav	0.60949916015180516	0.60280488835900159
p231	cosy	0	seedvc	1	A	wavlmsv	exp210/clones/seedvc__from_cosy__seedA/p231_t1.wav	0.81829824717332145	0.82800205695057405
p231	cosy	0	seedvc	1	B	ecapa	exp210/clones/seedvc__from_cosy__seedB/p231_t1.wav	0.58094844229205922	0.57131427648742505
p231	cosy	0	seedvc	1	B	wavlmsv	exp210/clones/seedvc__from_cosy__seedB/p231_t1.wav	0.8012860098864486	0.7813279816722718
p231	cosy	1	seedvc	2	A	ecapa	exp210/clones/seedvc__from_cosy__seedA/p231_t2.wav	0.64262497214235803	0.6003214885267556
p231	cosy	1	seedvc	2	A	wavlmsv	exp210/clones/seedvc__from_cosy__seedA/p231_t2.wav	0.7862097457804208	0.79669125927750528
p231	cosy	1	seedvc	2	B	ecapa	exp210/clones/seedvc__from_cosy__seedB/p231_t2.wav	0.59965541072452899	0.62529486363471232
p231	cosy	1	seedvc	2	B	wavlmsv	exp210/clones/seedvc__from_cosy__seedB/p231_t2.wav	0.81936803252239132	0.80635597171742412
p231	cosy	2	seedvc	3	A	ecapa	exp210/clones/seedvc__from_cosy__seedA/p231_t3.wav	0.66913158296035535	0.60002242758924296
p231	cosy	2	seedvc	3	A	wavlmsv	exp210/clones/seedvc__from_cosy__seedA/p231_t3.wav	0.80329055019800155	0.82251521939761252
p231	cosy	2	seedvc	3	B	ecapa	exp210/clones/seedvc__from_cosy__seedB/p231_t3.wav	0.61105544732579842	0.65065752933593446
p231	cosy	2	seedvc	3	B	wavlmsv	exp210/clones/seedvc__from_cosy__seedB/p231_t3.wav	0.8260167011937527	0.80987843437111551
p231	cosy	3	seedvc	0	A	ecapa	exp210/clones/seedvc__from_cosy__seedA/p231_t0.wav	0.54446586349429293	0.5262313231663589
p231	cosy	3	seedvc	0	A	wavlmsv	exp210/clones/seedvc__from_cosy__seedA/p231_t0.wav	0.81085802562220399	0.83087886818350376
p231	cosy	3	seedvc	0	B	ecapa	exp210/clones/seedvc__from_cosy__seedB/p231_t0.wav	0.61554338221992422	0.59458893900904164
p231	cosy	3	seedvc	0	B	wavlmsv	exp210/clones/seedvc__from_cosy__seedB/p231_t0.wav	0.85759634170482335	0.83224774883880559
p231	seedvc	0	f5	1	A	ecapa	exp210/clones/f5__from_seedvc__seedA/p231_t1.wav	0.589395845283746	0.59018047496143011
p231	seedvc	0	f5	1	A	wavlmsv	exp210/clones/f5__from_seedvc__seedA/p231_t1.wav	0.75685859462792004	0.77577256375415793
p231	seedvc	0	f5	1	B	ecapa	exp210/clones/f5__from_seedvc__seedB/p231_t1.wav	0.62504459430493697	0.57723415141313872
p231	seedvc	0	f5	1	B	wavlmsv	exp210/clones/f5__from_seedvc__seedB/p231_t1.wav	0.78186972088633588	0.74957117662955397
p231	seedvc	1	f5	2	A	ecapa	exp210/clones/f5__from_seedvc__seedA/p231_t2.wav	0.57632408619826891	0.54732179584951424
p231	seedvc	1	f5	2	A	wavlmsv	exp210/clones/f5__from_seedvc__seedA/p231_t2.wav	0.77295194668967515	0.78831106202767454
p231	seedvc	1	f5	2	B	ecapa	exp210/clones/f5__from_seedvc__seedB/p231_t2.wav	0.57222205447571173	0.53659841604945635
p231	seedvc	1	f5	2	B	wavlmsv	exp210/clones/f5__from_seedvc__seedB/p231_t2.wav	0.80499677505578027	0.78751156320103433
p231	seedvc	2	f5	3	A	ecapa	exp210/clones/f5__from_seedvc__seedA/p231_t3.wav	0.56069722644536002	0.47160147956766252
p231	seedvc	2	f5	3	A	wavlmsv	exp210/clones/f5__from_seedvc__seedA/p231_t3.wav	0.77750466272874186	0.77496791460628778
p231	seedvc	2	f5	3	B	ecapa	exp210/clones/f5__from_seedvc__seedB/p231_t3.wav	0.47983833511268276	0.50711763242259944
p231	seedvc	2	f5	3	B	wavlmsv	exp210/clones/f5__from_seedvc__seedB/p231_t3.wav	0.78715378175893069	0.77791445501989864
p231	seedvc	3	f5	0	A	ecapa	exp210/clones/f5__from_seedvc__seedA/p231_t0.wav	0.54933906693796986	0.49747392437301974
p231	seedvc	3	f5	0	A	wavlmsv	exp210/clones/f5__from_seedvc__seedA/p231_t0.wav	0.73970064181045403	0.75488668328953912
p231	seedvc	3	f5	0	B	ecapa	exp210/clones/f5__from_seedvc__seedB/p231_t0.wav	0.58785822375646812	0.5535649724576881
p231	seedvc	3	f5	0	B	wavlmsv	exp210/clones/f5__from_seedvc__seedB/p231_t0.wav	0.7995711175887712	0.7791786787640147
p257	f5	0	xtts	1	A	ecapa	exp210/clones/xtts__from_f5__seedA/p257_t1.wav	0.54727457095314791	0.52266820950403259
p257	f5	0	xtts	1	A	wavlmsv	exp210/clones/xtts__from_f5__seedA/p257_t1.wav	0.8510491030376528	0.84091513710739452
p257	f5	0	xtts	1	B	ecapa	exp210/clones/xtts__from_f5__seedB/p257_t1.wav	0.55938522886750719	0.53322167197296222
p257	f5	0	xtts	1	B	wavlmsv	exp210/clones/xtts__from_f5__seedB/p257_t1.wav	0.88039768193997558	0.88718946926851006
p257	f5	1	xtts	2	A	ecapa	exp210/clones/xtts__from_f5__seedA/p257_t2.wav	0.66728717080262823	0.68652574174426428
p257	f5	1	xtts	2	A	wavlmsv	exp210/clones/xtts__from_f5__seedA/p257_t2.wav	0.94851133297727874	0.93976046880783715
p257	f5	1	xtts	2	B	ecapa	exp210/clones/xtts__from_f5__seedB/p257_t2.wav	0.68756700608797949	0.63819114822670564
p257	f5	1	xtts	2	B	wavlmsv	exp210/clones/xtts__from_f5__seedB/p257_t2.wav	0.96449009382668538	0.97018181712716745
p257	f5	2	xtts	3	A	ecapa	exp210/clones/xtts__from_f5__seedA/p257_t3.wav	0.60891285214289415	0.62595771315329796
p257	f5	2	xtts	3	A	wavlmsv	exp210/clones/xtts__from_f5__seedA/p257_t3.wav	0.94599784488165939	0.94141996500959957
p257	f5	2	xtts	3	B	ecapa	exp210/clones/xtts__from_f5__seedB/p257_t3.wav	0.64916618819394833	0.61202297945216955
p257	f5	2	xtts	3	B	wavlmsv	exp210/clones/xtts__from_f5__seedB/p257_t3.wav	0.96402326708932295	0.96580929105683033
p257	f5	3	xtts	0	A	ecapa	exp210/clones/xtts__from_f5__seedA/p257_t0.wav	0.49375881710496888	0.49063555122329111
p257	f5	3	xtts	0	A	wavlmsv	exp210/clones/xtts__from_f5__seedA/p257_t0.wav	0.88300680551250232	0.87616367173943321
p257	f5	3	xtts	0	B	ecapa	exp210/clones/xtts__from_f5__seedB/p257_t0.wav	0.60203260061811925	0.55673741994548975
p257	f5	3	xtts	0	B	wavlmsv	exp210/clones/xtts__from_f5__seedB/p257_t0.wav	0.87909533542261287	0.89123533491702078
p257	xtts	0	cosy	1	A	ecapa	exp210/clones/cosy__from_xtts__seedA/p257_t1.wav	0.47904123845941637	0.51742107000679227
p257	xtts	0	cosy	1	A	wavlmsv	exp210/clones/cosy__from_xtts__seedA/p257_t1.wav	0.86974262634577038	0.86099745259843563
p257	xtts	0	cosy	1	B	ecapa	exp210/clones/cosy__from_xtts__seedB/p257_t1.wav	0.50188607140811314	0.42273852136830914
p257	xtts	0	cosy	1	B	wavlmsv	exp210/clones/cosy__from_xtts__seedB/p257_t1.wav	0.87758876434920852	0.89052083404447624
p257	xtts	1	cosy	2	A	ecapa	exp210/clones/cosy__from_xtts__seedA/p257_t2.wav	0.57787000653958132	0.5589833217237683
p257	xtts	1	cosy	2	A	wavlmsv	exp210/clones/cosy__from_xtts__seedA/p257_t2.wav	0.92733571802773374	0.92563091818648857
p257	xtts	1	cosy	2	B	ecapa	exp210/clones/cosy__from_xtts__seedB/p257_t2.wav	0.64947656337146231	0.61977827344399861
p257	xtts	1	cosy	2	B	wavlmsv	exp210/clones/cosy__from_xtts__seedB/p257_t2.wav	0.96622994802050088	0.95985551921381629
p257	xtts	2	cosy	3	A	ecapa	exp210/clones/cosy__from_xtts__seedA/p257_t3.wav	0.54655173285883885	0.56006956064666835
p257	xtts	2	cosy	3	A	wavlmsv	exp210/clones/cosy__from_xtts__seedA/p257_t3.wav	0.95473620965525774	0.96107587707970765
p257	xtts	2	cosy	3	B	ecapa	exp210/clones/cosy__from_xtts__seedB/p257_t3.wav	0.53632975552650342	0.48771041767859291
p257	xtts	2	cosy	3	B	wavlmsv	exp210/clones/cosy__from_xtts__seedB/p257_t3.wav	0.93523139634852925	0.92883781980478597
p257	xtts	3	cosy	0	A	ecapa	exp210/clones/cosy__from_xtts__seedA/p257_t0.wav	0.58741026334643898	0.60672214032316085
p257	xtts	3	cosy	0	A	wavlmsv	exp210/clones/cosy__from_xtts__seedA/p257_t0.wav	0.94203094797963605	0.94829056221688957
p257	xtts	3	cosy	0	B	ecapa	exp210/clones/cosy__from_xtts__seedB/p257_t0.wav	0.57652891586790855	0.50102804229569553
p257	xtts	3	cosy	0	B	wavlmsv	exp210/clones/cosy__from_xtts__seedB/p257_t0.wav	0.94659412974297974	0.9326350176520638
p257	cosy	0	seedvc	1	A	ecapa	exp210/clones/seedvc__from_cosy__seedA/p257_t1.wav	0.65524598097352471	0.57320125412232703
p257	cosy	0	seedvc	1	A	wavlmsv	exp210/clones/seedvc__from_cosy__seedA/p257_t1.wav	0.83990574778578952	0.81273405012043221
p257	cosy	0	seedvc	1	B	ecapa	exp210/clones/seedvc__from_cosy__seedB/p257_t1.wav	0.63735857227237591	0.58466499642014447
p257	cosy	0	seedvc	1	B	wavlmsv	exp210/clones/seedvc__from_cosy__seedB/p257_t1.wav	0.85266252380675867	0.86804305987691044
p257	cosy	1	seedvc	2	A	ecapa	exp210/clones/seedvc__from_cosy__seedA/p257_t2.wav	0.67343814839423422	0.60249067323520356
p257	cosy	1	seedvc	2	A	wavlmsv	exp210/clones/seedvc__from_cosy__seedA/p257_t2.wav	0.84979015521548407	0.8295099979909748
p257	cosy	1	seedvc	2	B	ecapa	exp210/clones/seedvc__from_cosy__seedB/p257_t2.wav	0.57356293274401615	0.55112277231640683
p257	cosy	1	seedvc	2	B	wavlmsv	exp210/clones/seedvc__from_cosy__seedB/p257_t2.wav	0.83959866766728131	0.84633573512822968
p257	cosy	2	seedvc	3	A	ecapa	exp210/clones/seedvc__from_cosy__seedA/p257_t3.wav	0.59307581368540241	0.5965809125566004
p257	cosy	2	seedvc	3	A	wavlmsv	exp210/clones/seedvc__from_cosy__seedA/p257_t3.wav	0.86611182631707861	0.8506083032832521
p257	cosy	2	seedvc	3	B	ecapa	exp210/clones/seedvc__from_cosy__seedB/p257_t3.wav	0.58286502367401627	0.54548998810834615
p257	cosy	2	seedvc	3	B	wavlmsv	exp210/clones/seedvc__from_cosy__seedB/p257_t3.wav	0.84523686532860587	0.86000461817513796
p257	cosy	3	seedvc	0	A	ecapa	exp210/clones/seedvc__from_cosy__seedA/p257_t0.wav	0.48496304395509843	0.47586515325355772
p257	cosy	3	seedvc	0	A	wavlmsv	exp210/clones/seedvc__from_cosy__seedA/p257_t0.wav	0.86566313670485118	0.82839287434776665
p257	cosy	3	seedvc	0	B	ecapa	exp210/clones/seedvc__from_cosy__seedB/p257_t0.wav	0.51730008795903815	0.44341078825642066
p257	cosy	3	seedvc	0	B	wavlmsv	exp210/clones/seedvc__from_cosy__seedB/p257_t0.wav	0.86995741967666107	0.89297351557213078
p257	seedvc	0	f5	1	A	ecapa	exp210/clones/f5__from_seedvc__seedA/p257_t1.wav	0.50433565383188239	0.46428993488379272
p257	seedvc	0	f5	1	A	wavlmsv	exp210/clones/f5__from_seedvc__seedA/p257_t1.wav	0.87287986982783794	0.8444549690162293
p257	seedvc	0	f5	1	B	ecapa	exp210/clones/f5__from_seedvc__seedB/p257_t1.wav	0.52374958907525815	0.46994588090488465
p257	seedvc	0	f5	1	B	wavlmsv	exp210/clones/f5__from_seedvc__seedB/p257_t1.wav	0.84238234203307938	0.8690255292589717
p257	seedvc	1	f5	2	A	ecapa	exp210/clones/f5__from_seedvc__seedA/p257_t2.wav	0.54579882277497238	0.52363619140937945
p257	seedvc	1	f5	2	A	wavlmsv	exp210/clones/f5__from_seedvc__seedA/p257_t2.wav	0.87490894752057824	0.85080222376414638
p257	seedvc	1	f5	2	B	ecapa	exp210/clones/f5__from_seedvc__seedB/p257_t2.wav	0.59045470239079967	0.54644274665565407
p257	seedvc	1	f5	2	B	wavlmsv	exp210/clones/f5__from_seedvc__seedB/p257_t2.wav	0.82323792932841777	0.84255781377960548
p257	seedvc	2	f5	3	A	ecapa	exp210/clones/f5__from_seedvc__seedA/p257_t3.wav	0.536657249793284	0.45746314876464483
p257	seedvc	2	f5	3	A	wavlmsv	exp210/clones/f5__from_seedvc__seedA/p257_t3.wav	0.82211394796939596	0.81041281132459297
p257	seedvc	2	f5	3	B	ecapa	exp210/clones/f5__from_seedvc__seedB/p257_t3.wav	0.56069969168564371	0.55242508326601802
p257	seedvc	2	f5	3	B	wavlmsv	exp210/clones/f5__from_seedvc__seedB/p257_t3.wav	0.77272393139427087	0.78592783368486896
p257	seedvc	3	f5	0	A	ecapa	exp210/clones/f5__from_seedvc__seedA/p257_t0.wav	0.57245466251242316	0.55312038551806386
p257	seedvc	3	f5	0	A	wavlmsv	exp210/clones/f5__from_seedvc__seedA/p257_t0.wav	0.83422010811605718	0.80648041754351074
p257	seedvc	3	f5	0	B	ecapa	exp210/clones/f5__from_seedvc__seedB/p257_t0.wav	0.53173832329492798	0.4958799090600296
p257	seedvc	3	f5	0	B	wavlmsv	exp210/clones/f5__from_seedvc__seedB/p257_t0.wav	0.79100094144487376	0.808245257812503
p260	f5	0	xtts	1	A	ecapa	exp210/clones/xtts__from_f5__seedA/p260_t1.wav	0.50324911198593347	0.50208691819705398
p260	f5	0	xtts	1	A	wavlmsv	exp210/clones/xtts__from_f5__seedA/p260_t1.wav	0.97899442835245021	0.98057008929223166
p260	f5	0	xtts	1	B	ecapa	exp210/clones/xtts__from_f5__seedB/p260_t1.wav	0.5553957947161543	0.48090124250193433
p260	f5	0	xtts	1	B	wavlmsv	exp210/clones/xtts__from_f5__seedB/p260_t1.wav	0.96910027360828832	0.96641567144449503
p260	f5	1	xtts	2	A	ecapa	exp210/clones/xtts__from_f5__seedA/p260_t2.wav	0.49600620384234001	0.47948999854328317
p260	f5	1	xtts	2	A	wavlmsv	exp210/clones/xtts__from_f5__seedA/p260_t2.wav	0.76107528357047383	0.71642528083496004
p260	f5	1	xtts	2	B	ecapa	exp210/clones/xtts__from_f5__seedB/p260_t2.wav	0.67109505066512987	0.58248816945740467
p260	f5	1	xtts	2	B	wavlmsv	exp210/clones/xtts__from_f5__seedB/p260_t2.wav	0.94598183881384457	0.9381678097470606
p260	f5	2	xtts	3	A	ecapa	exp210/clones/xtts__from_f5__seedA/p260_t3.wav	0.41244674114097102	0.4320118507709283
p260	f5	2	xtts	3	A	wavlmsv	exp210/clones/xtts__from_f5__seedA/p260_t3.wav	0.83211030565497013	0.7837530670813424
p260	f5	2	xtts	3	B	ecapa	exp210/clones/xtts__from_f5__seedB/p260_t3.wav	0.64029911732734113	0.51966280069726811
p260	f5	2	xtts	3	B	wavlmsv	exp210/clones/xtts__from_f5__seedB/p260_t3.wav	0.96842582225059581	0.95608263225175427
p260	f5	3	xtts	0	A	ecapa	exp210/clones/xtts__from_f5__seedA/p260_t0.wav	0.41731032574123117	0.37851762640906822
p260	f5	3	xtts	0	A	wavlmsv	exp210/clones/xtts__from_f5__seedA/p260_t0.wav	0.77755797390149761	0.74804056787996898
p260	f5	3	xtts	0	B	ecapa	exp210/clones/xtts__from_f5__seedB/p260_t0.wav	0.57670822310913283	0.51605672469338948
p260	f5	3	xtts	0	B	wavlmsv	exp210/clones/xtts__from_f5__seedB/p260_t0.wav	0.9763185854961054	0.95766544669609588
p260	xtts	0	cosy	1	A	ecapa	exp210/clones/cosy__from_xtts__seedA/p260_t1.wav	0.51370891902998572	0.44643279570090444
p260	xtts	0	cosy	1	A	wavlmsv	exp210/clones/cosy__from_xtts__seedA/p260_t1.wav	0.80932348543548371	0.75788839976801059
p260	xtts	0	cosy	1	B	ecapa	exp210/clones/cosy__from_xtts__seedB/p260_t1.wav	0.54402435320449882	0.50032846164591449
p260	xtts	0	cosy	1	B	wavlmsv	exp210/clones/cosy__from_xtts__seedB/p260_t1.wav	0.95442776023020348	0.95406520609532408
p260	xtts	1	cosy	2	A	ecapa	exp210/clones/cosy__from_xtts__seedA/p260_t2.wav	0.44011443850316073	0.41598298975941389
p260	xtts	1	cosy	2	A	wavlmsv	exp210/clones/cosy__from_xtts__seedA/p260_t2.wav	0.81516589630078007	0.77748822605528134
p260	xtts	1	cosy	2	B	ecapa	exp210/clones/cosy__from_xtts__seedB/p260_t2.wav	0.56462159907589915	0.53779325432081215
p260	xtts	1	cosy	2	B	wavlmsv	exp210/clones/cosy__from_xtts__seedB/p260_t2.wav	0.96103136928197841	0.96945223889765741
p260	xtts	2	cosy	3	A	ecapa	exp210/clones/cosy__from_xtts__seedA/p260_t3.wav	0.51468731250819788	0.43360783597187175
p260	xtts	2	cosy	3	A	wavlmsv	exp210/clones/cosy__from_xtts__seedA/p260_t3.wav	0.86157773420271888	0.82137065983700197
p260	xtts	2	cosy	3	B	ecapa	exp210/clones/cosy__from_xtts__seedB/p260_t3.wav	0.55776894607608241	0.54078888848327766
p260	xtts	2	cosy	3	B	wavlmsv	exp210/clones/cosy__from_xtts__seedB/p260_t3.wav	0.97170390211526758	0.96248020062842898
p260	xtts	3	cosy	0	A	ecapa	exp210/clones/cosy__from_xtts__seedA/p260_t0.wav	0.39376522960738491	0.371402980034509
p260	xtts	3	cosy	0	A	wavlmsv	exp210/clones/cosy__from_xtts__seedA/p260_t0.wav	0.75469658463309863	0.70801292761370971
p260	xtts	3	cosy	0	B	ecapa	exp210/clones/cosy__from_xtts__seedB/p260_t0.wav	0.59116043939011476	0.52968221349349609
p260	xtts	3	cosy	0	B	wavlmsv	exp210/clones/cosy__from_xtts__seedB/p260_t0.wav	0.9540559948901528	0.94731955601260598
p260	cosy	0	seedvc	1	A	ecapa	exp210/clones/seedvc__from_cosy__seedA/p260_t1.wav	0.4819037079877615	0.43439868010536731
p260	cosy	0	seedvc	1	A	wavlmsv	exp210/clones/seedvc__from_cosy__seedA/p260_t1.wav	0.85076088219801871	0.80553471202553251
p260	cosy	0	seedvc	1	B	ecapa	exp210/clones/seedvc__from_cosy__seedB/p260_t1.wav	0.52093491846670958	0.46703837108590546
p260	cosy	0	seedvc	1	B	wavlmsv	exp210/clones/seedvc__from_cosy__seedB/p260_t1.wav	0.8666148629999606	0.89804035650887781
p260	cosy	1	seedvc	2	A	ecapa	exp210/clones/seedvc__from_cosy__seedA/p260_t2.wav	0.58324712877207219	0.48295187719160232
p260	cosy	1	seedvc	2	A	wavlmsv	exp210/clones/seedvc__from_cosy__seedA/p260_t2.wav	0.83123450846825397	0.78810812479151482
p260	cosy	1	seedvc	2	B	ecapa	exp210/clones/seedvc__from_cosy__seedB/p260_t2.wav	0.55765288711768446	0.5249780701468848
p260	cosy	1	seedvc	2	B	wavlmsv	exp210/clones/seedvc__from_cosy__seedB/p260_t2.wav	0.74742496093990507	0.79414128849223276
p260	cosy	2	seedvc	3	A	ecapa	exp210/clones/seedvc__from_cosy__seedA/p260_t3.wav	0.49967618691823196	0.381423469279351
p260	cosy	2	seedvc	3	A	wavlmsv	exp210/clones/seedvc__from_cosy__seedA/p260_t3.wav	0.86861463541339479	0.83087691704601663
p260	cosy	2	seedvc	3	B	ecapa	exp210/clones/seedvc__from_cosy__seedB/p260_t3.wav	0.57425555523428939	0.53961646781648942
p260	cosy	2	seedvc	3	B	wavlmsv	exp210/clones/seedvc__from_cosy__seedB/p260_t3.wav	0.86378679698145044	0.89638037722293662
p260	cosy	3	seedvc	0	A	ecapa	exp210/clones/seedvc__from_cosy__seedA/p260_t0.wav	0.64186589583264542	0.50544786136974018
p260	cosy	3	seedvc	0	A	wavlmsv	exp210/clones/seedvc__from_cosy__seedA/p260_t0.wav	0.90806024802174945	0.88120182008625891
p260	cosy	3	seedvc	0	B	ecapa	exp210/clones/seedvc__from_cosy__seedB/p260_t0.wav	0.53867587842884879	0.52644378792867652
p260	cosy	3	seedvc	0	B	wavlmsv	exp210/clones/seedvc__from_cosy__seedB/p260_t0.wav	0.90727498499568826	0.91867160818759053
p260	seedvc	0	f5	1	A	ecapa	exp210/clones/f5__from_seedvc__seedA/p260_t1.wav	0.57094353137762377	0.52312614291385096
p260	seedvc	0	f5	1	A	wavlmsv	exp210/clones/f5__from_seedvc__seedA/p260_t1.wav	0.77476724808890285	0.74161966111140321
p260	seedvc	0	f5	1	B	ecapa	exp210/clones/f5__from_seedvc__seedB/p260_t1.wav	0.49208427406069988	0.49750052526522404
p260	seedvc	0	f5	1	B	wavlmsv	exp210/clones/f5__from_seedvc__seedB/p260_t1.wav	0.83818515260250015	0.87470093675891081
p260	seedvc	1	f5	2	A	ecapa	exp210/clones/f5__from_seedvc__seedA/p260_t2.wav	0.54794646650822187	0.46618236005117042
p260	seedvc	1	f5	2	A	wavlmsv	exp210/clones/f5__from_seedvc__seedA/p260_t2.wav	0.81070383879065955	0.75824387447293951
p260	seedvc	1	f5	2	B	ecapa	exp210/clones/f5__from_seedvc__seedB/p260_t2.wav	0.51199797051933782	0.53251487510258655
p260	seedvc	1	f5	2	B	wavlmsv	exp210/clones/f5__from_seedvc__seedB/p260_t2.wav	0.81968345419972288	0.86806496645733144
p260	seedvc	2	f5	3	A	ecapa	exp210/clones/f5__from_seedvc__seedA/p260_t3.wav	0.4706353394110529	0.49749841669097894
p260	seedvc	2	f5	3	A	wavlmsv	exp210/clones/f5__from_seedvc__seedA/p260_t3.wav	0.77523170192252921	0.71556909573106542
p260	seedvc	2	f5	3	B	ecapa	exp210/clones/f5__from_seedvc__seedB/p260_t3.wav	0.44199904340490564	0.38704575976256933
p260	seedvc	2	f5	3	B	wavlmsv	exp210/clones/f5__from_seedvc__seedB/p260_t3.wav	0.7753175834989483	0.82420907070286142
p260	seedvc	3	f5	0	A	ecapa	exp210/clones/f5__from_seedvc__seedA/p260_t0.wav	0.52122046387865106	0.46257336885296363
p260	seedvc	3	f5	0	A	wavlmsv	exp210/clones/f5__from_seedvc__seedA/p260_t0.wav	0.82584627800156341	0.78503367108127131
p260	seedvc	3	f5	0	B	ecapa	exp210/clones/f5__from_seedvc__seedB/p260_t0.wav	0.49744179413292078	0.48641416148255584
p260	seedvc	3	f5	0	B	wavlmsv	exp210/clones/f5__from_seedvc__seedB/p260_t0.wav	0.82920304840023695	0.86427456870571917
p261	f5	0	xtts	1	A	ecapa	exp210/clones/xtts__from_f5__seedA/p261_t1.wav	0.33472375394708914	0.3361987315062957
p261	f5	0	xtts	1	A	wavlmsv	exp210/clones/xtts__from_f5__seedA/p261_t1.wav	0.88877653764844244	0.83762477888049813
p261	f5	0	xtts	1	B	ecapa	exp210/clones/xtts__from_f5__seedB/p261_t1.wav	0.44983396874948073	0.41425937071898378
p261	f5	0	xtts	1	B	wavlmsv	exp210/clones/xtts__from_f5__seedB/p261_t1.wav	0.88814887904455109	0.92423641230993725
p261	f5	1	xtts	2	A	ecapa	exp210/clones/xtts__from_f5__seedA/p261_t2.wav	0.45333921760834894	0.45968861319746235
p261	f5	1	xtts	2	A	wavlmsv	exp210/clones/xtts__from_f5__seedA/p261_t2.wav	0.90900352683985364	0.82790168245469664
p261	f5	1	xtts	2	B	ecapa	exp210/clones/xtts__from_f5__seedB/p261_t2.wav	0.53902253484873641	0.48030424722549891
p261	f5	1	xtts	2	B	wavlmsv	exp210/clones/xtts__from_f5__seedB/p261_t2.wav	0.86720600907796097	0.90809587894285437
p261	f5	2	xtts	3	A	ecapa	exp210/clones/xtts__from_f5__seedA/p261_t3.wav	0.57111353422388456	0.55421758185654801
p261	f5	2	xtts	3	A	wavlmsv	exp210/clones/xtts__from_f5__seedA/p261_t3.wav	0.9597688420239805	0.91880648875047666
p261	f5	2	xtts	3	B	ecapa	exp210/clones/xtts__from_f5__seedB/p261_t3.wav	0.47001291101548204	0.45173759955600568
p261	f5	2	xtts	3	B	wavlmsv	exp210/clones/xtts__from_f5__seedB/p261_t3.wav	0.8941201171284987	0.92116695485973044
p261	f5	3	xtts	0	A	ecapa	exp210/clones/xtts__from_f5__seedA/p261_t0.wav	0.37624456891161978	0.36779618718179019
p261	f5	3	xtts	0	A	wavlmsv	exp210/clones/xtts__from_f5__seedA/p261_t0.wav	0.88099004407803694	0.78902365044517409
p261	f5	3	xtts	0	B	ecapa	exp210/clones/xtts__from_f5__seedB/p261_t0.wav	0.38864433553085131	0.38717432746044989
p261	f5	3	xtts	0	B	wavlmsv	exp210/clones/xtts__from_f5__seedB/p261_t0.wav	0.83190312724991489	0.90077891076314054
p261	xtts	0	cosy	1	A	ecapa	exp210/clones/cosy__from_xtts__seedA/p261_t1.wav	0.56717387063824554	0.5486890808600231
p261	xtts	0	cosy	1	A	wavlmsv	exp210/clones/cosy__from_xtts__seedA/p261_t1.wav	0.91159124798527846	0.89242883588282584
p261	xtts	0	cosy	1	B	ecapa	exp210/clones/cosy__from_xtts__seedB/p261_t1.wav	0.50262871553541333	0.42441590364124998
p261	xtts	0	cosy	1	B	wavlmsv	exp210/clones/cosy__from_xtts__seedB/p261_t1.wav	0.88260242755165741	0.88083248964879701
p261	xtts	1	cosy	2	A	ecapa	exp210/clones/cosy__from_xtts__seedA/p261_t2.wav	0.54541298626362378	0.5451706997314143
p261	xtts	1	cosy	2	A	wavlmsv	exp210/clones/cosy__from_xtts__seedA/p261_t2.wav	0.80860009645080599	0.92646441198489504
p261	xtts	1	cosy	2	B	ecapa	exp210/clones/cosy__from_xtts__seedB/p261_t2.wav	0.41025068191883962	0.38649825221664025
p261	xtts	1	cosy	2	B	wavlmsv	exp210/clones/cosy__from_xtts__seedB/p261_t2.wav	0.85428687228051348	0.9125100969078479
p261	xtts	2	cosy	3	A	ecapa	exp210/clones/cosy__from_xtts__seedA/p261_t3.wav	0.62807524775624146	0.55781649369821218
p261	xtts	2	cosy	3	A	wavlmsv	exp210/clones/cosy__from_xtts__seedA/p261_t3.wav	0.91358430750694253	0.93871752367079342
p261	xtts	2	cosy	3	B	ecapa	exp210/clones/cosy__from_xtts__seedB/p261_t3.wav	0.49049359988951702	0.49974540675924256
p261	xtts	2	cosy	3	B	wavlmsv	exp210/clones/cosy__from_xtts__seedB/p261_t3.wav	0.89557244418532278	0.86691846980013776
p261	xtts	3	cosy	0	A	ecapa	exp210/clones/cosy__from_xtts__seedA/p261_t0.wav	0.50873471647716828	0.52902079883060849
p261	xtts	3	cosy	0	A	wavlmsv	exp210/clones/cosy__from_xtts__seedA/p261_t0.wav	0.81009457284100583	0.93797243315906875
p261	xtts	3	cosy	0	B	ecapa	exp210/clones/cosy__from_xtts__seedB/p261_t0.wav	0.62023555222961502	0.51245066484015356
p261	xtts	3	cosy	0	B	wavlmsv	exp210/clones/cosy__from_xtts__seedB/p261_t0.wav	0.93863335714474783	0.87826052348612049
p261	cosy	0	seedvc	1	A	ecapa	exp210/clones/seedvc__from_cosy__seedA/p261_t1.wav	0.48760040015225403	0.44867007488306254
p261	cosy	0	seedvc	1	A	wavlmsv	exp210/clones/seedvc__from_cosy__seedA/p261_t1.wav	0.89914416891436422	0.778941864327239
p261	cosy	0	seedvc	1	B	ecapa	exp210/clones/seedvc__from_cosy__seedB/p261_t1.wav	0.50619731607369522	0.46711729449913147
p261	cosy	0	seedvc	1	B	wavlmsv	exp210/clones/seedvc__from_cosy__seedB/p261_t1.wav	0.82413070694519841	0.89687304290494818
p261	cosy	1	seedvc	2	A	ecapa	exp210/clones/seedvc__from_cosy__seedA/p261_t2.wav	0.5676541239902162	0.49896445418771485
p261	cosy	1	seedvc	2	A	wavlmsv	exp210/clones/seedvc__from_cosy__seedA/p261_t2.wav	0.90457651362971403	0.83514318336571947
p261	cosy	1	seedvc	2	B	ecapa	exp210/clones/seedvc__from_cosy__seedB/p261_t2.wav	0.48610228549076284	0.40986446292487871
p261	cosy	1	seedvc	2	B	wavlmsv	exp210/clones/seedvc__from_cosy__seedB/p261_t2.wav	0.825441468451384	0.8856193502426174
p261	cosy	2	seedvc	3	A	ecapa	exp210/clones/seedvc__from_cosy__seedA/p261_t3.wav	0.51447135517529452	0.42698179796564883
p261	cosy	2	seedvc	3	A	wavlmsv	exp210/clones/seedvc__from_cosy__seedA/p261_t3.wav	0.86937831017321487	0.77353604233268514
p261	cosy	2	seedvc	3	B	ecapa	exp210/clones/seedvc__from_cosy__seedB/p261_t3.wav	0.46944194586504417	0.43640104257011553
p261	cosy	2	seedvc	3	B	wavlmsv	exp210/clones/seedvc__from_cosy__seedB/p261_t3.wav	0.8245136824451863	0.88963525556231304
p261	cosy	3	seedvc	0	A	ecapa	exp210/clones/seedvc__from_cosy__seedA/p261_t0.wav	0.59089328568144273	0.50963773949993396
p261	cosy	3	seedvc	0	A	wavlmsv	exp210/clones/seedvc__from_cosy__seedA/p261_t0.wav	0.8550897963366193	0.84807645317641844
p261	cosy	3	seedvc	0	B	ecapa	exp210/clones/seedvc__from_cosy__seedB/p261_t0.wav	0.45863199694733492	0.4447236175712117
p261	cosy	3	seedvc	0	B	wavlmsv	exp210/clones/seedvc__from_cosy__seedB/p261_t0.wav	0.85053674289685288	0.79345446718174595
p261	seedvc	0	f5	1	A	ecapa	exp210/clones/f5__from_seedvc__seedA/p261_t1.wav	0.56171833684674133	0.47322647456851497
p261	seedvc	0	f5	1	A	wavlmsv	exp210/clones/f5__from_seedvc__seedA/p261_t1.wav	0.87668246023120822	0.82144525984109373
p261	seedvc	0	f5	1	B	ecapa	exp210/clones/f5__from_seedvc__seedB/p261_t1.wav	0.51950680087106316	0.51572183081896594
p261	seedvc	0	f5	1	B	wavlmsv	exp210/clones/f5__from_seedvc__seedB/p261_t1.wav	0.84145552429006687	0.82764323149967078
p261	seedvc	1	f5	2	A	ecapa	exp210/clones/f5__from_seedvc__seedA/p261_t2.wav	0.55958293360895595	0.47444825164254661
p261	seedvc	1	f5	2	A	wavlmsv	exp210/clones/f5__from_seedvc__seedA/p261_t2.wav	0.90982463410991865	0.83627540173695736
p261	seedvc	1	f5	2	B	ecapa	exp210/clones/f5__from_seedvc__seedB/p261_t2.wav	0.53981819095059458	0.55061341288797194
p261	seedvc	1	f5	2	B	wavlmsv	exp210/clones/f5__from_seedvc__seedB/p261_t2.wav	0.82774197333054955	0.84034703991172721
p261	seedvc	2	f5	3	A	ecapa	exp210/clones/f5__from_seedvc__seedA/p261_t3.wav	0.53595769863729559	0.46176371224553858
p261	seedvc	2	f5	3	A	wavlmsv	exp210/clones/f5__from_seedvc__seedA/p261_t3.wav	0.90139301105528624	0.78678944374705218
p261	seedvc	2	f5	3	B	ecapa	exp210/clones/f5__from_seedvc__seedB/p261_t3.wav	0.47862948822449741	0.44205551565722068
p261	seedvc	2	f5	3	B	wavlmsv	exp210/clones/f5__from_seedvc__seedB/p261_t3.wav	0.81214537090293493	0.89559787696241933
p261	seedvc	3	f5	0	A	ecapa	exp210/clones/f5__from_seedvc__seedA/p261_t0.wav	0.52447627851737655	0.48395980700182095
p261	seedvc	3	f5	0	A	wavlmsv	exp210/clones/f5__from_seedvc__seedA/p261_t0.wav	0.90703940658098303	0.82420724572085668
p261	seedvc	3	f5	0	B	ecapa	exp210/clones/f5__from_seedvc__seedB/p261_t0.wav	0.49864371225290138	0.45247441720198572
p261	seedvc	3	f5	0	B	wavlmsv	exp210/clones/f5__from_seedvc__seedB/p261_t0.wav	0.80452263571595473	0.82134540914224941
p267	f5	0	xtts	1	A	ecapa	exp210/clones/xtts__from_f5__seedA/p267_t1.wav	0.29581794074157908	0.25052725183827351
p267	f5	0	xtts	1	A	wavlmsv	exp210/clones/xtts__from_f5__seedA/p267_t1.wav	0.80844009125779737	0.79960124790674469
p267	f5	0	xtts	1	B	ecapa	exp210/clones/xtts__from_f5__seedB/p267_t1.wav	0.45496771800700375	0.41140957392960587
p267	f5	0	xtts	1	B	wavlmsv	exp210/clones/xtts__from_f5__seedB/p267_t1.wav	0.85781960656045741	0.87064414195999118
p267	f5	1	xtts	2	A	ecapa	exp210/clones/xtts__from_f5__seedA/p267_t2.wav	0.40664791623181251	0.40292625883158451
p267	f5	1	xtts	2	A	wavlmsv	exp210/clones/xtts__from_f5__seedA/p267_t2.wav	0.79190266059686598	0.79924983003997863
p267	f5	1	xtts	2	B	ecapa	exp210/clones/xtts__from_f5__seedB/p267_t2.wav	0.50605262786207972	0.43789206637797806
p267	f5	1	xtts	2	B	wavlmsv	exp210/clones/xtts__from_f5__seedB/p267_t2.wav	0.85405896622973032	0.84928828260003053
p267	f5	2	xtts	3	A	ecapa	exp210/clones/xtts__from_f5__seedA/p267_t3.wav	0.46397496675011735	0.38202245630909221
p267	f5	2	xtts	3	A	wavlmsv	exp210/clones/xtts__from_f5__seedA/p267_t3.wav	0.92028381693700168	0.91204051391758489
p267	f5	2	xtts	3	B	ecapa	exp210/clones/xtts__from_f5__seedB/p267_t3.wav	0.45610166057558388	0.48747120210425504
p267	f5	2	xtts	3	B	wavlmsv	exp210/clones/xtts__from_f5__seedB/p267_t3.wav	0.9442003575257627	0.94944475617039092
p267	f5	3	xtts	0	A	ecapa	exp210/clones/xtts__from_f5__seedA/p267_t0.wav	0.43757304260171448	0.37741691275868844
p267	f5	3	xtts	0	A	wavlmsv	exp210/clones/xtts__from_f5__seedA/p267_t0.wav	0.93725946344354705	0.93130312743598731
p267	f5	3	xtts	0	B	ecapa	exp210/clones/xtts__from_f5__seedB/p267_t0.wav	0.37183894704690512	0.34391457463872577
p267	f5	3	xtts	0	B	wavlmsv	exp210/clones/xtts__from_f5__seedB/p267_t0.wav	0.82631472783976334	0.81630665166996907
p267	xtts	0	cosy	1	A	ecapa	exp210/clones/cosy__from_xtts__seedA/p267_t1.wav	0.60821225110246468	0.5229351856970329
p267	xtts	0	cosy	1	A	wavlmsv	exp210/clones/cosy__from_xtts__seedA/p267_t1.wav	0.95964605113221801	0.95224281709934833
p267	xtts	0	cosy	1	B	ecapa	exp210/clones/cosy__from_xtts__seedB/p267_t1.wav	0.56278752309829838	0.52810876823009911
p267	xtts	0	cosy	1	B	wavlmsv	exp210/clones/cosy__from_xtts__seedB/p267_t1.wav	0.8882847997812362	0.88418777981841257
p267	xtts	1	cosy	2	A	ecapa	exp210/clones/cosy__from_xtts__seedA/p267_t2.wav	0.67237704203141424	0.64200622898143678
p267	xtts	1	cosy	2	A	wavlmsv	exp210/clones/cosy__from_xtts__seedA/p267_t2.wav	0.95069249646442089	0.94798254489788203
p267	xtts	1	cosy	2	B	ecapa	exp210/clones/cosy__from_xtts__seedB/p267_t2.wav	0.67553029578184887	0.62692384092428632
p267	xtts	1	cosy	2	B	wavlmsv	exp210/clones/cosy__from_xtts__seedB/p267_t2.wav	0.93274686244727611	0.93479653521927097
p267	xtts	2	cosy	3	A	ecapa	exp210/clones/cosy__from_xtts__seedA/p267_t3.wav	0.65640517426137046	0.57894726281533615
p267	xtts	2	cosy	3	A	wavlmsv	exp210/clones/cosy__from_xtts__seedA/p267_t3.wav	0.94331110649754502	0.9353454997596341
p267	xtts	2	cosy	3	B	ecapa	exp210/clones/cosy__from_xtts__seedB/p267_t3.wav	0.63799529343604466	0.63417821616695857
p267	xtts	2	cosy	3	B	wavlmsv	exp210/clones/cosy__from_xtts__seedB/p267_t3.wav	0.94648515370688191	0.93435418638830381
p267	xtts	3	cosy	0	A	ecapa	exp210/clones/cosy__from_xtts__seedA/p267_t0.wav	0.63381865962546913	0.62349984723273755
p267	xtts	3	cosy	0	A	wavlmsv	exp210/clones/cosy__from_xtts__seedA/p267_t0.wav	0.95450892198615567	0.94876573215642312
p267	xtts	3	cosy	0	B	ecapa	exp210/clones/cosy__from_xtts__seedB/p267_t0.wav	0.63330158801782921	0.61585565137079856
p267	xtts	3	cosy	0	B	wavlmsv	exp210/clones/cosy__from_xtts__seedB/p267_t0.wav	0.9497849949862458	0.94812245606199541
p267	cosy	0	seedvc	1	A	ecapa	exp210/clones/seedvc__from_cosy__seedA/p267_t1.wav	0.5436103744499442	0.51054155063217876
p267	cosy	0	seedvc	1	A	wavlmsv	exp210/clones/seedvc__from_cosy__seedA/p267_t1.wav	0.77497490177141048	0.77300073314219309
p267	cosy	0	seedvc	1	B	ecapa	exp210/clones/seedvc__from_cosy__seedB/p267_t1.wav	0.56880679126952383	0.52694390954372305
p267	cosy	0	seedvc	1	B	wavlmsv	exp210/clones/seedvc__from_cosy__seedB/p267_t1.wav	0.76160946563824572	0.76201330845982174
p267	cosy	1	seedvc	2	A	ecapa	exp210/clones/seedvc__from_cosy__seedA/p267_t2.wav	0.51349832706796872	0.46892529470782951
p267	cosy	1	seedvc	2	A	wavlmsv	exp210/clones/seedvc__from_cosy__seedA/p267_t2.wav	0.77853483347342234	0.7736441585916084
p267	cosy	1	seedvc	2	B	ecapa	exp210/clones/seedvc__from_cosy__seedB/p267_t2.wav	0.56907102582192159	0.51258224099752459
p267	cosy	1	seedvc	2	B	wavlmsv	exp210/clones/seedvc__from_cosy__seedB/p267_t2.wav	0.77467531649148702	0.78255245994879741
p267	cosy	2	seedvc	3	A	ecapa	exp210/clones/seedvc__from_cosy__seedA/p267_t3.wav	0.54721176226064805	0.50856086556352487
p267	cosy	2	seedvc	3	A	wavlmsv	exp210/clones/seedvc__from_cosy__seedA/p267_t3.wav	0.79479770612240463	0.79473566147159524
p267	cosy	2	seedvc	3	B	ecapa	exp210/clones/seedvc__from_cosy__seedB/p267_t3.wav	0.52625307962186407	0.48972189811598871
p267	cosy	2	seedvc	3	B	wavlmsv	exp210/clones/seedvc__from_cosy__seedB/p267_t3.wav	0.81202952397031258	0.80891166618208432
p267	cosy	3	seedvc	0	A	ecapa	exp210/clones/seedvc__from_cosy__seedA/p267_t0.wav	0.58403687212833089	0.58891373638669475
p267	cosy	3	seedvc	0	A	wavlmsv	exp210/clones/seedvc__from_cosy__seedA/p267_t0.wav	0.8310866168570481	0.8175900751457218
p267	cosy	3	seedvc	0	B	ecapa	exp210/clones/seedvc__from_cosy__seedB/p267_t0.wav	0.61825141351745461	0.52934870688380886
p267	cosy	3	seedvc	0	B	wavlmsv	exp210/clones/seedvc__from_cosy__seedB/p267_t0.wav	0.78225426284532962	0.78487178457645079
p267	seedvc	0	f5	1	A	ecapa	exp210/clones/f5__from_seedvc__seedA/p267_t1.wav	0.40354135385037243	0.43809107458082197
p267	seedvc	0	f5	1	A	wavlmsv	exp210/clones/f5__from_seedvc__seedA/p267_t1.wav	0.77814906328492373	0.74603337004146764
p267	seedvc	0	f5	1	B	ecapa	exp210/clones/f5__from_seedvc__seedB/p267_t1.wav	0.52670626744175697	0.39867270124119797
p267	seedvc	0	f5	1	B	wavlmsv	exp210/clones/f5__from_seedvc__seedB/p267_t1.wav	0.73307757677408847	0.74176300579476262
p267	seedvc	1	f5	2	A	ecapa	exp210/clones/f5__from_seedvc__seedA/p267_t2.wav	0.45464110642385158	0.44105397576593214
p267	seedvc	1	f5	2	A	wavlmsv	exp210/clones/f5__from_seedvc__seedA/p267_t2.wav	0.78357528256057996	0.77523374859362082
p267	seedvc	1	f5	2	B	ecapa	exp210/clones/f5__from_seedvc__seedB/p267_t2.wav	0.4880414436599661	0.44451262427187199
p267	seedvc	1	f5	2	B	wavlmsv	exp210/clones/f5__from_seedvc__seedB/p267_t2.wav	0.74367791072039713	0.74764037516255022
p267	seedvc	2	f5	3	A	ecapa	exp210/clones/f5__from_seedvc__seedA/p267_t3.wav	0.45033446709478109	0.42139603012176352
p267	seedvc	2	f5	3	A	wavlmsv	exp210/clones/f5__from_seedvc__seedA/p267_t3.wav	0.76032649304787547	0.74675483548240373
p267	seedvc	2	f5	3	B	ecapa	exp210/clones/f5__from_seedvc__seedB/p267_t3.wav	0.49071969864068066	0.45217414819683571
p267	seedvc	2	f5	3	B	wavlmsv	exp210/clones/f5__from_seedvc__seedB/p267_t3.wav	0.7663954143340318	0.76962196521733073
p267	seedvc	3	f5	0	A	ecapa	exp210/clones/f5__from_seedvc__seedA/p267_t0.wav	0.34181110146118943	0.28238972845716775
p267	seedvc	3	f5	0	A	wavlmsv	exp210/clones/f5__from_seedvc__seedA/p267_t0.wav	0.7745090169685378	0.7431042901392575
p267	seedvc	3	f5	0	B	ecapa	exp210/clones/f5__from_seedvc__seedB/p267_t0.wav	0.39083686773665116	0.37930884875803283
p267	seedvc	3	f5	0	B	wavlmsv	exp210/clones/f5__from_seedvc__seedB/p267_t0.wav	0.73873076106028301	0.75597125539837973
p272	f5	0	xtts	1	A	ecapa	exp210/clones/xtts__from_f5__seedA/p272_t1.wav	0.57844716254574891	0.51862106764806148
p272	f5	0	xtts	1	A	wavlmsv	exp210/clones/xtts__from_f5__seedA/p272_t1.wav	0.8898412500578553	0.94105106836893404
p272	f5	0	xtts	1	B	ecapa	exp210/clones/xtts__from_f5__seedB/p272_t1.wav	0.4928411418142557	0.3398503815516345
p272	f5	0	xtts	1	B	wavlmsv	exp210/clones/xtts__from_f5__seedB/p272_t1.wav	0.9349972030140421	0.78125055635458118
p272	f5	1	xtts	2	A	ecapa	exp210/clones/xtts__from_f5__seedA/p272_t2.wav	0.60115249594427755	0.47581067863606374
p272	f5	1	xtts	2	A	wavlmsv	exp210/clones/xtts__from_f5__seedA/p272_t2.wav	0.94783975589778491	0.90171023344449897
p272	f5	1	xtts	2	B	ecapa	exp210/clones/xtts__from_f5__seedB/p272_t2.wav	0.56843278198866909	0.42427409561987672
p272	f5	1	xtts	2	B	wavlmsv	exp210/clones/xtts__from_f5__seedB/p272_t2.wav	0.95270078182554496	0.92946145945627101
p272	f5	2	xtts	3	A	ecapa	exp210/clones/xtts__from_f5__seedA/p272_t3.wav	0.58432605575000995	0.41262654123471665
p272	f5	2	xtts	3	A	wavlmsv	exp210/clones/xtts__from_f5__seedA/p272_t3.wav	0.92163574262227044	0.90502880583844592
p272	f5	2	xtts	3	B	ecapa	exp210/clones/xtts__from_f5__seedB/p272_t3.wav	0.54282483567188267	0.44273080308969698
p272	f5	2	xtts	3	B	wavlmsv	exp210/clones/xtts__from_f5__seedB/p272_t3.wav	0.91094595928377076	0.96642564554270671
p272	f5	3	xtts	0	A	ecapa	exp210/clones/xtts__from_f5__seedA/p272_t0.wav	0.4611112003360549	0.36115658914247212
p272	f5	3	xtts	0	A	wavlmsv	exp210/clones/xtts__from_f5__seedA/p272_t0.wav	0.90915095674241042	0.91318288918805357
p272	f5	3	xtts	0	B	ecapa	exp210/clones/xtts__from_f5__seedB/p272_t0.wav	0.47356900972572313	0.38016262595548322
p272	f5	3	xtts	0	B	wavlmsv	exp210/clones/xtts__from_f5__seedB/p272_t0.wav	0.85594866358876742	0.94799933465855823
p272	xtts	0	cosy	1	A	ecapa	exp210/clones/cosy__from_xtts__seedA/p272_t1.wav	0.63606864285753728	0.54182635020641645
p272	xtts	0	cosy	1	A	wavlmsv	exp210/clones/cosy__from_xtts__seedA/p272_t1.wav	0.82332531869864933	0.93211937189012173
p272	xtts	0	cosy	1	B	ecapa	exp210/clones/cosy__from_xtts__seedB/p272_t1.wav	0.59517513598381488	0.49080637974443425
p272	xtts	0	cosy	1	B	wavlmsv	exp210/clones/cosy__from_xtts__seedB/p272_t1.wav	0.96191807880037272	0.86921771814546012
p272	xtts	1	cosy	2	A	ecapa	exp210/clones/cosy__from_xtts__seedA/p272_t2.wav	0.64412433957653459	0.46964882439769284
p272	xtts	1	cosy	2	A	wavlmsv	exp210/clones/cosy__from_xtts__seedA/p272_t2.wav	0.82872807355799671	0.90620016385000346
p272	xtts	1	cosy	2	B	ecapa	exp210/clones/cosy__from_xtts__seedB/p272_t2.wav	0.56480475685602594	0.46047806108235179
p272	xtts	1	cosy	2	B	wavlmsv	exp210/clones/cosy__from_xtts__seedB/p272_t2.wav	0.95605720149458095	0.83538129087453217
p272	xtts	2	cosy	3	A	ecapa	exp210/clones/cosy__from_xtts__seedA/p272_t3.wav	0.64276995864560771	0.51538943668371062
p272	xtts	2	cosy	3	A	wavlmsv	exp210/clones/cosy__from_xtts__seedA/p272_t3.wav	0.90079191915316525	0.92683420388644711
p272	xtts	2	cosy	3	B	ecapa	exp210/clones/cosy__from_xtts__seedB/p272_t3.wav	0.52326949998768857	0.41190782516725888
p272	xtts	2	cosy	3	B	wavlmsv	exp210/clones/cosy__from_xtts__seedB/p272_t3.wav	0.93187078939645973	0.94054247490881004
p272	xtts	3	cosy	0	A	ecapa	exp210/clones/cosy__from_xtts__seedA/p272_t0.wav	0.60717590507947095	0.51005709925636411
p272	xtts	3	cosy	0	A	wavlmsv	exp210/clones/cosy__from_xtts__seedA/p272_t0.wav	0.84737636201268673	0.92611842603526595
p272	xtts	3	cosy	0	B	ecapa	exp210/clones/cosy__from_xtts__seedB/p272_t0.wav	0.56915033863272835	0.5040632538468347
p272	xtts	3	cosy	0	B	wavlmsv	exp210/clones/cosy__from_xtts__seedB/p272_t0.wav	0.94300970370942327	0.87399093877334011
p272	cosy	0	seedvc	1	A	ecapa	exp210/clones/seedvc__from_cosy__seedA/p272_t1.wav	0.64438193768508767	0.60424024113931041
p272	cosy	0	seedvc	1	A	wavlmsv	exp210/clones/seedvc__from_cosy__seedA/p272_t1.wav	0.80126739050091389	0.91456383160069921
p272	cosy	0	seedvc	1	B	ecapa	exp210/clones/seedvc__from_cosy__seedB/p272_t1.wav	0.58861501823689288	0.43088094493287377
p272	cosy	0	seedvc	1	B	wavlmsv	exp210/clones/seedvc__from_cosy__seedB/p272_t1.wav	0.92719828318901087	0.79405725202902611
p272	cosy	1	seedvc	2	A	ecapa	exp210/clones/seedvc__from_cosy__seedA/p272_t2.wav	0.69728434509666259	0.58262386829254198
p272	cosy	1	seedvc	2	A	wavlmsv	exp210/clones/seedvc__from_cosy__seedA/p272_t2.wav	0.84573359015815985	0.92231005239197783
p272	cosy	1	seedvc	2	B	ecapa	exp210/clones/seedvc__from_cosy__seedB/p272_t2.wav	0.67529480788340213	0.4888558457918919
p272	cosy	1	seedvc	2	B	wavlmsv	exp210/clones/seedvc__from_cosy__seedB/p272_t2.wav	0.93826098350215437	0.80275517860914647
p272	cosy	2	seedvc	3	A	ecapa	exp210/clones/seedvc__from_cosy__seedA/p272_t3.wav	0.5752153933178219	0.60121199857090135
p272	cosy	2	seedvc	3	A	wavlmsv	exp210/clones/seedvc__from_cosy__seedA/p272_t3.wav	0.84171484357686399	0.92143152230089298
p272	cosy	2	seedvc	3	B	ecapa	exp210/clones/seedvc__from_cosy__seedB/p272_t3.wav	0.60976773424894082	0.43037185785389742
p272	cosy	2	seedvc	3	B	wavlmsv	exp210/clones/seedvc__from_cosy__seedB/p272_t3.wav	0.933507165352784	0.84496526946631878
p272	cosy	3	seedvc	0	A	ecapa	exp210/clones/seedvc__from_cosy__seedA/p272_t0.wav	0.55768192925826476	0.49289681797920681
p272	cosy	3	seedvc	0	A	wavlmsv	exp210/clones/seedvc__from_cosy__seedA/p272_t0.wav	0.86240767007788421	0.9475774669069934
p272	cosy	3	seedvc	0	B	ecapa	exp210/clones/seedvc__from_cosy__seedB/p272_t0.wav	0.59378985377674498	0.42999481178555554
p272	cosy	3	seedvc	0	B	wavlmsv	exp210/clones/seedvc__from_cosy__seedB/p272_t0.wav	0.9425252271850173	0.84503970533481831
p272	seedvc	0	f5	1	A	ecapa	exp210/clones/f5__from_seedvc__seedA/p272_t1.wav	0.61648645055827123	0.56016838229880395
p272	seedvc	0	f5	1	A	wavlmsv	exp210/clones/f5__from_seedvc__seedA/p272_t1.wav	0.8289535422673191	0.91973044150155125
p272	seedvc	0	f5	1	B	ecapa	exp210/clones/f5__from_seedvc__seedB/p272_t1.wav	0.59135910477857734	0.47203473546343033
p272	seedvc	0	f5	1	B	wavlmsv	exp210/clones/f5__from_seedvc__seedB/p272_t1.wav	0.9249647702145033	0.79253352965310719
p272	seedvc	1	f5	2	A	ecapa	exp210/clones/f5__from_seedvc__seedA/p272_t2.wav	0.64817918070977387	0.55500956251495603
p272	seedvc	1	f5	2	A	wavlmsv	exp210/clones/f5__from_seedvc__seedA/p272_t2.wav	0.80431436795083	0.89345447654687238
p272	seedvc	1	f5	2	B	ecapa	exp210/clones/f5__from_seedvc__seedB/p272_t2.wav	0.64872751482420843	0.52659134505008143
p272	seedvc	1	f5	2	B	wavlmsv	exp210/clones/f5__from_seedvc__seedB/p272_t2.wav	0.90931409117259576	0.7945147571558473
p272	seedvc	2	f5	3	A	ecapa	exp210/clones/f5__from_seedvc__seedA/p272_t3.wav	0.59988731031036302	0.54442805274235195
p272	seedvc	2	f5	3	A	wavlmsv	exp210/clones/f5__from_seedvc__seedA/p272_t3.wav	0.81462609805094077	0.91037356844708095
p272	seedvc	2	f5	3	B	ecapa	exp210/clones/f5__from_seedvc__seedB/p272_t3.wav	0.62047737625942079	0.4643962434847862
p272	seedvc	2	f5	3	B	wavlmsv	exp210/clones/f5__from_seedvc__seedB/p272_t3.wav	0.90959694053369533	0.79611918665498449
p272	seedvc	3	f5	0	A	ecapa	exp210/clones/f5__from_seedvc__seedA/p272_t0.wav	0.6606338644835249	0.61899851219794377
p272	seedvc	3	f5	0	A	wavlmsv	exp210/clones/f5__from_seedvc__seedA/p272_t0.wav	0.80877452531946381	0.9068582050234113
p272	seedvc	3	f5	0	B	ecapa	exp210/clones/f5__from_seedvc__seedB/p272_t0.wav	0.6516860630587531	0.47129576423257163
p272	seedvc	3	f5	0	B	wavlmsv	exp210/clones/f5__from_seedvc__seedB/p272_t0.wav	0.92717207379248479	0.79289285653881603
p273	f5	0	xtts	1	A	ecapa	exp210/clones/xtts__from_f5__seedA/p273_t1.wav	0.70914860421055903	0.6761755566252452
p273	f5	0	xtts	1	A	wavlmsv	exp210/clones/xtts__from_f5__seedA/p273_t1.wav	0.97568175308295246	0.97618340057123576
p273	f5	0	xtts	1	B	ecapa	exp210/clones/xtts__from_f5__seedB/p273_t1.wav	0.71253410217543856	0.6544569729927463
p273	f5	0	xtts	1	B	wavlmsv	exp210/clones/xtts__from_f5__seedB/p273_t1.wav	0.95785495066695048	0.96662751457060714
p273	f5	1	xtts	2	A	ecapa	exp210/clones/xtts__from_f5__seedA/p273_t2.wav	0.61142011802747231	0.68389635780660551
p273	f5	1	xtts	2	A	wavlmsv	exp210/clones/xtts__from_f5__seedA/p273_t2.wav	0.96630520122996022	0.95527851161988209
p273	f5	1	xtts	2	B	ecapa	exp210/clones/xtts__from_f5__seedB/p273_t2.wav	0.65211439963215534	0.55305205921017775
p273	f5	1	xtts	2	B	wavlmsv	exp210/clones/xtts__from_f5__seedB/p273_t2.wav	0.9540970874195942	0.96480701264680335
p273	f5	2	xtts	3	A	ecapa	exp210/clones/xtts__from_f5__seedA/p273_t3.wav	0.68530274178136441	0.6400809050627716
p273	f5	2	xtts	3	A	wavlmsv	exp210/clones/xtts__from_f5__seedA/p273_t3.wav	0.96843542499734625	0.9661739933646013
p273	f5	2	xtts	3	B	ecapa	exp210/clones/xtts__from_f5__seedB/p273_t3.wav	0.6824361188652408	0.58968469636796716
p273	f5	2	xtts	3	B	wavlmsv	exp210/clones/xtts__from_f5__seedB/p273_t3.wav	0.96516995073539613	0.96586596159433191
p273	f5	3	xtts	0	A	ecapa	exp210/clones/xtts__from_f5__seedA/p273_t0.wav	0.70369512250316579	0.73347574652983294
p273	f5	3	xtts	0	A	wavlmsv	exp210/clones/xtts__from_f5__seedA/p273_t0.wav	0.95933130285295665	0.94927519366187019
p273	f5	3	xtts	0	B	ecapa	exp210/clones/xtts__from_f5__seedB/p273_t0.wav	0.74643382025563465	0.64133701257579356
p273	f5	3	xtts	0	B	wavlmsv	exp210/clones/xtts__from_f5__seedB/p273_t0.wav	0.95914759134039318	0.96615917507768279
p273	xtts	0	cosy	1	A	ecapa	exp210/clones/cosy__from_xtts__seedA/p273_t1.wav	0.59912390137448213	0.58356956127635007
p273	xtts	0	cosy	1	A	wavlmsv	exp210/clones/cosy__from_xtts__seedA/p273_t1.wav	0.97540546121825988	0.95731562652219027
p273	xtts	0	cosy	1	B	ecapa	exp210/clones/cosy__from_xtts__seedB/p273_t1.wav	0.65105249963870981	0.50886890638760574
p273	xtts	0	cosy	1	B	wavlmsv	exp210/clones/cosy__from_xtts__seedB/p273_t1.wav	0.92275217923589992	0.93837410639505314
p273	xtts	1	cosy	2	A	ecapa	exp210/clones/cosy__from_xtts__seedA/p273_t2.wav	0.55106236726911861	0.5064262412489996
p273	xtts	1	cosy	2	A	wavlmsv	exp210/clones/cosy__from_xtts__seedA/p273_t2.wav	0.86022098273502867	0.79714709766102743
p273	xtts	1	cosy	2	B	ecapa	exp210/clones/cosy__from_xtts__seedB/p273_t2.wav	0.68082416271551716	0.57752964314901178
p273	xtts	1	cosy	2	B	wavlmsv	exp210/clones/cosy__from_xtts__seedB/p273_t2.wav	0.96522372832923842	0.97575179114353572
p273	xtts	2	cosy	3	A	ecapa	exp210/clones/cosy__from_xtts__seedA/p273_t3.wav	0.59385848409839903	0.51209041664898458
p273	xtts	2	cosy	3	A	wavlmsv	exp210/clones/cosy__from_xtts__seedA/p273_t3.wav	0.91889549834040252	0.88159200726411346
p273	xtts	2	cosy	3	B	ecapa	exp210/clones/cosy__from_xtts__seedB/p273_t3.wav	0.65166194207253358	0.51712730532732409
p273	xtts	2	cosy	3	B	wavlmsv	exp210/clones/cosy__from_xtts__seedB/p273_t3.wav	0.90008991318156073	0.93166573601676461
p273	xtts	3	cosy	0	A	ecapa	exp210/clones/cosy__from_xtts__seedA/p273_t0.wav	0.53694436960523284	0.59015105836818793
p273	xtts	3	cosy	0	A	wavlmsv	exp210/clones/cosy__from_xtts__seedA/p273_t0.wav	0.97132295757656339	0.96977081834564849
p273	xtts	3	cosy	0	B	ecapa	exp210/clones/cosy__from_xtts__seedB/p273_t0.wav	0.70641074566210937	0.54754443895664462
p273	xtts	3	cosy	0	B	wavlmsv	exp210/clones/cosy__from_xtts__seedB/p273_t0.wav	0.88748347761523461	0.92394330049189966
p273	cosy	0	seedvc	1	A	ecapa	exp210/clones/seedvc__from_cosy__seedA/p273_t1.wav	0.59491734693353626	0.5952586675194681
p273	cosy	0	seedvc	1	A	wavlmsv	exp210/clones/seedvc__from_cosy__seedA/p273_t1.wav	0.86705659157866322	0.7964095435909464
p273	cosy	0	seedvc	1	B	ecapa	exp210/clones/seedvc__from_cosy__seedB/p273_t1.wav	0.70195630449536695	0.54740634232467889
p273	cosy	0	seedvc	1	B	wavlmsv	exp210/clones/seedvc__from_cosy__seedB/p273_t1.wav	0.77844646367482495	0.84408385646138528
p273	cosy	1	seedvc	2	A	ecapa	exp210/clones/seedvc__from_cosy__seedA/p273_t2.wav	0.65088036331187604	0.56523691939950316
p273	cosy	1	seedvc	2	A	wavlmsv	exp210/clones/seedvc__from_cosy__seedA/p273_t2.wav	0.81743781028864104	0.75179957685845999
p273	cosy	1	seedvc	2	B	ecapa	exp210/clones/seedvc__from_cosy__seedB/p273_t2.wav	0.66191308183387998	0.58383278744211919
p273	cosy	1	seedvc	2	B	wavlmsv	exp210/clones/seedvc__from_cosy__seedB/p273_t2.wav	0.78942923450562485	0.84810570405764651
p273	cosy	2	seedvc	3	A	ecapa	exp210/clones/seedvc__from_cosy__seedA/p273_t3.wav	0.56219812751404163	0.56590683062297265
p273	cosy	2	seedvc	3	A	wavlmsv	exp210/clones/seedvc__from_cosy__seedA/p273_t3.wav	0.85371866939679686	0.79455916811583938
p273	cosy	2	seedvc	3	B	ecapa	exp210/clones/seedvc__from_cosy__seedB/p273_t3.wav	0.66541096485999018	0.53639705493179268
p273	cosy	2	seedvc	3	B	wavlmsv	exp210/clones/seedvc__from_cosy__seedB/p273_t3.wav	0.78541215573468404	0.85064658765624057
p273	cosy	3	seedvc	0	A	ecapa	exp210/clones/seedvc__from_cosy__seedA/p273_t0.wav	0.66463324806096369	0.65615203829943713
p273	cosy	3	seedvc	0	A	wavlmsv	exp210/clones/seedvc__from_cosy__seedA/p273_t0.wav	0.89959728816124063	0.84751307206105841
p273	cosy	3	seedvc	0	B	ecapa	exp210/clones/seedvc__from_cosy__seedB/p273_t0.wav	0.69740911783274662	0.55783486229299628
p273	cosy	3	seedvc	0	B	wavlmsv	exp210/clones/seedvc__from_cosy__seedB/p273_t0.wav	0.82052997334577515	0.86855127176407565
p273	seedvc	0	f5	1	A	ecapa	exp210/clones/f5__from_seedvc__seedA/p273_t1.wav	0.59353878228946877	0.56665521586538636
p273	seedvc	0	f5	1	A	wavlmsv	exp210/clones/f5__from_seedvc__seedA/p273_t1.wav	0.87826250359736135	0.81594325671143209
p273	seedvc	0	f5	1	B	ecapa	exp210/clones/f5__from_seedvc__seedB/p273_t1.wav	0.69602848355430647	0.53549075129633805
p273	seedvc	0	f5	1	B	wavlmsv	exp210/clones/f5__from_seedvc__seedB/p273_t1.wav	0.7581106429406379	0.83813045272454378
p273	seedvc	1	f5	2	A	ecapa	exp210/clones/f5__from_seedvc__seedA/p273_t2.wav	0.57010354803870156	0.59092261826041703
p273	seedvc	1	f5	2	A	wavlmsv	exp210/clones/f5__from_seedvc__seedA/p273_t2.wav	0.87476840906922293	0.81042084222771038
p273	seedvc	1	f5	2	B	ecapa	exp210/clones/f5__from_seedvc__seedB/p273_t2.wav	0.61798896109820589	0.48980578955731363
p273	seedvc	1	f5	2	B	wavlmsv	exp210/clones/f5__from_seedvc__seedB/p273_t2.wav	0.75850273897007758	0.83255044903618702
p273	seedvc	2	f5	3	A	ecapa	exp210/clones/f5__from_seedvc__seedA/p273_t3.wav	0.54057420833045255	0.49883045845718033
p273	seedvc	2	f5	3	A	wavlmsv	exp210/clones/f5__from_seedvc__seedA/p273_t3.wav	0.81495780990823696	0.7380375400254422
p273	seedvc	2	f5	3	B	ecapa	exp210/clones/f5__from_seedvc__seedB/p273_t3.wav	0.6075041536918232	0.47674631736939882
p273	seedvc	2	f5	3	B	wavlmsv	exp210/clones/f5__from_seedvc__seedB/p273_t3.wav	0.80559192991784256	0.85991076748513062
p273	seedvc	3	f5	0	A	ecapa	exp210/clones/f5__from_seedvc__seedA/p273_t0.wav	0.59088383333689376	0.58348783257838133
p273	seedvc	3	f5	0	A	wavlmsv	exp210/clones/f5__from_seedvc__seedA/p273_t0.wav	0.85493106162975518	0.7862980767231037
p273	seedvc	3	f5	0	B	ecapa	exp210/clones/f5__from_seedvc__seedB/p273_t0.wav	0.61430083790239254	0.46155609091475502
p273	seedvc	3	f5	0	B	wavlmsv	exp210/clones/f5__from_seedvc__seedB/p273_t0.wav	0.77644455318508054	0.83913129767910843
p274	f5	0	xtts	1	A	ecapa	exp210/clones/xtts__from_f5__seedA/p274_t1.wav	0.46218413501125699	0.45645011845725481
p274	f5	0	xtts	1	A	wavlmsv	exp210/clones/xtts__from_f5__seedA/p274_t1.wav	0.95980299017026904	0.92599253618333544
p274	f5	0	xtts	1	B	ecapa	exp210/clones/xtts__from_f5__seedB/p274_t1.wav	0.47347396722447754	0.43751244485102148
p274	f5	0	xtts	1	B	wavlmsv	exp210/clones/xtts__from_f5__seedB/p274_t1.wav	0.96004689474980109	0.95548038706707872
p274	f5	1	xtts	2	A	ecapa	exp210/clones/xtts__from_f5__seedA/p274_t2.wav	0.58450145228771044	0.46454712126089193
p274	f5	1	xtts	2	A	wavlmsv	exp210/clones/xtts__from_f5__seedA/p274_t2.wav	0.96889033564511484	0.91818127000388727
p274	f5	1	xtts	2	B	ecapa	exp210/clones/xtts__from_f5__seedB/p274_t2.wav	0.44177754398084074	0.38109550586247382
p274	f5	1	xtts	2	B	wavlmsv	exp210/clones/xtts__from_f5__seedB/p274_t2.wav	0.95724077931544516	0.93872676102617403
p274	f5	2	xtts	3	A	ecapa	exp210/clones/xtts__from_f5__seedA/p274_t3.wav	0.54574119651310005	0.49782218795564076
p274	f5	2	xtts	3	A	wavlmsv	exp210/clones/xtts__from_f5__seedA/p274_t3.wav	0.9544349478200912	0.93548702693351315
p274	f5	2	xtts	3	B	ecapa	exp210/clones/xtts__from_f5__seedB/p274_t3.wav	0.52777829591453995	0.47219159945227651
p274	f5	2	xtts	3	B	wavlmsv	exp210/clones/xtts__from_f5__seedB/p274_t3.wav	0.96826512309138402	0.96432599657608953
p274	f5	3	xtts	0	A	ecapa	exp210/clones/xtts__from_f5__seedA/p274_t0.wav	0.53833267750996994	0.54387608214004224
p274	f5	3	xtts	0	A	wavlmsv	exp210/clones/xtts__from_f5__seedA/p274_t0.wav	0.95927618367211975	0.9462276996393082
p274	f5	3	xtts	0	B	ecapa	exp210/clones/xtts__from_f5__seedB/p274_t0.wav	0.54807865301615732	0.47024080366090049
p274	f5	3	xtts	0	B	wavlmsv	exp210/clones/xtts__from_f5__seedB/p274_t0.wav	0.96944264105675249	0.94028737063954659
p274	xtts	0	cosy	1	A	ecapa	exp210/clones/cosy__from_xtts__seedA/p274_t1.wav	0.53474591826701945	0.50017342277297272
p274	xtts	0	cosy	1	A	wavlmsv	exp210/clones/cosy__from_xtts__seedA/p274_t1.wav	0.96489128453469974	0.9688341602825401
p274	xtts	0	cosy	1	B	ecapa	exp210/clones/cosy__from_xtts__seedB/p274_t1.wav	0.52408446397631203	0.43278293282251157
p274	xtts	0	cosy	1	B	wavlmsv	exp210/clones/cosy__from_xtts__seedB/p274_t1.wav	0.95994878641581005	0.94045608527418778
p274	xtts	1	cosy	2	A	ecapa	exp210/clones/cosy__from_xtts__seedA/p274_t2.wav	0.59450163792101895	0.52542139901927887
p274	xtts	1	cosy	2	A	wavlmsv	exp210/clones/cosy__from_xtts__seedA/p274_t2.wav	0.97646062475932038	0.97003403006968791
p274	xtts	1	cosy	2	B	ecapa	exp210/clones/cosy__from_xtts__seedB/p274_t2.wav	0.55490004966251227	0.38052146858499702
p274	xtts	1	cosy	2	B	wavlmsv	exp210/clones/cosy__from_xtts__seedB/p274_t2.wav	0.94873031648631057	0.93566989226519737
p274	xtts	2	cosy	3	A	ecapa	exp210/clones/cosy__from_xtts__seedA/p274_t3.wav	0.56882561906846707	0.49613781344871455
p274	xtts	2	cosy	3	A	wavlmsv	exp210/clones/cosy__from_xtts__seedA/p274_t3.wav	0.94920105703802671	0.96587978316958023
p274	xtts	2	cosy	3	B	ecapa	exp210/clones/cosy__from_xtts__seedB/p274_t3.wav	0.57633908270318135	0.48731245212532415
p274	xtts	2	cosy	3	B	wavlmsv	exp210/clones/cosy__from_xtts__seedB/p274_t3.wav	0.94910237880541515	0.93877882505278265
p274	xtts	3	cosy	0	A	ecapa	exp210/clones/cosy__from_xtts__seedA/p274_t0.wav	0.57021830376369209	0.51040491887173634
p274	xtts	3	cosy	0	A	wavlmsv	exp210/clones/cosy__from_xtts__seedA/p274_t0.wav	0.95343693091248483	0.95350921957954793
p274	xtts	3	cosy	0	B	ecapa	exp210/clones/cosy__from_xtts__seedB/p274_t0.wav	0.52788834402114526	0.43838796202065822
p274	xtts	3	cosy	0	B	wavlmsv	exp210/clones/cosy__from_xtts__seedB/p274_t0.wav	0.95182241966638836	0.93083402140599536
p274	cosy	0	seedvc	1	A	ecapa	exp210/clones/seedvc__from_cosy__seedA/p274_t1.wav	0.60919842973035176	0.51893122268976266
p274	cosy	0	seedvc	1	A	wavlmsv	exp210/clones/seedvc__from_cosy__seedA/p274_t1.wav	0.80650500588200269	0.7498031509540829
p274	cosy	0	seedvc	1	B	ecapa	exp210/clones/seedvc__from_cosy__seedB/p274_t1.wav	0.53399484638196859	0.41151167973250763
p274	cosy	0	seedvc	1	B	wavlmsv	exp210/clones/seedvc__from_cosy__seedB/p274_t1.wav	0.74485410400295737	0.77567076406939339
p274	cosy	1	seedvc	2	A	ecapa	exp210/clones/seedvc__from_cosy__seedA/p274_t2.wav	0.57721456581357244	0.45210002164920693
p274	cosy	1	seedvc	2	A	wavlmsv	exp210/clones/seedvc__from_cosy__seedA/p274_t2.wav	0.79852571483711066	0.74369760164470944
p274	cosy	1	seedvc	2	B	ecapa	exp210/clones/seedvc__from_cosy__seedB/p274_t2.wav	0.5601126687706649	0.45113866570742428
p274	cosy	1	seedvc	2	B	wavlmsv	exp210/clones/seedvc__from_cosy__seedB/p274_t2.wav	0.64911127780288047	0.70503091122817163
p274	cosy	2	seedvc	3	A	ecapa	exp210/clones/seedvc__from_cosy__seedA/p274_t3.wav	0.54995632361388092	0.46054043258703203
p274	cosy	2	seedvc	3	A	wavlmsv	exp210/clones/seedvc__from_cosy__seedA/p274_t3.wav	0.8015101641700455	0.73795722505593109
p274	cosy	2	seedvc	3	B	ecapa	exp210/clones/seedvc__from_cosy__seedB/p274_t3.wav	0.52019011962428663	0.41963649210652054
p274	cosy	2	seedvc	3	B	wavlmsv	exp210/clones/seedvc__from_cosy__seedB/p274_t3.wav	0.71527539628050274	0.74516861942117296
p274	cosy	3	seedvc	0	A	ecapa	exp210/clones/seedvc__from_cosy__seedA/p274_t0.wav	0.58465396113704626	0.56595265588574051
p274	cosy	3	seedvc	0	A	wavlmsv	exp210/clones/seedvc__from_cosy__seedA/p274_t0.wav	0.84754646172829018	0.79134957592678412
p274	cosy	3	seedvc	0	B	ecapa	exp210/clones/seedvc__from_cosy__seedB/p274_t0.wav	0.65556305540639048	0.47934513626889835
p274	cosy	3	seedvc	0	B	wavlmsv	exp210/clones/seedvc__from_cosy__seedB/p274_t0.wav	0.79055930944038544	0.8240283019519955
p274	seedvc	0	f5	1	A	ecapa	exp210/clones/f5__from_seedvc__seedA/p274_t1.wav	0.59189519192302242	0.47439329653937534
p274	seedvc	0	f5	1	A	wavlmsv	exp210/clones/f5__from_seedvc__seedA/p274_t1.wav	0.78547689267774823	0.71322820421443855
p274	seedvc	0	f5	1	B	ecapa	exp210/clones/f5__from_seedvc__seedB/p274_t1.wav	0.5744831443010896	0.41761781699447675
p274	seedvc	0	f5	1	B	wavlmsv	exp210/clones/f5__from_seedvc__seedB/p274_t1.wav	0.73264918969825832	0.76356366034219125
p274	seedvc	1	f5	2	A	ecapa	exp210/clones/f5__from_seedvc__seedA/p274_t2.wav	0.61390470690247367	0.46850777712007385
p274	seedvc	1	f5	2	A	wavlmsv	exp210/clones/f5__from_seedvc__seedA/p274_t2.wav	0.79165133803449139	0.73497536290757992
p274	seedvc	1	f5	2	B	ecapa	exp210/clones/f5__from_seedvc__seedB/p274_t2.wav	0.53702629772488431	0.49020060788811604
p274	seedvc	1	f5	2	B	wavlmsv	exp210/clones/f5__from_seedvc__seedB/p274_t2.wav	0.75191736819401989	0.77230840037146953
p274	seedvc	2	f5	3	A	ecapa	exp210/clones/f5__from_seedvc__seedA/p274_t3.wav	0.56195858608677041	0.39594388379776119
p274	seedvc	2	f5	3	A	wavlmsv	exp210/clones/f5__from_seedvc__seedA/p274_t3.wav	0.73916190381861879	0.68677697173970753
p274	seedvc	2	f5	3	B	ecapa	exp210/clones/f5__from_seedvc__seedB/p274_t3.wav	0.42383341919757056	0.37649239712074056
p274	seedvc	2	f5	3	B	wavlmsv	exp210/clones/f5__from_seedvc__seedB/p274_t3.wav	0.65771400806220437	0.69885585198911926
p274	seedvc	3	f5	0	A	ecapa	exp210/clones/f5__from_seedvc__seedA/p274_t0.wav	0.57218100469476119	0.44914191621997651
p274	seedvc	3	f5	0	A	wavlmsv	exp210/clones/f5__from_seedvc__seedA/p274_t0.wav	0.77882576186841757	0.71615213618783813
p274	seedvc	3	f5	0	B	ecapa	exp210/clones/f5__from_seedvc__seedB/p274_t0.wav	0.46259322596040958	0.369731096557394
p274	seedvc	3	f5	0	B	wavlmsv	exp210/clones/f5__from_seedvc__seedB/p274_t0.wav	0.64690624144762787	0.70482134890816639
p275	f5	0	xtts	1	A	ecapa	exp210/clones/xtts__from_f5__seedA/p275_t1.wav	0.56102156776313516	0.52076132947904963
p275	f5	0	xtts	1	A	wavlmsv	exp210/clones/xtts__from_f5__seedA/p275_t1.wav	0.94959049215279223	0.94168303383850294
p275	f5	0	xtts	1	B	ecapa	exp210/clones/xtts__from_f5__seedB/p275_t1.wav	0.70461347737089874	0.57120073934471149
p275	f5	0	xtts	1	B	wavlmsv	exp210/clones/xtts__from_f5__seedB/p275_t1.wav	0.96576172662278514	0.96973053755311112
p275	f5	1	xtts	2	A	ecapa	exp210/clones/xtts__from_f5__seedA/p275_t2.wav	0.58384323847957431	0.55012810335330697
p275	f5	1	xtts	2	A	wavlmsv	exp210/clones/xtts__from_f5__seedA/p275_t2.wav	0.9424667834296796	0.94590417555092898
p275	f5	1	xtts	2	B	ecapa	exp210/clones/xtts__from_f5__seedB/p275_t2.wav	0.71621956229900152	0.58965348527855133
p275	f5	1	xtts	2	B	wavlmsv	exp210/clones/xtts__from_f5__seedB/p275_t2.wav	0.94994216634881001	0.93116139077780669
p275	f5	2	xtts	3	A	ecapa	exp210/clones/xtts__from_f5__seedA/p275_t3.wav	0.59196714820092167	0.63875405265650764
p275	f5	2	xtts	3	A	wavlmsv	exp210/clones/xtts__from_f5__seedA/p275_t3.wav	0.94251002830657149	0.94408571591723711
p275	f5	2	xtts	3	B	ecapa	exp210/clones/xtts__from_f5__seedB/p275_t3.wav	0.60444381470610908	0.51664958908448189
p275	f5	2	xtts	3	B	wavlmsv	exp210/clones/xtts__from_f5__seedB/p275_t3.wav	0.96147084715056252	0.96521616651083297
p275	f5	3	xtts	0	A	ecapa	exp210/clones/xtts__from_f5__seedA/p275_t0.wav	0.65645027416015644	0.60525087873535399
p275	f5	3	xtts	0	A	wavlmsv	exp210/clones/xtts__from_f5__seedA/p275_t0.wav	0.9213709670777942	0.94417511956232958
p275	f5	3	xtts	0	B	ecapa	exp210/clones/xtts__from_f5__seedB/p275_t0.wav	0.50776948606722794	0.51622462438517092
p275	f5	3	xtts	0	B	wavlmsv	exp210/clones/xtts__from_f5__seedB/p275_t0.wav	0.914467269137758	0.89432450249895323
p275	xtts	0	cosy	1	A	ecapa	exp210/clones/cosy__from_xtts__seedA/p275_t1.wav	0.4860836427475867	0.44096442439332584
p275	xtts	0	cosy	1	A	wavlmsv	exp210/clones/cosy__from_xtts__seedA/p275_t1.wav	0.86697709995510119	0.86550784857091567
p275	xtts	0	cosy	1	B	ecapa	exp210/clones/cosy__from_xtts__seedB/p275_t1.wav	0.43415787795684641	0.39291164155284447
p275	xtts	0	cosy	1	B	wavlmsv	exp210/clones/cosy__from_xtts__seedB/p275_t1.wav	0.79566890120054945	0.79971188834244955
p275	xtts	1	cosy	2	A	ecapa	exp210/clones/cosy__from_xtts__seedA/p275_t2.wav	0.449780749884648	0.44982074917998949
p275	xtts	1	cosy	2	A	wavlmsv	exp210/clones/cosy__from_xtts__seedA/p275_t2.wav	0.87580654067804153	0.87193353272468088
p275	xtts	1	cosy	2	B	ecapa	exp210/clones/cosy__from_xtts__seedB/p275_t2.wav	0.3960193228897132	0.3387883726995452
p275	xtts	1	cosy	2	B	wavlmsv	exp210/clones/cosy__from_xtts__seedB/p275_t2.wav	0.82694784579909963	0.83845039837974555
p275	xtts	2	cosy	3	A	ecapa	exp210/clones/cosy__from_xtts__seedA/p275_t3.wav	0.45610920927200232	0.55443620362282353
p275	xtts	2	cosy	3	A	wavlmsv	exp210/clones/cosy__from_xtts__seedA/p275_t3.wav	0.90876986727824716	0.90249331036778446
p275	xtts	2	cosy	3	B	ecapa	exp210/clones/cosy__from_xtts__seedB/p275_t3.wav	0.4423595873606776	0.34226443247841176
p275	xtts	2	cosy	3	B	wavlmsv	exp210/clones/cosy__from_xtts__seedB/p275_t3.wav	0.88534583226219654	0.87350016421851528
p275	xtts	3	cosy	0	A	ecapa	exp210/clones/cosy__from_xtts__seedA/p275_t0.wav	0.48452365007044296	0.48262351609465831
p275	xtts	3	cosy	0	A	wavlmsv	exp210/clones/cosy__from_xtts__seedA/p275_t0.wav	0.83470501101125005	0.84273160646278145
p275	xtts	3	cosy	0	B	ecapa	exp210/clones/cosy__from_xtts__seedB/p275_t0.wav	0.5039257642576167	0.38897855809549725
p275	xtts	3	cosy	0	B	wavlmsv	exp210/clones/cosy__from_xtts__seedB/p275_t0.wav	0.90359776200775721	0.88101061535852521
p275	cosy	0	seedvc	1	A	ecapa	exp210/clones/seedvc__from_cosy__seedA/p275_t1.wav	0.5498086409392503	0.51953717814152167
p275	cosy	0	seedvc	1	A	wavlmsv	exp210/clones/seedvc__from_cosy__seedA/p275_t1.wav	0.86759498735007901	0.85139005515103783
p275	cosy	0	seedvc	1	B	ecapa	exp210/clones/seedvc__from_cosy__seedB/p275_t1.wav	0.56763702061711729	0.46182109583020164
p275	cosy	0	seedvc	1	B	wavlmsv	exp210/clones/seedvc__from_cosy__seedB/p275_t1.wav	0.89129509644441196	0.88435250952281086
p275	cosy	1	seedvc	2	A	ecapa	exp210/clones/seedvc__from_cosy__seedA/p275_t2.wav	0.54164163937687215	0.48617330312291429
p275	cosy	1	seedvc	2	A	wavlmsv	exp210/clones/seedvc__from_cosy__seedA/p275_t2.wav	0.84847299822790156	0.81174035038088932
p275	cosy	1	seedvc	2	B	ecapa	exp210/clones/seedvc__from_cosy__seedB/p275_t2.wav	0.57377353899846573	0.44160263344780026
p275	cosy	1	seedvc	2	B	wavlmsv	exp210/clones/seedvc__from_cosy__seedB/p275_t2.wav	0.84395574743141177	0.84687562733720567
p275	cosy	2	seedvc	3	A	ecapa	exp210/clones/seedvc__from_cosy__seedA/p275_t3.wav	0.54540825402366111	0.5328415417857878
p275	cosy	2	seedvc	3	A	wavlmsv	exp210/clones/seedvc__from_cosy__seedA/p275_t3.wav	0.85611415069317331	0.83231959654139165
p275	cosy	2	seedvc	3	B	ecapa	exp210/clones/seedvc__from_cosy__seedB/p275_t3.wav	0.58932218726637209	0.5044200296009218
p275	cosy	2	seedvc	3	B	wavlmsv	exp210/clones/seedvc__from_cosy__seedB/p275_t3.wav	0.88332086193401271	0.89140541301999832
p275	cosy	3	seedvc	0	A	ecapa	exp210/clones/seedvc__from_cosy__seedA/p275_t0.wav	0.56921524258352063	0.54155784173355426
p275	cosy	3	seedvc	0	A	wavlmsv	exp210/clones/seedvc__from_cosy__seedA/p275_t0.wav	0.96153956670834484	0.95573316784408036
p275	cosy	3	seedvc	0	B	ecapa	exp210/clones/seedvc__from_cosy__seedB/p275_t0.wav	0.51416491454931457	0.4529556334808576
p275	cosy	3	seedvc	0	B	wavlmsv	exp210/clones/seedvc__from_cosy__seedB/p275_t0.wav	0.93025127192686008	0.93720451521802306
p275	seedvc	0	f5	1	A	ecapa	exp210/clones/f5__from_seedvc__seedA/p275_t1.wav	0.47171687141278845	0.45830030809466626
p275	seedvc	0	f5	1	A	wavlmsv	exp210/clones/f5__from_seedvc__seedA/p275_t1.wav	0.8519730291678933	0.85277431586021901
p275	seedvc	0	f5	1	B	ecapa	exp210/clones/f5__from_seedvc__seedB/p275_t1.wav	0.56030026521906473	0.42110978082485828
p275	seedvc	0	f5	1	B	wavlmsv	exp210/clones/f5__from_seedvc__seedB/p275_t1.wav	0.87595400522250355	0.858296294063706
p275	seedvc	1	f5	2	A	ecapa	exp210/clones/f5__from_seedvc__seedA/p275_t2.wav	0.48403556667200476	0.49992356699800533
p275	seedvc	1	f5	2	A	wavlmsv	exp210/clones/f5__from_seedvc__seedA/p275_t2.wav	0.86792765206801026	0.8630697802584576
p275	seedvc	1	f5	2	B	ecapa	exp210/clones/f5__from_seedvc__seedB/p275_t2.wav	0.51727918330061451	0.36189490220997667
p275	seedvc	1	f5	2	B	wavlmsv	exp210/clones/f5__from_seedvc__seedB/p275_t2.wav	0.90163704811341772	0.90201724031583685
p275	seedvc	2	f5	3	A	ecapa	exp210/clones/f5__from_seedvc__seedA/p275_t3.wav	0.54958598365620859	0.48436123046326313
p275	seedvc	2	f5	3	A	wavlmsv	exp210/clones/f5__from_seedvc__seedA/p275_t3.wav	0.87419250872739651	0.84737670331392256
p275	seedvc	2	f5	3	B	ecapa	exp210/clones/f5__from_seedvc__seedB/p275_t3.wav	0.50653625858177365	0.43939054722449228
p275	seedvc	2	f5	3	B	wavlmsv	exp210/clones/f5__from_seedvc__seedB/p275_t3.wav	0.86920949506718381	0.87286388833482498
p275	seedvc	3	f5	0	A	ecapa	exp210/clones/f5__from_seedvc__seedA/p275_t0.wav	0.55839303393526407	0.50682652787620797
p275	seedvc	3	f5	0	A	wavlmsv	exp210/clones/f5__from_seedvc__seedA/p275_t0.wav	0.84356613419552517	0.84450390984675094
p275	seedvc	3	f5	0	B	ecapa	exp210/clones/f5__from_seedvc__seedB/p275_t0.wav	0.54376930285432312	0.46210413266320216
p275	seedvc	3	f5	0	B	wavlmsv	exp210/clones/f5__from_seedvc__seedB/p275_t0.wav	0.83349505879458419	0.81218982979930476
p276	f5	0	xtts	1	A	ecapa	exp210/clones/xtts__from_f5__seedA/p276_t1.wav	0.5253487300791424	0.55806207011379205
p276	f5	0	xtts	1	A	wavlmsv	exp210/clones/xtts__from_f5__seedA/p276_t1.wav	0.85337992989291256	0.84726440960112459
p276	f5	0	xtts	1	B	ecapa	exp210/clones/xtts__from_f5__seedB/p276_t1.wav	0.51278451846885886	0.43841337441491285
p276	f5	0	xtts	1	B	wavlmsv	exp210/clones/xtts__from_f5__seedB/p276_t1.wav	0.8826120960319781	0.88648573526973218
p276	f5	1	xtts	2	A	ecapa	exp210/clones/xtts__from_f5__seedA/p276_t2.wav	0.50191800848836343	0.52470216781257883
p276	f5	1	xtts	2	A	wavlmsv	exp210/clones/xtts__from_f5__seedA/p276_t2.wav	0.91591722315785162	0.90868370404601595
p276	f5	1	xtts	2	B	ecapa	exp210/clones/xtts__from_f5__seedB/p276_t2.wav	0.61458379260306495	0.56986471530099525
p276	f5	1	xtts	2	B	wavlmsv	exp210/clones/xtts__from_f5__seedB/p276_t2.wav	0.97570655422196373	0.97934018703591696
p276	f5	2	xtts	3	A	ecapa	exp210/clones/xtts__from_f5__seedA/p276_t3.wav	0.49093862906318253	0.50495149941429229
p276	f5	2	xtts	3	A	wavlmsv	exp210/clones/xtts__from_f5__seedA/p276_t3.wav	0.85518969207694873	0.84843281972442941
p276	f5	2	xtts	3	B	ecapa	exp210/clones/xtts__from_f5__seedB/p276_t3.wav	0.48602929289535679	0.41915258597384525
p276	f5	2	xtts	3	B	wavlmsv	exp210/clones/xtts__from_f5__seedB/p276_t3.wav	0.87008916903922717	0.88006243027476194
p276	f5	3	xtts	0	A	ecapa	exp210/clones/xtts__from_f5__seedA/p276_t0.wav	0.44008493441807817	0.49354153465863915
p276	f5	3	xtts	0	A	wavlmsv	exp210/clones/xtts__from_f5__seedA/p276_t0.wav	0.86868449567324812	0.862449232146696
p276	f5	3	xtts	0	B	ecapa	exp210/clones/xtts__from_f5__seedB/p276_t0.wav	0.49253995307403386	0.40781612746944068
p276	f5	3	xtts	0	B	wavlmsv	exp210/clones/xtts__from_f5__seedB/p276_t0.wav	0.87836607929203514	0.88291436724253836
p276	xtts	0	cosy	1	A	ecapa	exp210/clones/cosy__from_xtts__seedA/p276_t1.wav	0.70194285903528519	0.64309754965133403
p276	xtts	0	cosy	1	A	wavlmsv	exp210/clones/cosy__from_xtts__seedA/p276_t1.wav	0.98013813042905251	0.95769250111637017
p276	xtts	0	cosy	1	B	ecapa	exp210/clones/cosy__from_xtts__seedB/p276_t1.wav	0.62739407717402618	0.68129782111954307
p276	xtts	0	cosy	1	B	wavlmsv	exp210/clones/cosy__from_xtts__seedB/p276_t1.wav	0.94506037022524148	0.96896079444701355
p276	xtts	1	cosy	2	A	ecapa	exp210/clones/cosy__from_xtts__seedA/p276_t2.wav	0.64593967811334796	0.60193869870564942
p276	xtts	1	cosy	2	A	wavlmsv	exp210/clones/cosy__from_xtts__seedA/p276_t2.wav	0.98110463817533855	0.95839632203459857
p276	xtts	1	cosy	2	B	ecapa	exp210/clones/cosy__from_xtts__seedB/p276_t2.wav	0.62385053674891855	0.61224717606135304
p276	xtts	1	cosy	2	B	wavlmsv	exp210/clones/cosy__from_xtts__seedB/p276_t2.wav	0.95095064693550291	0.97511492941681155
p276	xtts	2	cosy	3	A	ecapa	exp210/clones/cosy__from_xtts__seedA/p276_t3.wav	0.68607349830648601	0.69862209695047317
p276	xtts	2	cosy	3	A	wavlmsv	exp210/clones/cosy__from_xtts__seedA/p276_t3.wav	0.98520687411413355	0.97764281025014121
p276	xtts	2	cosy	3	B	ecapa	exp210/clones/cosy__from_xtts__seedB/p276_t3.wav	0.63036144306149378	0.60081912284681815
p276	xtts	2	cosy	3	B	wavlmsv	exp210/clones/cosy__from_xtts__seedB/p276_t3.wav	0.95673658013306151	0.97174574963047045
p276	xtts	3	cosy	0	A	ecapa	exp210/clones/cosy__from_xtts__seedA/p276_t0.wav	0.68976927096129903	0.67651073575358234
p276	xtts	3	cosy	0	A	wavlmsv	exp210/clones/cosy__from_xtts__seedA/p276_t0.wav	0.9810088020737795	0.9612554363660325
p276	xtts	3	cosy	0	B	ecapa	exp210/clones/cosy__from_xtts__seedB/p276_t0.wav	0.58238077540523092	0.57715923843955463
p276	xtts	3	cosy	0	B	wavlmsv	exp210/clones/cosy__from_xtts__seedB/p276_t0.wav	0.94682092478371849	0.97011125839470547
p276	cosy	0	seedvc	1	A	ecapa	exp210/clones/seedvc__from_cosy__seedA/p276_t1.wav	0.66406910254704077	0.61836751595963579
p276	cosy	0	seedvc	1	A	wavlmsv	exp210/clones/seedvc__from_cosy__seedA/p276_t1.wav	0.85178235588002038	0.84503800275686036
p276	cosy	0	seedvc	1	B	ecapa	exp210/clones/seedvc__from_cosy__seedB/p276_t1.wav	0.58780487201194997	0.56356256461996157
p276	cosy	0	seedvc	1	B	wavlmsv	exp210/clones/seedvc__from_cosy__seedB/p276_t1.wav	0.82601084127254354	0.83592680225296112
p276	cosy	1	seedvc	2	A	ecapa	exp210/clones/seedvc__from_cosy__seedA/p276_t2.wav	0.67476001231543392	0.64178134086140615
p276	cosy	1	seedvc	2	A	wavlmsv	exp210/clones/seedvc__from_cosy__seedA/p276_t2.wav	0.81664819404875666	0.80428777443018451
p276	cosy	1	seedvc	2	B	ecapa	exp210/clones/seedvc__from_cosy__seedB/p276_t2.wav	0.64942341898739642	0.62465387118522586
p276	cosy	1	seedvc	2	B	wavlmsv	exp210/clones/seedvc__from_cosy__seedB/p276_t2.wav	0.84267772093410287	0.84697244480145883
p276	cosy	2	seedvc	3	A	ecapa	exp210/clones/seedvc__from_cosy__seedA/p276_t3.wav	0.60798018984115976	0.5758355668596824
p276	cosy	2	seedvc	3	A	wavlmsv	exp210/clones/seedvc__from_cosy__seedA/p276_t3.wav	0.85030488056336084	0.83656145870630738
p276	cosy	2	seedvc	3	B	ecapa	exp210/clones/seedvc__from_cosy__seedB/p276_t3.wav	0.64926190455252875	0.63755298669462834
p276	cosy	2	seedvc	3	B	wavlmsv	exp210/clones/seedvc__from_cosy__seedB/p276_t3.wav	0.83744797273575067	0.84781526708954613
p276	cosy	3	seedvc	0	A	ecapa	exp210/clones/seedvc__from_cosy__seedA/p276_t0.wav	0.67725736422642524	0.59907676690256606
p276	cosy	3	seedvc	0	A	wavlmsv	exp210/clones/seedvc__from_cosy__seedA/p276_t0.wav	0.85478429900502295	0.86074801773174414
p276	cosy	3	seedvc	0	B	ecapa	exp210/clones/seedvc__from_cosy__seedB/p276_t0.wav	0.68369961767788912	0.68846700766468183
p276	cosy	3	seedvc	0	B	wavlmsv	exp210/clones/seedvc__from_cosy__seedB/p276_t0.wav	0.90318456954781601	0.90185537680916217
p276	seedvc	0	f5	1	A	ecapa	exp210/clones/f5__from_seedvc__seedA/p276_t1.wav	0.61723555637318461	0.61920777157965112
p276	seedvc	0	f5	1	A	wavlmsv	exp210/clones/f5__from_seedvc__seedA/p276_t1.wav	0.84160507027605702	0.84618925595995975
p276	seedvc	0	f5	1	B	ecapa	exp210/clones/f5__from_seedvc__seedB/p276_t1.wav	0.64099195606878712	0.58965442203727214
p276	seedvc	0	f5	1	B	wavlmsv	exp210/clones/f5__from_seedvc__seedB/p276_t1.wav	0.8483036057130009	0.84070196779656148
p276	seedvc	1	f5	2	A	ecapa	exp210/clones/f5__from_seedvc__seedA/p276_t2.wav	0.52810481577287127	0.56205253403168576
p276	seedvc	1	f5	2	A	wavlmsv	exp210/clones/f5__from_seedvc__seedA/p276_t2.wav	0.81087507100314649	0.79966041093710394
p276	seedvc	1	f5	2	B	ecapa	exp210/clones/f5__from_seedvc__seedB/p276_t2.wav	0.59739538596161001	0.50780892588534976
p276	seedvc	1	f5	2	B	wavlmsv	exp210/clones/f5__from_seedvc__seedB/p276_t2.wav	0.81633944238236644	0.82122636224608292
p276	seedvc	2	f5	3	A	ecapa	exp210/clones/f5__from_seedvc__seedA/p276_t3.wav	0.53780617012702425	0.50257920176334647
p276	seedvc	2	f5	3	A	wavlmsv	exp210/clones/f5__from_seedvc__seedA/p276_t3.wav	0.79007394673676479	0.78254654798456114
p276	seedvc	2	f5	3	B	ecapa	exp210/clones/f5__from_seedvc__seedB/p276_t3.wav	0.52823721762182307	0.48868753713982904
p276	seedvc	2	f5	3	B	wavlmsv	exp210/clones/f5__from_seedvc__seedB/p276_t3.wav	0.79068129174185797	0.79508545768212702
p276	seedvc	3	f5	0	A	ecapa	exp210/clones/f5__from_seedvc__seedA/p276_t0.wav	0.55294730527528657	0.56849971002000355
p276	seedvc	3	f5	0	A	wavlmsv	exp210/clones/f5__from_seedvc__seedA/p276_t0.wav	0.80385592609311707	0.79839591820622968
p276	seedvc	3	f5	0	B	ecapa	exp210/clones/f5__from_seedvc__seedB/p276_t0.wav	0.58726604607872601	0.53138369420305243
p276	seedvc	3	f5	0	B	wavlmsv	exp210/clones/f5__from_seedvc__seedB/p276_t0.wav	0.81187140220123211	0.81377342841365852
p277	f5	0	xtts	1	A	ecapa	exp210/clones/xtts__from_f5__seedA/p277_t1.wav	0.51238910164453277	0.43484408364971383
p277	f5	0	xtts	1	A	wavlmsv	exp210/clones/xtts__from_f5__seedA/p277_t1.wav	0.8403722310889824	0.88583076880612777
p277	f5	0	xtts	1	B	ecapa	exp210/clones/xtts__from_f5__seedB/p277_t1.wav	0.48829711064457321	0.48864151691330637
p277	f5	0	xtts	1	B	wavlmsv	exp210/clones/xtts__from_f5__seedB/p277_t1.wav	0.91145591234071255	0.80100478879269477
p277	f5	1	xtts	2	A	ecapa	exp210/clones/xtts__from_f5__seedA/p277_t2.wav	0.61906933459841385	0.55802339910748111
p277	f5	1	xtts	2	A	wavlmsv	exp210/clones/xtts__from_f5__seedA/p277_t2.wav	0.94569469439028297	0.93353787049580228
p277	f5	1	xtts	2	B	ecapa	exp210/clones/xtts__from_f5__seedB/p277_t2.wav	0.50028456951100908	0.54428600933219817
p277	f5	1	xtts	2	B	wavlmsv	exp210/clones/xtts__from_f5__seedB/p277_t2.wav	0.93279278801287313	0.80681083264057785
p277	f5	2	xtts	3	A	ecapa	exp210/clones/xtts__from_f5__seedA/p277_t3.wav	0.6618068889110944	0.59359505988364192
p277	f5	2	xtts	3	A	wavlmsv	exp210/clones/xtts__from_f5__seedA/p277_t3.wav	0.9144338997574567	0.93236575531908406
p277	f5	2	xtts	3	B	ecapa	exp210/clones/xtts__from_f5__seedB/p277_t3.wav	0.56540179139015445	0.58011576654308905
p277	f5	2	xtts	3	B	wavlmsv	exp210/clones/xtts__from_f5__seedB/p277_t3.wav	0.94787569399249105	0.8218476932664639
p277	f5	3	xtts	0	A	ecapa	exp210/clones/xtts__from_f5__seedA/p277_t0.wav	0.44688608527581514	0.37698579590274378
p277	f5	3	xtts	0	A	wavlmsv	exp210/clones/xtts__from_f5__seedA/p277_t0.wav	0.75924980513014095	0.86686134741805165
p277	f5	3	xtts	0	B	ecapa	exp210/clones/xtts__from_f5__seedB/p277_t0.wav	0.428497981702331	0.47197340378362052
p277	f5	3	xtts	0	B	wavlmsv	exp210/clones/xtts__from_f5__seedB/p277_t0.wav	0.91243504818902843	0.78535541516076779
p277	xtts	0	cosy	1	A	ecapa	exp210/clones/cosy__from_xtts__seedA/p277_t1.wav	0.68059490419859481	0.582589750122946
p277	xtts	0	cosy	1	A	wavlmsv	exp210/clones/cosy__from_xtts__seedA/p277_t1.wav	0.83745555593067278	0.926262241874096
p277	xtts	0	cosy	1	B	ecapa	exp210/clones/cosy__from_xtts__seedB/p277_t1.wav	0.58222200464496876	0.60603337358927156
p277	xtts	0	cosy	1	B	wavlmsv	exp210/clones/cosy__from_xtts__seedB/p277_t1.wav	0.91425148211354057	0.77309987976175132
p277	xtts	1	cosy	2	A	ecapa	exp210/clones/cosy__from_xtts__seedA/p277_t2.wav	0.69665937623130691	0.60565049085885803
p277	xtts	1	cosy	2	A	wavlmsv	exp210/clones/cosy__from_xtts__seedA/p277_t2.wav	0.93684185913760099	0.93654072857653237
p277	xtts	1	cosy	2	B	ecapa	exp210/clones/cosy__from_xtts__seedB/p277_t2.wav	0.49631480529954092	0.538772231032841
p277	xtts	1	cosy	2	B	wavlmsv	exp210/clones/cosy__from_xtts__seedB/p277_t2.wav	0.91795560378767849	0.78905419017247258
p277	xtts	2	cosy	3	A	ecapa	exp210/clones/cosy__from_xtts__seedA/p277_t3.wav	0.68530995342638379	0.5574225237263839
p277	xtts	2	cosy	3	A	wavlmsv	exp210/clones/cosy__from_xtts__seedA/p277_t3.wav	0.92533444057764669	0.94138746115745087
p277	xtts	2	cosy	3	B	ecapa	exp210/clones/cosy__from_xtts__seedB/p277_t3.wav	0.65501052227724288	0.64775859829553939
p277	xtts	2	cosy	3	B	wavlmsv	exp210/clones/cosy__from_xtts__seedB/p277_t3.wav	0.94005896539061595	0.87174955343537941
p277	xtts	3	cosy	0	A	ecapa	exp210/clones/cosy__from_xtts__seedA/p277_t0.wav	0.6745505457901515	0.60014707760332853
p277	xtts	3	cosy	0	A	wavlmsv	exp210/clones/cosy__from_xtts__seedA/p277_t0.wav	0.93296160264290695	0.94993435312363039
p277	xtts	3	cosy	0	B	ecapa	exp210/clones/cosy__from_xtts__seedB/p277_t0.wav	0.55072531519338974	0.55115869334214806
p277	xtts	3	cosy	0	B	wavlmsv	exp210/clones/cosy__from_xtts__seedB/p277_t0.wav	0.94545494238783634	0.80988202919684382
p277	cosy	0	seedvc	1	A	ecapa	exp210/clones/seedvc__from_cosy__seedA/p277_t1.wav	0.64988928139204727	0.54404973302834159
p277	cosy	0	seedvc	1	A	wavlmsv	exp210/clones/seedvc__from_cosy__seedA/p277_t1.wav	0.79252843577500931	0.87198724055508414
p277	cosy	0	seedvc	1	B	ecapa	exp210/clones/seedvc__from_cosy__seedB/p277_t1.wav	0.6640923506966312	0.643491575614486
p277	cosy	0	seedvc	1	B	wavlmsv	exp210/clones/seedvc__from_cosy__seedB/p277_t1.wav	0.88092430040030656	0.77284949131903291
p277	cosy	1	seedvc	2	A	ecapa	exp210/clones/seedvc__from_cosy__seedA/p277_t2.wav	0.65736865406687728	0.59436041185236621
p277	cosy	1	seedvc	2	A	wavlmsv	exp210/clones/seedvc__from_cosy__seedA/p277_t2.wav	0.74076945243004033	0.87119743657756465
p277	cosy	1	seedvc	2	B	ecapa	exp210/clones/seedvc__from_cosy__seedB/p277_t2.wav	0.63755604851775827	0.66613739328100741
p277	cosy	1	seedvc	2	B	wavlmsv	exp210/clones/seedvc__from_cosy__seedB/p277_t2.wav	0.89260241045340005	0.73542365042677948
p277	cosy	2	seedvc	3	A	ecapa	exp210/clones/seedvc__from_cosy__seedA/p277_t3.wav	0.69237980288905965	0.58322775272049709
p277	cosy	2	seedvc	3	A	wavlmsv	exp210/clones/seedvc__from_cosy__seedA/p277_t3.wav	0.78283720417470881	0.87931884045214104
p277	cosy	2	seedvc	3	B	ecapa	exp210/clones/seedvc__from_cosy__seedB/p277_t3.wav	0.64258036675144459	0.63585488205647855
p277	cosy	2	seedvc	3	B	wavlmsv	exp210/clones/seedvc__from_cosy__seedB/p277_t3.wav	0.86520991275834813	0.74451320765672335
p277	cosy	3	seedvc	0	A	ecapa	exp210/clones/seedvc__from_cosy__seedA/p277_t0.wav	0.65197606098907457	0.51874301185841554
p277	cosy	3	seedvc	0	A	wavlmsv	exp210/clones/seedvc__from_cosy__seedA/p277_t0.wav	0.78921321768080088	0.90036331669529779
p277	cosy	3	seedvc	0	B	ecapa	exp210/clones/seedvc__from_cosy__seedB/p277_t0.wav	0.58375293268985662	0.59189572405023061
p277	cosy	3	seedvc	0	B	wavlmsv	exp210/clones/seedvc__from_cosy__seedB/p277_t0.wav	0.90181380763024732	0.78208590943224654
p277	seedvc	0	f5	1	A	ecapa	exp210/clones/f5__from_seedvc__seedA/p277_t1.wav	0.57730461748955997	0.44531811406709754
p277	seedvc	0	f5	1	A	wavlmsv	exp210/clones/f5__from_seedvc__seedA/p277_t1.wav	0.7562168459754095	0.88882413279000483
p277	seedvc	0	f5	1	B	ecapa	exp210/clones/f5__from_seedvc__seedB/p277_t1.wav	0.55255077775211825	0.58938410007343889
p277	seedvc	0	f5	1	B	wavlmsv	exp210/clones/f5__from_seedvc__seedB/p277_t1.wav	0.87268443468258128	0.72950683114033144
p277	seedvc	1	f5	2	A	ecapa	exp210/clones/f5__from_seedvc__seedA/p277_t2.wav	0.64429380008060022	0.54712917615502188
p277	seedvc	1	f5	2	A	wavlmsv	exp210/clones/f5__from_seedvc__seedA/p277_t2.wav	0.75485317479890057	0.88181184341259877
p277	seedvc	1	f5	2	B	ecapa	exp210/clones/f5__from_seedvc__seedB/p277_t2.wav	0.6481594585633319	0.65043096586514426
p277	seedvc	1	f5	2	B	wavlmsv	exp210/clones/f5__from_seedvc__seedB/p277_t2.wav	0.86326984264885875	0.70772614030471481
p277	seedvc	2	f5	3	A	ecapa	exp210/clones/f5__from_seedvc__seedA/p277_t3.wav	0.55489127843556307	0.44073454281884994
p277	seedvc	2	f5	3	A	wavlmsv	exp210/clones/f5__from_seedvc__seedA/p277_t3.wav	0.71321266895492308	0.84640346063316252
p277	seedvc	2	f5	3	B	ecapa	exp210/clones/f5__from_seedvc__seedB/p277_t3.wav	0.52200057486140095	0.53826940170307602
p277	seedvc	2	f5	3	B	wavlmsv	exp210/clones/f5__from_seedvc__seedB/p277_t3.wav	0.85088313971806695	0.71748594277054556
p277	seedvc	3	f5	0	A	ecapa	exp210/clones/f5__from_seedvc__seedA/p277_t0.wav	0.55814809541374144	0.48478155364399522
p277	seedvc	3	f5	0	A	wavlmsv	exp210/clones/f5__from_seedvc__seedA/p277_t0.wav	0.71551970417856059	0.8357471360897093
p277	seedvc	3	f5	0	B	ecapa	exp210/clones/f5__from_seedvc__seedB/p277_t0.wav	0.53884829943712587	0.54769600369176685
p277	seedvc	3	f5	0	B	wavlmsv	exp210/clones/f5__from_seedvc__seedB/p277_t0.wav	0.83444387712131629	0.6988810903692283
p278	f5	0	xtts	1	A	ecapa	exp210/clones/xtts__from_f5__seedA/p278_t1.wav	0.7232721063764308	0.61537161062358159
p278	f5	0	xtts	1	A	wavlmsv	exp210/clones/xtts__from_f5__seedA/p278_t1.wav	0.96616775187564763	0.93470170862091739
p278	f5	0	xtts	1	B	ecapa	exp210/clones/xtts__from_f5__seedB/p278_t1.wav	0.66657404168551126	0.67444180652005692
p278	f5	0	xtts	1	B	wavlmsv	exp210/clones/xtts__from_f5__seedB/p278_t1.wav	0.91476415554651536	0.9208847605816789
p278	f5	1	xtts	2	A	ecapa	exp210/clones/xtts__from_f5__seedA/p278_t2.wav	0.68380688355036023	0.60827403244169875
p278	f5	1	xtts	2	A	wavlmsv	exp210/clones/xtts__from_f5__seedA/p278_t2.wav	0.95523592152371428	0.90739724363717755
p278	f5	1	xtts	2	B	ecapa	exp210/clones/xtts__from_f5__seedB/p278_t2.wav	0.54662508979548718	0.5549574039119114
p278	f5	1	xtts	2	B	wavlmsv	exp210/clones/xtts__from_f5__seedB/p278_t2.wav	0.8028950537309214	0.7874448042433978
p278	f5	2	xtts	3	A	ecapa	exp210/clones/xtts__from_f5__seedA/p278_t3.wav	0.66769128592137617	0.57376073957678986
p278	f5	2	xtts	3	A	wavlmsv	exp210/clones/xtts__from_f5__seedA/p278_t3.wav	0.95847061757275998	0.90925594596219084
p278	f5	2	xtts	3	B	ecapa	exp210/clones/xtts__from_f5__seedB/p278_t3.wav	0.63396687878534785	0.61983029943366807
p278	f5	2	xtts	3	B	wavlmsv	exp210/clones/xtts__from_f5__seedB/p278_t3.wav	0.94112389826381904	0.97661616527933193
p278	f5	3	xtts	0	A	ecapa	exp210/clones/xtts__from_f5__seedA/p278_t0.wav	0.63381044022526911	0.58087577470780261
p278	f5	3	xtts	0	A	wavlmsv	exp210/clones/xtts__from_f5__seedA/p278_t0.wav	0.9513230580215305	0.9079529628674492
p278	f5	3	xtts	0	B	ecapa	exp210/clones/xtts__from_f5__seedB/p278_t0.wav	0.49035126504086857	0.51074714441779878
p278	f5	3	xtts	0	B	wavlmsv	exp210/clones/xtts__from_f5__seedB/p278_t0.wav	0.7011830695800747	0.70557904894868473
p278	xtts	0	cosy	1	A	ecapa	exp210/clones/cosy__from_xtts__seedA/p278_t1.wav	0.68720536010573074	0.57268526990924218
p278	xtts	0	cosy	1	A	wavlmsv	exp210/clones/cosy__from_xtts__seedA/p278_t1.wav	0.9548406776990761	0.92332461611000882
p278	xtts	0	cosy	1	B	ecapa	exp210/clones/cosy__from_xtts__seedB/p278_t1.wav	0.66408840553611082	0.67454659637436998
p278	xtts	0	cosy	1	B	wavlmsv	exp210/clones/cosy__from_xtts__seedB/p278_t1.wav	0.93432333577676452	0.96080107854190167
p278	xtts	1	cosy	2	A	ecapa	exp210/clones/cosy__from_xtts__seedA/p278_t2.wav	0.73663451880970732	0.60497149303410591
p278	xtts	1	cosy	2	A	wavlmsv	exp210/clones/cosy__from_xtts__seedA/p278_t2.wav	0.94369779618439442	0.91176195033614937
p278	xtts	1	cosy	2	B	ecapa	exp210/clones/cosy__from_xtts__seedB/p278_t2.wav	0.62818110154916185	0.6543340811069378
p278	xtts	1	cosy	2	B	wavlmsv	exp210/clones/cosy__from_xtts__seedB/p278_t2.wav	0.92989167860710853	0.96291151635126937
p278	xtts	2	cosy	3	A	ecapa	exp210/clones/cosy__from_xtts__seedA/p278_t3.wav	0.71072218585568114	0.59360177427942773
p278	xtts	2	cosy	3	A	wavlmsv	exp210/clones/cosy__from_xtts__seedA/p278_t3.wav	0.96440714868409205	0.91647897690447466
p278	xtts	2	cosy	3	B	ecapa	exp210/clones/cosy__from_xtts__seedB/p278_t3.wav	0.61648755578122771	0.64681697246702408
p278	xtts	2	cosy	3	B	wavlmsv	exp210/clones/cosy__from_xtts__seedB/p278_t3.wav	0.90712990313658137	0.95226640078453406
p278	xtts	3	cosy	0	A	ecapa	exp210/clones/cosy__from_xtts__seedA/p278_t0.wav	0.70773740938304663	0.58088146913359995
p278	xtts	3	cosy	0	A	wavlmsv	exp210/clones/cosy__from_xtts__seedA/p278_t0.wav	0.91187831299056743	0.87113261056467606
p278	xtts	3	cosy	0	B	ecapa	exp210/clones/cosy__from_xtts__seedB/p278_t0.wav	0.63403221969171941	0.66493126506353817
p278	xtts	3	cosy	0	B	wavlmsv	exp210/clones/cosy__from_xtts__seedB/p278_t0.wav	0.91742182896418478	0.94911743207805177
p278	cosy	0	seedvc	1	A	ecapa	exp210/clones/seedvc__from_cosy__seedA/p278_t1.wav	0.71694084142924219	0.56155388937885187
p278	cosy	0	seedvc	1	A	wavlmsv	exp210/clones/seedvc__from_cosy__seedA/p278_t1.wav	0.83248615644317181	0.84159092887816311
p278	cosy	0	seedvc	1	B	ecapa	exp210/clones/seedvc__from_cosy__seedB/p278_t1.wav	0.6783398351864891	0.67266946777394465
p278	cosy	0	seedvc	1	B	wavlmsv	exp210/clones/seedvc__from_cosy__seedB/p278_t1.wav	0.88996285595427893	0.8553419344194757
p278	cosy	1	seedvc	2	A	ecapa	exp210/clones/seedvc__from_cosy__seedA/p278_t2.wav	0.62529825797334226	0.51560005821617882
p278	cosy	1	seedvc	2	A	wavlmsv	exp210/clones/seedvc__from_cosy__seedA/p278_t2.wav	0.81185959213861103	0.84334848595713652
p278	cosy	1	seedvc	2	B	ecapa	exp210/clones/seedvc__from_cosy__seedB/p278_t2.wav	0.62050345429209375	0.60577320124239187
p278	cosy	1	seedvc	2	B	wavlmsv	exp210/clones/seedvc__from_cosy__seedB/p278_t2.wav	0.8356382674625813	0.78174333013464947
p278	cosy	2	seedvc	3	A	ecapa	exp210/clones/seedvc__from_cosy__seedA/p278_t3.wav	0.62930081410767791	0.55728353091663929
p278	cosy	2	seedvc	3	A	wavlmsv	exp210/clones/seedvc__from_cosy__seedA/p278_t3.wav	0.7978463919967782	0.85497334073804465
p278	cosy	2	seedvc	3	B	ecapa	exp210/clones/seedvc__from_cosy__seedB/p278_t3.wav	0.6189841029192038	0.57576396004629149
p278	cosy	2	seedvc	3	B	wavlmsv	exp210/clones/seedvc__from_cosy__seedB/p278_t3.wav	0.84452862365577874	0.77058365184552069
p278	cosy	3	seedvc	0	A	ecapa	exp210/clones/seedvc__from_cosy__seedA/p278_t0.wav	0.64326804867812637	0.50900384526609144
p278	cosy	3	seedvc	0	A	wavlmsv	exp210/clones/seedvc__from_cosy__seedA/p278_t0.wav	0.82830808381673826	0.85949918933766167
p278	cosy	3	seedvc	0	B	ecapa	exp210/clones/seedvc__from_cosy__seedB/p278_t0.wav	0.60753857694151892	0.57525824242891221
p278	cosy	3	seedvc	0	B	wavlmsv	exp210/clones/seedvc__from_cosy__seedB/p278_t0.wav	0.8457585191842627	0.79659201343325736
p278	seedvc	0	f5	1	A	ecapa	exp210/clones/f5__from_seedvc__seedA/p278_t1.wav	0.70481365872491974	0.56005716489800039
p278	seedvc	0	f5	1	A	wavlmsv	exp210/clones/f5__from_seedvc__seedA/p278_t1.wav	0.84476935038144929	0.88420000021145995
p278	seedvc	0	f5	1	B	ecapa	exp210/clones/f5__from_seedvc__seedB/p278_t1.wav	0.70647364005511271	0.72290847898396104
p278	seedvc	0	f5	1	B	wavlmsv	exp210/clones/f5__from_seedvc__seedB/p278_t1.wav	0.8944717222931311	0.84088072985024731
p278	seedvc	1	f5	2	A	ecapa	exp210/clones/f5__from_seedvc__seedA/p278_t2.wav	0.66941688937560695	0.52323690225812136
p278	seedvc	1	f5	2	A	wavlmsv	exp210/clones/f5__from_seedvc__seedA/p278_t2.wav	0.83168135346717176	0.86740300708666496
p278	seedvc	1	f5	2	B	ecapa	exp210/clones/f5__from_seedvc__seedB/p278_t2.wav	0.58145183341035278	0.67163608083119197
p278	seedvc	1	f5	2	B	wavlmsv	exp210/clones/f5__from_seedvc__seedB/p278_t2.wav	0.87274415091264912	0.82949731646409519
p278	seedvc	2	f5	3	A	ecapa	exp210/clones/f5__from_seedvc__seedA/p278_t3.wav	0.65166688148537955	0.53794501638402648
p278	seedvc	2	f5	3	A	wavlmsv	exp210/clones/f5__from_seedvc__seedA/p278_t3.wav	0.8118864108194126	0.8629377333920234
p278	seedvc	2	f5	3	B	ecapa	exp210/clones/f5__from_seedvc__seedB/p278_t3.wav	0.5238327952593832	0.52246390807583021
p278	seedvc	2	f5	3	B	wavlmsv	exp210/clones/f5__from_seedvc__seedB/p278_t3.wav	0.85193754885729545	0.79554724422912571
p278	seedvc	3	f5	0	A	ecapa	exp210/clones/f5__from_seedvc__seedA/p278_t0.wav	0.6951614936473588	0.570592977876755
p278	seedvc	3	f5	0	A	wavlmsv	exp210/clones/f5__from_seedvc__seedA/p278_t0.wav	0.79649523088298069	0.85310013130725393
p278	seedvc	3	f5	0	B	ecapa	exp210/clones/f5__from_seedvc__seedB/p278_t0.wav	0.5845859108054462	0.60810796093852648
p278	seedvc	3	f5	0	B	wavlmsv	exp210/clones/f5__from_seedvc__seedB/p278_t0.wav	0.87648405807915553	0.81506312772033751
p279	f5	0	xtts	1	A	ecapa	exp210/clones/xtts__from_f5__seedA/p279_t1.wav	0.57189878811111428	0.57641270354548568
p279	f5	0	xtts	1	A	wavlmsv	exp210/clones/xtts__from_f5__seedA/p279_t1.wav	0.96341172885481297	0.97526477213245844
p279	f5	0	xtts	1	B	ecapa	exp210/clones/xtts__from_f5__seedB/p279_t1.wav	0.54992622389993562	0.48663415834079526
p279	f5	0	xtts	1	B	wavlmsv	exp210/clones/xtts__from_f5__seedB/p279_t1.wav	0.95536387621349883	0.93010473538682614
p279	f5	1	xtts	2	A	ecapa	exp210/clones/xtts__from_f5__seedA/p279_t2.wav	0.54944726758325346	0.57651334926128395
p279	f5	1	xtts	2	A	wavlmsv	exp210/clones/xtts__from_f5__seedA/p279_t2.wav	0.94414547493063294	0.95549432647384736
p279	f5	1	xtts	2	B	ecapa	exp210/clones/xtts__from_f5__seedB/p279_t2.wav	0.60876446279717067	0.55116663124567922
p279	f5	1	xtts	2	B	wavlmsv	exp210/clones/xtts__from_f5__seedB/p279_t2.wav	0.92386709830086255	0.9147283422947412
p279	f5	2	xtts	3	A	ecapa	exp210/clones/xtts__from_f5__seedA/p279_t3.wav	0.49565406959903469	0.49177534619204122
p279	f5	2	xtts	3	A	wavlmsv	exp210/clones/xtts__from_f5__seedA/p279_t3.wav	0.95218800936310677	0.95823463534896736
p279	f5	2	xtts	3	B	ecapa	exp210/clones/xtts__from_f5__seedB/p279_t3.wav	0.48111176002845218	0.45561531782526321
p279	f5	2	xtts	3	B	wavlmsv	exp210/clones/xtts__from_f5__seedB/p279_t3.wav	0.97426731087448526	0.96986024636405332
p279	f5	3	xtts	0	A	ecapa	exp210/clones/xtts__from_f5__seedA/p279_t0.wav	0.52443539325442901	0.55264627809817157
p279	f5	3	xtts	0	A	wavlmsv	exp210/clones/xtts__from_f5__seedA/p279_t0.wav	0.94865836931086123	0.97009666079327961
p279	f5	3	xtts	0	B	ecapa	exp210/clones/xtts__from_f5__seedB/p279_t0.wav	0.46704521367789276	0.38261906080565622
p279	f5	3	xtts	0	B	wavlmsv	exp210/clones/xtts__from_f5__seedB/p279_t0.wav	0.9226866341166885	0.90531832439801962
p279	xtts	0	cosy	1	A	ecapa	exp210/clones/cosy__from_xtts__seedA/p279_t1.wav	0.49948856723164153	0.51462209742904275
p279	xtts	0	cosy	1	A	wavlmsv	exp210/clones/cosy__from_xtts__seedA/p279_t1.wav	0.95248084419122281	0.95063615330444551
p279	xtts	0	cosy	1	B	ecapa	exp210/clones/cosy__from_xtts__seedB/p279_t1.wav	0.58677099545541656	0.51385213390922369
p279	xtts	0	cosy	1	B	wavlmsv	exp210/clones/cosy__from_xtts__seedB/p279_t1.wav	0.95543497949564238	0.94066193867616588
p279	xtts	1	cosy	2	A	ecapa	exp210/clones/cosy__from_xtts__seedA/p279_t2.wav	0.59524547546996343	0.56821548154851143
p279	xtts	1	cosy	2	A	wavlmsv	exp210/clones/cosy__from_xtts__seedA/p279_t2.wav	0.93389795737579318	0.93268726751988384
p279	xtts	1	cosy	2	B	ecapa	exp210/clones/cosy__from_xtts__seedB/p279_t2.wav	0.59851783201263042	0.55426821473513432
p279	xtts	1	cosy	2	B	wavlmsv	exp210/clones/cosy__from_xtts__seedB/p279_t2.wav	0.92663456522056298	0.91012239334684386
p279	xtts	2	cosy	3	A	ecapa	exp210/clones/cosy__from_xtts__seedA/p279_t3.wav	0.49174876488214569	0.54400675909619767
p279	xtts	2	cosy	3	A	wavlmsv	exp210/clones/cosy__from_xtts__seedA/p279_t3.wav	0.96906900934164308	0.97253248524090452
p279	xtts	2	cosy	3	B	ecapa	exp210/clones/cosy__from_xtts__seedB/p279_t3.wav	0.58328883211647709	0.52465252579868882
p279	xtts	2	cosy	3	B	wavlmsv	exp210/clones/cosy__from_xtts__seedB/p279_t3.wav	0.97135301147053998	0.96264845525207643
p279	xtts	3	cosy	0	A	ecapa	exp210/clones/cosy__from_xtts__seedA/p279_t0.wav	0.47915662249322527	0.52585997471493662
p279	xtts	3	cosy	0	A	wavlmsv	exp210/clones/cosy__from_xtts__seedA/p279_t0.wav	0.96983098543478141	0.97242976908573509
p279	xtts	3	cosy	0	B	ecapa	exp210/clones/cosy__from_xtts__seedB/p279_t0.wav	0.51622622704324694	0.46913854750352824
p279	xtts	3	cosy	0	B	wavlmsv	exp210/clones/cosy__from_xtts__seedB/p279_t0.wav	0.95738551240786851	0.93566513698358478
p279	cosy	0	seedvc	1	A	ecapa	exp210/clones/seedvc__from_cosy__seedA/p279_t1.wav	0.44095379390681355	0.49265915863741849
p279	cosy	0	seedvc	1	A	wavlmsv	exp210/clones/seedvc__from_cosy__seedA/p279_t1.wav	0.73298731449481613	0.71926436447372433
p279	cosy	0	seedvc	1	B	ecapa	exp210/clones/seedvc__from_cosy__seedB/p279_t1.wav	0.5324493918918074	0.40941907996868088
p279	cosy	0	seedvc	1	B	wavlmsv	exp210/clones/seedvc__from_cosy__seedB/p279_t1.wav	0.69811656707673198	0.70319833475163773
p279	cosy	1	seedvc	2	A	ecapa	exp210/clones/seedvc__from_cosy__seedA/p279_t2.wav	0.4471628526854895	0.47401260150827462
p279	cosy	1	seedvc	2	A	wavlmsv	exp210/clones/seedvc__from_cosy__seedA/p279_t2.wav	0.6342223882652066	0.63171389720218696
p279	cosy	1	seedvc	2	B	ecapa	exp210/clones/seedvc__from_cosy__seedB/p279_t2.wav	0.48587842078847632	0.44246517158728926
p279	cosy	1	seedvc	2	B	wavlmsv	exp210/clones/seedvc__from_cosy__seedB/p279_t2.wav	0.64612148760555943	0.63235490347877521
p279	cosy	2	seedvc	3	A	ecapa	exp210/clones/seedvc__from_cosy__seedA/p279_t3.wav	0.48001397307131027	0.48866499994635731
p279	cosy	2	seedvc	3	A	wavlmsv	exp210/clones/seedvc__from_cosy__seedA/p279_t3.wav	0.71768321470286178	0.71296138139208465
p279	cosy	2	seedvc	3	B	ecapa	exp210/clones/seedvc__from_cosy__seedB/p279_t3.wav	0.54572768995444032	0.44664175125332178
p279	cosy	2	seedvc	3	B	wavlmsv	exp210/clones/seedvc__from_cosy__seedB/p279_t3.wav	0.68003278189449334	0.68565038719246574
p279	cosy	3	seedvc	0	A	ecapa	exp210/clones/seedvc__from_cosy__seedA/p279_t0.wav	0.37461066894838935	0.37936500304492393
p279	cosy	3	seedvc	0	A	wavlmsv	exp210/clones/seedvc__from_cosy__seedA/p279_t0.wav	0.7860397092710959	0.78192428101964517
p279	cosy	3	seedvc	0	B	ecapa	exp210/clones/seedvc__from_cosy__seedB/p279_t0.wav	0.50714127650904595	0.39492180837982283
p279	cosy	3	seedvc	0	B	wavlmsv	exp210/clones/seedvc__from_cosy__seedB/p279_t0.wav	0.76379555895605966	0.75526609238511977
p279	seedvc	0	f5	1	A	ecapa	exp210/clones/f5__from_seedvc__seedA/p279_t1.wav	0.4028379402530281	0.43608552734152684
p279	seedvc	0	f5	1	A	wavlmsv	exp210/clones/f5__from_seedvc__seedA/p279_t1.wav	0.69703991850536329	0.68594954795739427
p279	seedvc	0	f5	1	B	ecapa	exp210/clones/f5__from_seedvc__seedB/p279_t1.wav	0.49570822517624646	0.37888724236543869
p279	seedvc	0	f5	1	B	wavlmsv	exp210/clones/f5__from_seedvc__seedB/p279_t1.wav	0.6650346928125781	0.67678037161550564
p279	seedvc	1	f5	2	A	ecapa	exp210/clones/f5__from_seedvc__seedA/p279_t2.wav	0.44695683726501018	0.51593466630661711
p279	seedvc	1	f5	2	A	wavlmsv	exp210/clones/f5__from_seedvc__seedA/p279_t2.wav	0.69061870193499275	0.69206046152444123
p279	seedvc	1	f5	2	B	ecapa	exp210/clones/f5__from_seedvc__seedB/p279_t2.wav	0.60203722566005091	0.4326809578318197
p279	seedvc	1	f5	2	B	wavlmsv	exp210/clones/f5__from_seedvc__seedB/p279_t2.wav	0.67292506063451063	0.66927655305813105
p279	seedvc	2	f5	3	A	ecapa	exp210/clones/f5__from_seedvc__seedA/p279_t3.wav	0.39601766586500342	0.46030548003680866
p279	seedvc	2	f5	3	A	wavlmsv	exp210/clones/f5__from_seedvc__seedA/p279_t3.wav	0.65065772203553895	0.65060665083658442
p279	seedvc	2	f5	3	B	ecapa	exp210/clones/f5__from_seedvc__seedB/p279_t3.wav	0.50861763646416824	0.38681068730128698
p279	seedvc	2	f5	3	B	wavlmsv	exp210/clones/f5__from_seedvc__seedB/p279_t3.wav	0.62677479124906821	0.61450702392210321
p279	seedvc	3	f5	0	A	ecapa	exp210/clones/f5__from_seedvc__seedA/p279_t0.wav	0.42591259131324116	0.49229922675459303
p279	seedvc	3	f5	0	A	wavlmsv	exp210/clones/f5__from_seedvc__seedA/p279_t0.wav	0.73717385067592245	0.73858946012194271
p279	seedvc	3	f5	0	B	ecapa	exp210/clones/f5__from_seedvc__seedB/p279_t0.wav	0.58015165655868783	0.43030190080942221
p279	seedvc	3	f5	0	B	wavlmsv	exp210/clones/f5__from_seedvc__seedB/p279_t0.wav	0.67864288590173916	0.66803568451173589
p281	f5	0	xtts	1	A	ecapa	exp210/clones/xtts__from_f5__seedA/p281_t1.wav	0.43027457144648851	0.2545904542869013
p281	f5	0	xtts	1	A	wavlmsv	exp210/clones/xtts__from_f5__seedA/p281_t1.wav	0.80604890193929546	0.79140234652564234
p281	f5	0	xtts	1	B	ecapa	exp210/clones/xtts__from_f5__seedB/p281_t1.wav	0.52361822509995859	0.45492451849069143
p281	f5	0	xtts	1	B	wavlmsv	exp210/clones/xtts__from_f5__seedB/p281_t1.wav	0.84901960927232045	0.8840447149235493
p281	f5	1	xtts	2	A	ecapa	exp210/clones/xtts__from_f5__seedA/p281_t2.wav	0.65107399637343399	0.45681878626753375
p281	f5	1	xtts	2	A	wavlmsv	exp210/clones/xtts__from_f5__seedA/p281_t2.wav	0.86762397031700222	0.84603497630835922
p281	f5	1	xtts	2	B	ecapa	exp210/clones/xtts__from_f5__seedB/p281_t2.wav	0.45609265243240582	0.52133701711179969
p281	f5	1	xtts	2	B	wavlmsv	exp210/clones/xtts__from_f5__seedB/p281_t2.wav	0.9046641286342989	0.92744122186347533
p281	f5	2	xtts	3	A	ecapa	exp210/clones/xtts__from_f5__seedA/p281_t3.wav	0.58196947007039312	0.40664162512500346
p281	f5	2	xtts	3	A	wavlmsv	exp210/clones/xtts__from_f5__seedA/p281_t3.wav	0.89307618188382498	0.82483717641474308
p281	f5	2	xtts	3	B	ecapa	exp210/clones/xtts__from_f5__seedB/p281_t3.wav	0.61721005172264309	0.54894063454639186
p281	f5	2	xtts	3	B	wavlmsv	exp210/clones/xtts__from_f5__seedB/p281_t3.wav	0.9150251964782804	0.90434230615826205
p281	f5	3	xtts	0	A	ecapa	exp210/clones/xtts__from_f5__seedA/p281_t0.wav	0.5081665568869258	0.41976130565886272
p281	f5	3	xtts	0	A	wavlmsv	exp210/clones/xtts__from_f5__seedA/p281_t0.wav	0.84793901408112493	0.82957812736048675
p281	f5	3	xtts	0	B	ecapa	exp210/clones/xtts__from_f5__seedB/p281_t0.wav	0.6222283056067468	0.4996903059054329
p281	f5	3	xtts	0	B	wavlmsv	exp210/clones/xtts__from_f5__seedB/p281_t0.wav	0.93299430450584353	0.84622777632089752
p281	xtts	0	cosy	1	A	ecapa	exp210/clones/cosy__from_xtts__seedA/p281_t1.wav	0.58267212143408531	0.43992944993089156
p281	xtts	0	cosy	1	A	wavlmsv	exp210/clones/cosy__from_xtts__seedA/p281_t1.wav	0.92032221207531506	0.84064140721930691
p281	xtts	0	cosy	1	B	ecapa	exp210/clones/cosy__from_xtts__seedB/p281_t1.wav	0.67957897286174851	0.59645497976189232
p281	xtts	0	cosy	1	B	wavlmsv	exp210/clones/cosy__from_xtts__seedB/p281_t1.wav	0.90755285528204122	0.90330183628478755
p281	xtts	1	cosy	2	A	ecapa	exp210/clones/cosy__from_xtts__seedA/p281_t2.wav	0.58215693101985999	0.46851610203710731
p281	xtts	1	cosy	2	A	wavlmsv	exp210/clones/cosy__from_xtts__seedA/p281_t2.wav	0.90278150311943561	0.81709619134628719
p281	xtts	1	cosy	2	B	ecapa	exp210/clones/cosy__from_xtts__seedB/p281_t2.wav	0.65354327994358652	0.51050851196631775
p281	xtts	1	cosy	2	B	wavlmsv	exp210/clones/cosy__from_xtts__seedB/p281_t2.wav	0.81407409663449326	0.84871466110203331
p281	xtts	2	cosy	3	A	ecapa	exp210/clones/cosy__from_xtts__seedA/p281_t3.wav	0.64453237601600377	0.48652469820372574
p281	xtts	2	cosy	3	A	wavlmsv	exp210/clones/cosy__from_xtts__seedA/p281_t3.wav	0.93730862220377908	0.92815674242751833
p281	xtts	2	cosy	3	B	ecapa	exp210/clones/cosy__from_xtts__seedB/p281_t3.wav	0.64771524650039081	0.57151393245698545
p281	xtts	2	cosy	3	B	wavlmsv	exp210/clones/cosy__from_xtts__seedB/p281_t3.wav	0.89808432982470965	0.88812626734023026
p281	xtts	3	cosy	0	A	ecapa	exp210/clones/cosy__from_xtts__seedA/p281_t0.wav	0.61687830329987436	0.44259346938753735
p281	xtts	3	cosy	0	A	wavlmsv	exp210/clones/cosy__from_xtts__seedA/p281_t0.wav	0.93376307277535497	0.89661081998162562
p281	xtts	3	cosy	0	B	ecapa	exp210/clones/cosy__from_xtts__seedB/p281_t0.wav	0.60120722783296676	0.45892987040721639
p281	xtts	3	cosy	0	B	wavlmsv	exp210/clones/cosy__from_xtts__seedB/p281_t0.wav	0.88137758312242387	0.89983492487540828
p281	cosy	0	seedvc	1	A	ecapa	exp210/clones/seedvc__from_cosy__seedA/p281_t1.wav	0.62773222186508892	0.47421122826741857
p281	cosy	0	seedvc	1	A	wavlmsv	exp210/clones/seedvc__from_cosy__seedA/p281_t1.wav	0.81914661407049238	0.82636263310784619
p281	cosy	0	seedvc	1	B	ecapa	exp210/clones/seedvc__from_cosy__seedB/p281_t1.wav	0.53224791604737476	0.48322670535078782
p281	cosy	0	seedvc	1	B	wavlmsv	exp210/clones/seedvc__from_cosy__seedB/p281_t1.wav	0.85498365107654883	0.86491437519514869
p281	cosy	1	seedvc	2	A	ecapa	exp210/clones/seedvc__from_cosy__seedA/p281_t2.wav	0.60843010067621817	0.46652141791240548
p281	cosy	1	seedvc	2	A	wavlmsv	exp210/clones/seedvc__from_cosy__seedA/p281_t2.wav	0.87765622481678141	0.79755567798242444
p281	cosy	1	seedvc	2	B	ecapa	exp210/clones/seedvc__from_cosy__seedB/p281_t2.wav	0.54290309389232594	0.44386612917726298
p281	cosy	1	seedvc	2	B	wavlmsv	exp210/clones/seedvc__from_cosy__seedB/p281_t2.wav	0.83161978152645943	0.84739889668064539
p281	cosy	2	seedvc	3	A	ecapa	exp210/clones/seedvc__from_cosy__seedA/p281_t3.wav	0.59110218867015529	0.40648538549862179
p281	cosy	2	seedvc	3	A	wavlmsv	exp210/clones/seedvc__from_cosy__seedA/p281_t3.wav	0.87340389771608384	0.74916334958006692
p281	cosy	2	seedvc	3	B	ecapa	exp210/clones/seedvc__from_cosy__seedB/p281_t3.wav	0.58127468665260262	0.52135900111547451
p281	cosy	2	seedvc	3	B	wavlmsv	exp210/clones/seedvc__from_cosy__seedB/p281_t3.wav	0.82281324066991768	0.85384999186097099
p281	cosy	3	seedvc	0	A	ecapa	exp210/clones/seedvc__from_cosy__seedA/p281_t0.wav	0.61089659151499065	0.58888636837642716
p281	cosy	3	seedvc	0	A	wavlmsv	exp210/clones/seedvc__from_cosy__seedA/p281_t0.wav	0.91521740328831935	0.84865688830662434
p281	cosy	3	seedvc	0	B	ecapa	exp210/clones/seedvc__from_cosy__seedB/p281_t0.wav	0.64090625753157027	0.48416663898923062
p281	cosy	3	seedvc	0	B	wavlmsv	exp210/clones/seedvc__from_cosy__seedB/p281_t0.wav	0.9438351306134809	0.90235285758486716
p281	seedvc	0	f5	1	A	ecapa	exp210/clones/f5__from_seedvc__seedA/p281_t1.wav	0.59440337390654485	0.52991724981819921
p281	seedvc	0	f5	1	A	wavlmsv	exp210/clones/f5__from_seedvc__seedA/p281_t1.wav	0.88404638321799345	0.79496284728581212
p281	seedvc	0	f5	1	B	ecapa	exp210/clones/f5__from_seedvc__seedB/p281_t1.wav	0.60436336550647285	0.40615068961393858
p281	seedvc	0	f5	1	B	wavlmsv	exp210/clones/f5__from_seedvc__seedB/p281_t1.wav	0.84054660861220154	0.8837279190120062
p281	seedvc	1	f5	2	A	ecapa	exp210/clones/f5__from_seedvc__seedA/p281_t2.wav	0.55672756700787995	0.44447494001244303
p281	seedvc	1	f5	2	A	wavlmsv	exp210/clones/f5__from_seedvc__seedA/p281_t2.wav	0.84136230133143186	0.72073963051976941
p281	seedvc	1	f5	2	B	ecapa	exp210/clones/f5__from_seedvc__seedB/p281_t2.wav	0.61866575974096971	0.4390440100748787
p281	seedvc	1	f5	2	B	wavlmsv	exp210/clones/f5__from_seedvc__seedB/p281_t2.wav	0.83015430232678256	0.861534579105947
p281	seedvc	2	f5	3	A	ecapa	exp210/clones/f5__from_seedvc__seedA/p281_t3.wav	0.62761223928696919	0.41183912487322782
p281	seedvc	2	f5	3	A	wavlmsv	exp210/clones/f5__from_seedvc__seedA/p281_t3.wav	0.83807070751875101	0.71239166235769458
p281	seedvc	2	f5	3	B	ecapa	exp210/clones/f5__from_seedvc__seedB/p281_t3.wav	0.49988480970793847	0.44640127820091702
p281	seedvc	2	f5	3	B	wavlmsv	exp210/clones/f5__from_seedvc__seedB/p281_t3.wav	0.78300673432770318	0.86287574323267435
p281	seedvc	3	f5	0	A	ecapa	exp210/clones/f5__from_seedvc__seedA/p281_t0.wav	0.55434780789622684	0.45330931209641168
p281	seedvc	3	f5	0	A	wavlmsv	exp210/clones/f5__from_seedvc__seedA/p281_t0.wav	0.87047161945462392	0.76907358478647447
p281	seedvc	3	f5	0	B	ecapa	exp210/clones/f5__from_seedvc__seedB/p281_t0.wav	0.6054551951109115	0.44105934921289947
p281	seedvc	3	f5	0	B	wavlmsv	exp210/clones/f5__from_seedvc__seedB/p281_t0.wav	0.83222360550971453	0.83919405019530169
p282	f5	0	xtts	1	A	ecapa	exp210/clones/xtts__from_f5__seedA/p282_t1.wav	0.48654660331229238	0.52935075613110838
p282	f5	0	xtts	1	A	wavlmsv	exp210/clones/xtts__from_f5__seedA/p282_t1.wav	0.75547410432343565	0.68910067862069757
p282	f5	0	xtts	1	B	ecapa	exp210/clones/xtts__from_f5__seedB/p282_t1.wav	0.63703924262215739	0.56710639269253416
p282	f5	0	xtts	1	B	wavlmsv	exp210/clones/xtts__from_f5__seedB/p282_t1.wav	0.95775790243128855	0.98016947929579534
p282	f5	1	xtts	2	A	ecapa	exp210/clones/xtts__from_f5__seedA/p282_t2.wav	0.67988524983655374	0.69078550926071969
p282	f5	1	xtts	2	A	wavlmsv	exp210/clones/xtts__from_f5__seedA/p282_t2.wav	0.96640883435044578	0.96383000807410535
p282	f5	1	xtts	2	B	ecapa	exp210/clones/xtts__from_f5__seedB/p282_t2.wav	0.72913390152974045	0.66729257684095244
p282	f5	1	xtts	2	B	wavlmsv	exp210/clones/xtts__from_f5__seedB/p282_t2.wav	0.94353572069928759	0.94590863523360746
p282	f5	2	xtts	3	A	ecapa	exp210/clones/xtts__from_f5__seedA/p282_t3.wav	0.66818414050683872	0.63464873962079371
p282	f5	2	xtts	3	A	wavlmsv	exp210/clones/xtts__from_f5__seedA/p282_t3.wav	0.96077763787975345	0.96695105990233432
p282	f5	2	xtts	3	B	ecapa	exp210/clones/xtts__from_f5__seedB/p282_t3.wav	0.69050257003643167	0.62935113655431685
p282	f5	2	xtts	3	B	wavlmsv	exp210/clones/xtts__from_f5__seedB/p282_t3.wav	0.97514265144430179	0.96531872210919678
p282	f5	3	xtts	0	A	ecapa	exp210/clones/xtts__from_f5__seedA/p282_t0.wav	0.55246278583810549	0.52930682345971025
p282	f5	3	xtts	0	A	wavlmsv	exp210/clones/xtts__from_f5__seedA/p282_t0.wav	0.84434628198241901	0.81062222622062463
p282	f5	3	xtts	0	B	ecapa	exp210/clones/xtts__from_f5__seedB/p282_t0.wav	0.52259173016467142	0.53450562979412575
p282	f5	3	xtts	0	B	wavlmsv	exp210/clones/xtts__from_f5__seedB/p282_t0.wav	0.84168531070952091	0.87301623714287413
p282	xtts	0	cosy	1	A	ecapa	exp210/clones/cosy__from_xtts__seedA/p282_t1.wav	0.68704214807067254	0.67950803406581795
p282	xtts	0	cosy	1	A	wavlmsv	exp210/clones/cosy__from_xtts__seedA/p282_t1.wav	0.97046966924522504	0.92995567164873483
p282	xtts	0	cosy	1	B	ecapa	exp210/clones/cosy__from_xtts__seedB/p282_t1.wav	0.69814752409703607	0.65620579749862951
p282	xtts	0	cosy	1	B	wavlmsv	exp210/clones/cosy__from_xtts__seedB/p282_t1.wav	0.93719887793023626	0.97492386257590891
p282	xtts	1	cosy	2	A	ecapa	exp210/clones/cosy__from_xtts__seedA/p282_t2.wav	0.654824301170434	0.65866910148022528
p282	xtts	1	cosy	2	A	wavlmsv	exp210/clones/cosy__from_xtts__seedA/p282_t2.wav	0.9642955156683467	0.9199950203800692
p282	xtts	1	cosy	2	B	ecapa	exp210/clones/cosy__from_xtts__seedB/p282_t2.wav	0.69733049367644195	0.61261751480226212
p282	xtts	1	cosy	2	B	wavlmsv	exp210/clones/cosy__from_xtts__seedB/p282_t2.wav	0.94878319116894017	0.9794997019440832
p282	xtts	2	cosy	3	A	ecapa	exp210/clones/cosy__from_xtts__seedA/p282_t3.wav	0.75199410138406908	0.70304793199873261
p282	xtts	2	cosy	3	A	wavlmsv	exp210/clones/cosy__from_xtts__seedA/p282_t3.wav	0.96722088090715586	0.94574211562951571
p282	xtts	2	cosy	3	B	ecapa	exp210/clones/cosy__from_xtts__seedB/p282_t3.wav	0.74994767884163149	0.71133099210980444
p282	xtts	2	cosy	3	B	wavlmsv	exp210/clones/cosy__from_xtts__seedB/p282_t3.wav	0.97757981347429779	0.98271378892053685
p282	xtts	3	cosy	0	A	ecapa	exp210/clones/cosy__from_xtts__seedA/p282_t0.wav	0.73859316293488475	0.74167435020176542
p282	xtts	3	cosy	0	A	wavlmsv	exp210/clones/cosy__from_xtts__seedA/p282_t0.wav	0.90901470422526931	0.88352341077499474
p282	xtts	3	cosy	0	B	ecapa	exp210/clones/cosy__from_xtts__seedB/p282_t0.wav	0.67219750422535518	0.6379055798204345
p282	xtts	3	cosy	0	B	wavlmsv	exp210/clones/cosy__from_xtts__seedB/p282_t0.wav	0.98498934060755816	0.98753986579764474
p282	cosy	0	seedvc	1	A	ecapa	exp210/clones/seedvc__from_cosy__seedA/p282_t1.wav	0.61099800372497004	0.52737194679516919
p282	cosy	0	seedvc	1	A	wavlmsv	exp210/clones/seedvc__from_cosy__seedA/p282_t1.wav	0.76570066939159709	0.70280832749630773
p282	cosy	0	seedvc	1	B	ecapa	exp210/clones/seedvc__from_cosy__seedB/p282_t1.wav	0.57257065461575585	0.56671729781272762
p282	cosy	0	seedvc	1	B	wavlmsv	exp210/clones/seedvc__from_cosy__seedB/p282_t1.wav	0.71704982992125443	0.78391049065542007
p282	cosy	1	seedvc	2	A	ecapa	exp210/clones/seedvc__from_cosy__seedA/p282_t2.wav	0.57925069577113475	0.54624579073341173
p282	cosy	1	seedvc	2	A	wavlmsv	exp210/clones/seedvc__from_cosy__seedA/p282_t2.wav	0.69510896031652203	0.61830791719376532
p282	cosy	1	seedvc	2	B	ecapa	exp210/clones/seedvc__from_cosy__seedB/p282_t2.wav	0.54390552006184123	0.53964822501659426
p282	cosy	1	seedvc	2	B	wavlmsv	exp210/clones/seedvc__from_cosy__seedB/p282_t2.wav	0.66720551992350252	0.7372024259099561
p282	cosy	2	seedvc	3	A	ecapa	exp210/clones/seedvc__from_cosy__seedA/p282_t3.wav	0.65010868461132865	0.6193458935150713
p282	cosy	2	seedvc	3	A	wavlmsv	exp210/clones/seedvc__from_cosy__seedA/p282_t3.wav	0.78457280323717848	0.71745483137266108
p282	cosy	2	seedvc	3	B	ecapa	exp210/clones/seedvc__from_cosy__seedB/p282_t3.wav	0.57356680674069838	0.58556125769769918
p282	cosy	2	seedvc	3	B	wavlmsv	exp210/clones/seedvc__from_cosy__seedB/p282_t3.wav	0.75346085405673247	0.8236625645514013
p282	cosy	3	seedvc	0	A	ecapa	exp210/clones/seedvc__from_cosy__seedA/p282_t0.wav	0.55798482931525273	0.52044416280366124
p282	cosy	3	seedvc	0	A	wavlmsv	exp210/clones/seedvc__from_cosy__seedA/p282_t0.wav	0.76560720832478513	0.72086264371628106
p282	cosy	3	seedvc	0	B	ecapa	exp210/clones/seedvc__from_cosy__seedB/p282_t0.wav	0.53196666386088332	0.50194431485580537
p282	cosy	3	seedvc	0	B	wavlmsv	exp210/clones/seedvc__from_cosy__seedB/p282_t0.wav	0.75974251416916716	0.81146691718081954
p282	seedvc	0	f5	1	A	ecapa	exp210/clones/f5__from_seedvc__seedA/p282_t1.wav	0.65641203308046137	0.58601442350968258
p282	seedvc	0	f5	1	A	wavlmsv	exp210/clones/f5__from_seedvc__seedA/p282_t1.wav	0.74240250475008362	0.682796741352382
p282	seedvc	0	f5	1	B	ecapa	exp210/clones/f5__from_seedvc__seedB/p282_t1.wav	0.59145803850339296	0.58201620088620498
p282	seedvc	0	f5	1	B	wavlmsv	exp210/clones/f5__from_seedvc__seedB/p282_t1.wav	0.76749380807489465	0.83180902548993685
p282	seedvc	1	f5	2	A	ecapa	exp210/clones/f5__from_seedvc__seedA/p282_t2.wav	0.58049123646043665	0.52186008778590454
p282	seedvc	1	f5	2	A	wavlmsv	exp210/clones/f5__from_seedvc__seedA/p282_t2.wav	0.75763473225793421	0.69144956438254557
p282	seedvc	1	f5	2	B	ecapa	exp210/clones/f5__from_seedvc__seedB/p282_t2.wav	0.51695770596602197	0.48902877269715106
p282	seedvc	1	f5	2	B	wavlmsv	exp210/clones/f5__from_seedvc__seedB/p282_t2.wav	0.71530259582729139	0.78334226431917275
p282	seedvc	2	f5	3	A	ecapa	exp210/clones/f5__from_seedvc__seedA/p282_t3.wav	0.63617963814934753	0.5751680336833932
p282	seedvc	2	f5	3	A	wavlmsv	exp210/clones/f5__from_seedvc__seedA/p282_t3.wav	0.74469438863146709	0.67883328279530564
p282	seedvc	2	f5	3	B	ecapa	exp210/clones/f5__from_seedvc__seedB/p282_t3.wav	0.55104383060677731	0.51277323115291751
p282	seedvc	2	f5	3	B	wavlmsv	exp210/clones/f5__from_seedvc__seedB/p282_t3.wav	0.66453938141272528	0.74107249904513028
p282	seedvc	3	f5	0	A	ecapa	exp210/clones/f5__from_seedvc__seedA/p282_t0.wav	0.65723002626970162	0.60254672099388573
p282	seedvc	3	f5	0	A	wavlmsv	exp210/clones/f5__from_seedvc__seedA/p282_t0.wav	0.74263716233225552	0.67010710093864256
p282	seedvc	3	f5	0	B	ecapa	exp210/clones/f5__from_seedvc__seedB/p282_t0.wav	0.58741719233405831	0.57742520236845696
p282	seedvc	3	f5	0	B	wavlmsv	exp210/clones/f5__from_seedvc__seedB/p282_t0.wav	0.68884789115861389	0.76486437449879552
p283	f5	0	xtts	1	A	ecapa	exp210/clones/xtts__from_f5__seedA/p283_t1.wav	0.4864851914597802	0.50758504556347672
p283	f5	0	xtts	1	A	wavlmsv	exp210/clones/xtts__from_f5__seedA/p283_t1.wav	0.89443813687071472	0.93392080968836755
p283	f5	0	xtts	1	B	ecapa	exp210/clones/xtts__from_f5__seedB/p283_t1.wav	0.4495849633480663	0.30775354767854807
p283	f5	0	xtts	1	B	wavlmsv	exp210/clones/xtts__from_f5__seedB/p283_t1.wav	0.88153902041161158	0.82080210071879933
p283	f5	1	xtts	2	A	ecapa	exp210/clones/xtts__from_f5__seedA/p283_t2.wav	0.64439237522910409	0.65557140411326909
p283	f5	1	xtts	2	A	wavlmsv	exp210/clones/xtts__from_f5__seedA/p283_t2.wav	0.95489053296711546	0.95932721309176694
p283	f5	1	xtts	2	B	ecapa	exp210/clones/xtts__from_f5__seedB/p283_t2.wav	0.51869817447567457	0.36702102352379729
p283	f5	1	xtts	2	B	wavlmsv	exp210/clones/xtts__from_f5__seedB/p283_t2.wav	0.8975481510322153	0.86755735942458623
p283	f5	2	xtts	3	A	ecapa	exp210/clones/xtts__from_f5__seedA/p283_t3.wav	0.51265441019642544	0.50947064896100525
p283	f5	2	xtts	3	A	wavlmsv	exp210/clones/xtts__from_f5__seedA/p283_t3.wav	0.92807090502829837	0.95915115566005893
p283	f5	2	xtts	3	B	ecapa	exp210/clones/xtts__from_f5__seedB/p283_t3.wav	0.49909200632403711	0.39457546600342652
p283	f5	2	xtts	3	B	wavlmsv	exp210/clones/xtts__from_f5__seedB/p283_t3.wav	0.9065081937322006	0.86951463386840899
p283	f5	3	xtts	0	A	ecapa	exp210/clones/xtts__from_f5__seedA/p283_t0.wav	0.56049763696315713	0.50179757900001143
p283	f5	3	xtts	0	A	wavlmsv	exp210/clones/xtts__from_f5__seedA/p283_t0.wav	0.88694829191817892	0.9326688891169278
p283	f5	3	xtts	0	B	ecapa	exp210/clones/xtts__from_f5__seedB/p283_t0.wav	0.52783307029833004	0.44454457208904247
p283	f5	3	xtts	0	B	wavlmsv	exp210/clones/xtts__from_f5__seedB/p283_t0.wav	0.93765251771864655	0.91535434340715927
p283	xtts	0	cosy	1	A	ecapa	exp210/clones/cosy__from_xtts__seedA/p283_t1.wav	0.50753459952319913	0.57510036775800111
p283	xtts	0	cosy	1	A	wavlmsv	exp210/clones/cosy__from_xtts__seedA/p283_t1.wav	0.8202981105566165	0.87187088895069387
p283	xtts	0	cosy	1	B	ecapa	exp210/clones/cosy__from_xtts__seedB/p283_t1.wav	0.5743893503547538	0.44361875571226317
p283	xtts	0	cosy	1	B	wavlmsv	exp210/clones/cosy__from_xtts__seedB/p283_t1.wav	0.88546710920209915	0.84102778282365498
p283	xtts	1	cosy	2	A	ecapa	exp210/clones/cosy__from_xtts__seedA/p283_t2.wav	0.47430449274912512	0.60417963512393791
p283	xtts	1	cosy	2	A	wavlmsv	exp210/clones/cosy__from_xtts__seedA/p283_t2.wav	0.8331279632292472	0.86504992515618628
p283	xtts	1	cosy	2	B	ecapa	exp210/clones/cosy__from_xtts__seedB/p283_t2.wav	0.63976487261304549	0.58063752690782033
p283	xtts	1	cosy	2	B	wavlmsv	exp210/clones/cosy__from_xtts__seedB/p283_t2.wav	0.86193797035164377	0.87546524697172057
p283	xtts	2	cosy	3	A	ecapa	exp210/clones/cosy__from_xtts__seedA/p283_t3.wav	0.44508217623618951	0.60092919954669144
p283	xtts	2	cosy	3	A	wavlmsv	exp210/clones/cosy__from_xtts__seedA/p283_t3.wav	0.86479752471566618	0.89835495682573041
p283	xtts	2	cosy	3	B	ecapa	exp210/clones/cosy__from_xtts__seedB/p283_t3.wav	0.63351972821409763	0.46775609356186343
p283	xtts	2	cosy	3	B	wavlmsv	exp210/clones/cosy__from_xtts__seedB/p283_t3.wav	0.89198396916606582	0.87886349302235889
p283	xtts	3	cosy	0	A	ecapa	exp210/clones/cosy__from_xtts__seedA/p283_t0.wav	0.51426704931604561	0.62885934708046309
p283	xtts	3	cosy	0	A	wavlmsv	exp210/clones/cosy__from_xtts__seedA/p283_t0.wav	0.83938850069561954	0.88697513064226519
p283	xtts	3	cosy	0	B	ecapa	exp210/clones/cosy__from_xtts__seedB/p283_t0.wav	0.62994951347860484	0.57760150471224725
p283	xtts	3	cosy	0	B	wavlmsv	exp210/clones/cosy__from_xtts__seedB/p283_t0.wav	0.87968844385978417	0.88781912130154295
p283	cosy	0	seedvc	1	A	ecapa	exp210/clones/seedvc__from_cosy__seedA/p283_t1.wav	0.57936229725301902	0.63208640978358854
p283	cosy	0	seedvc	1	A	wavlmsv	exp210/clones/seedvc__from_cosy__seedA/p283_t1.wav	0.86000233282555572	0.90609989966470339
p283	cosy	0	seedvc	1	B	ecapa	exp210/clones/seedvc__from_cosy__seedB/p283_t1.wav	0.67468838654349561	0.52125176470201529
p283	cosy	0	seedvc	1	B	wavlmsv	exp210/clones/seedvc__from_cosy__seedB/p283_t1.wav	0.90154754633979839	0.8432802469775178
p283	cosy	1	seedvc	2	A	ecapa	exp210/clones/seedvc__from_cosy__seedA/p283_t2.wav	0.55898181893497778	0.58964621536530382
p283	cosy	1	seedvc	2	A	wavlmsv	exp210/clones/seedvc__from_cosy__seedA/p283_t2.wav	0.88552066529707507	0.93026540614178499
p283	cosy	1	seedvc	2	B	ecapa	exp210/clones/seedvc__from_cosy__seedB/p283_t2.wav	0.63658374760173408	0.51473505910781148
p283	cosy	1	seedvc	2	B	wavlmsv	exp210/clones/seedvc__from_cosy__seedB/p283_t2.wav	0.90531205675571291	0.88024403354695724
p283	cosy	2	seedvc	3	A	ecapa	exp210/clones/seedvc__from_cosy__seedA/p283_t3.wav	0.56418357320992807	0.65095505395446707
p283	cosy	2	seedvc	3	A	wavlmsv	exp210/clones/seedvc__from_cosy__seedA/p283_t3.wav	0.92994050209669687	0.95228884378516987
p283	cosy	2	seedvc	3	B	ecapa	exp210/clones/seedvc__from_cosy__seedB/p283_t3.wav	0.6693274680734751	0.5437509740541504
p283	cosy	2	seedvc	3	B	wavlmsv	exp210/clones/seedvc__from_cosy__seedB/p283_t3.wav	0.923219405411139	0.89394817213177968
p283	cosy	3	seedvc	0	A	ecapa	exp210/clones/seedvc__from_cosy__seedA/p283_t0.wav	0.68484525673747254	0.69124577828798217
p283	cosy	3	seedvc	0	A	wavlmsv	exp210/clones/seedvc__from_cosy__seedA/p283_t0.wav	0.95303540249095764	0.96543104929046519
p283	cosy	3	seedvc	0	B	ecapa	exp210/clones/seedvc__from_cosy__seedB/p283_t0.wav	0.65132414312134979	0.50451799394116237
p283	cosy	3	seedvc	0	B	wavlmsv	exp210/clones/seedvc__from_cosy__seedB/p283_t0.wav	0.93146794419562107	0.92875287295120823
p283	seedvc	0	f5	1	A	ecapa	exp210/clones/f5__from_seedvc__seedA/p283_t1.wav	0.52677421207032249	0.52867028780559977
p283	seedvc	0	f5	1	A	wavlmsv	exp210/clones/f5__from_seedvc__seedA/p283_t1.wav	0.90905507506769889	0.9232306345706649
p283	seedvc	0	f5	1	B	ecapa	exp210/clones/f5__from_seedvc__seedB/p283_t1.wav	0.53281428708068512	0.43226554711897885
p283	seedvc	0	f5	1	B	wavlmsv	exp210/clones/f5__from_seedvc__seedB/p283_t1.wav	0.92578601931906623	0.91028842512846175
p283	seedvc	1	f5	2	A	ecapa	exp210/clones/f5__from_seedvc__seedA/p283_t2.wav	0.5187052770951468	0.5638576775166616
p283	seedvc	1	f5	2	A	wavlmsv	exp210/clones/f5__from_seedvc__seedA/p283_t2.wav	0.88588332101829104	0.92887647036149379
p283	seedvc	1	f5	2	B	ecapa	exp210/clones/f5__from_seedvc__seedB/p283_t2.wav	0.58733543092438323	0.4681318628245445
p283	seedvc	1	f5	2	B	wavlmsv	exp210/clones/f5__from_seedvc__seedB/p283_t2.wav	0.92301849480171982	0.88099524056153888
p283	seedvc	2	f5	3	A	ecapa	exp210/clones/f5__from_seedvc__seedA/p283_t3.wav	0.49717918667911509	0.59226274873053208
p283	seedvc	2	f5	3	A	wavlmsv	exp210/clones/f5__from_seedvc__seedA/p283_t3.wav	0.86280668925743664	0.91141041065494599
p283	seedvc	2	f5	3	B	ecapa	exp210/clones/f5__from_seedvc__seedB/p283_t3.wav	0.57678847057413019	0.4454634012227579
p283	seedvc	2	f5	3	B	wavlmsv	exp210/clones/f5__from_seedvc__seedB/p283_t3.wav	0.93129193006343625	0.8881730965723954
p283	seedvc	3	f5	0	A	ecapa	exp210/clones/f5__from_seedvc__seedA/p283_t0.wav	0.55190918662385846	0.62195825794284743
p283	seedvc	3	f5	0	A	wavlmsv	exp210/clones/f5__from_seedvc__seedA/p283_t0.wav	0.84745996637824983	0.89720330503006407
p283	seedvc	3	f5	0	B	ecapa	exp210/clones/f5__from_seedvc__seedB/p283_t0.wav	0.65048830074063191	0.5105919986638654
p283	seedvc	3	f5	0	B	wavlmsv	exp210/clones/f5__from_seedvc__seedB/p283_t0.wav	0.91799353440826348	0.86928035286901761
p284	f5	0	xtts	1	A	ecapa	exp210/clones/xtts__from_f5__seedA/p284_t1.wav	0.51817807932860582	0.50473432006425434
p284	f5	0	xtts	1	A	wavlmsv	exp210/clones/xtts__from_f5__seedA/p284_t1.wav	0.92905807729831613	0.92709372546635704
p284	f5	0	xtts	1	B	ecapa	exp210/clones/xtts__from_f5__seedB/p284_t1.wav	0.6978335598281602	0.5863449574863584
p284	f5	0	xtts	1	B	wavlmsv	exp210/clones/xtts__from_f5__seedB/p284_t1.wav	0.93078709535297788	0.93314714096027973
p284	f5	1	xtts	2	A	ecapa	exp210/clones/xtts__from_f5__seedA/p284_t2.wav	0.64235614971944799	0.62720786877830037
p284	f5	1	xtts	2	A	wavlmsv	exp210/clones/xtts__from_f5__seedA/p284_t2.wav	0.95894434144465257	0.95831342416274445
p284	f5	1	xtts	2	B	ecapa	exp210/clones/xtts__from_f5__seedB/p284_t2.wav	0.73047683576378908	0.54739176456727767
p284	f5	1	xtts	2	B	wavlmsv	exp210/clones/xtts__from_f5__seedB/p284_t2.wav	0.93008782298934511	0.97452037329753516
p284	f5	2	xtts	3	A	ecapa	exp210/clones/xtts__from_f5__seedA/p284_t3.wav	0.65737935425204697	0.54523104441130754
p284	f5	2	xtts	3	A	wavlmsv	exp210/clones/xtts__from_f5__seedA/p284_t3.wav	0.96988388487873634	0.93935514137485032
p284	f5	2	xtts	3	B	ecapa	exp210/clones/xtts__from_f5__seedB/p284_t3.wav	0.6901042646928579	0.52332366814318054
p284	f5	2	xtts	3	B	wavlmsv	exp210/clones/xtts__from_f5__seedB/p284_t3.wav	0.93960905785758175	0.96642326628021635
p284	f5	3	xtts	0	A	ecapa	exp210/clones/xtts__from_f5__seedA/p284_t0.wav	0.56869903230853858	0.42280107340993744
p284	f5	3	xtts	0	A	wavlmsv	exp210/clones/xtts__from_f5__seedA/p284_t0.wav	0.94145580061090428	0.95099489868520004
p284	f5	3	xtts	0	B	ecapa	exp210/clones/xtts__from_f5__seedB/p284_t0.wav	0.53173932715418348	0.44703505505795627
p284	f5	3	xtts	0	B	wavlmsv	exp210/clones/xtts__from_f5__seedB/p284_t0.wav	0.9495570660171232	0.94816887685066475
p284	xtts	0	cosy	1	A	ecapa	exp210/clones/cosy__from_xtts__seedA/p284_t1.wav	0.66755107602576913	0.52063920369344241
p284	xtts	0	cosy	1	A	wavlmsv	exp210/clones/cosy__from_xtts__seedA/p284_t1.wav	0.89088485070024581	0.90647364522945406
p284	xtts	0	cosy	1	B	ecapa	exp210/clones/cosy__from_xtts__seedB/p284_t1.wav	0.54643472764629775	0.55166855081081723
p284	xtts	0	cosy	1	B	wavlmsv	exp210/clones/cosy__from_xtts__seedB/p284_t1.wav	0.88111272153296205	0.85952664202212914
p284	xtts	1	cosy	2	A	ecapa	exp210/clones/cosy__from_xtts__seedA/p284_t2.wav	0.68527515933382055	0.50118039610073362
p284	xtts	1	cosy	2	A	wavlmsv	exp210/clones/cosy__from_xtts__seedA/p284_t2.wav	0.87095045838331919	0.8644979511994858
p284	xtts	1	cosy	2	B	ecapa	exp210/clones/cosy__from_xtts__seedB/p284_t2.wav	0.5271363802379363	0.52291603269974751
p284	xtts	1	cosy	2	B	wavlmsv	exp210/clones/cosy__from_xtts__seedB/p284_t2.wav	0.89501877883727943	0.87132966344461438
p284	xtts	2	cosy	3	A	ecapa	exp210/clones/cosy__from_xtts__seedA/p284_t3.wav	0.70189620073028303	0.60537609608935861
p284	xtts	2	cosy	3	A	wavlmsv	exp210/clones/cosy__from_xtts__seedA/p284_t3.wav	0.95749173729950998	0.9586334583693088
p284	xtts	2	cosy	3	B	ecapa	exp210/clones/cosy__from_xtts__seedB/p284_t3.wav	0.57704740005385724	0.4527636908827265
p284	xtts	2	cosy	3	B	wavlmsv	exp210/clones/cosy__from_xtts__seedB/p284_t3.wav	0.93041083114036383	0.9354382594534294
p284	xtts	3	cosy	0	A	ecapa	exp210/clones/cosy__from_xtts__seedA/p284_t0.wav	0.6574935925578218	0.48898264062693281
p284	xtts	3	cosy	0	A	wavlmsv	exp210/clones/cosy__from_xtts__seedA/p284_t0.wav	0.92433306104104251	0.9055804120842319
p284	xtts	3	cosy	0	B	ecapa	exp210/clones/cosy__from_xtts__seedB/p284_t0.wav	0.62830620582934871	0.48338130566183801
p284	xtts	3	cosy	0	B	wavlmsv	exp210/clones/cosy__from_xtts__seedB/p284_t0.wav	0.92851655016640344	0.95152665491827548
p284	cosy	0	seedvc	1	A	ecapa	exp210/clones/seedvc__from_cosy__seedA/p284_t1.wav	0.63089443288460367	0.55309246616141228
p284	cosy	0	seedvc	1	A	wavlmsv	exp210/clones/seedvc__from_cosy__seedA/p284_t1.wav	0.85730710961602741	0.87471926700458891
p284	cosy	0	seedvc	1	B	ecapa	exp210/clones/seedvc__from_cosy__seedB/p284_t1.wav	0.50324560082153125	0.47493465125213896
p284	cosy	0	seedvc	1	B	wavlmsv	exp210/clones/seedvc__from_cosy__seedB/p284_t1.wav	0.86768216844417911	0.84764156578031313
p284	cosy	1	seedvc	2	A	ecapa	exp210/clones/seedvc__from_cosy__seedA/p284_t2.wav	0.68808470683569523	0.54390534153235914
p284	cosy	1	seedvc	2	A	wavlmsv	exp210/clones/seedvc__from_cosy__seedA/p284_t2.wav	0.85978798477248475	0.89652025573539262
p284	cosy	1	seedvc	2	B	ecapa	exp210/clones/seedvc__from_cosy__seedB/p284_t2.wav	0.51333208307215838	0.56908108313646721
p284	cosy	1	seedvc	2	B	wavlmsv	exp210/clones/seedvc__from_cosy__seedB/p284_t2.wav	0.85115832781356238	0.84411679259585604
p284	cosy	2	seedvc	3	A	ecapa	exp210/clones/seedvc__from_cosy__seedA/p284_t3.wav	0.6583186067861454	0.58564135075957391
p284	cosy	2	seedvc	3	A	wavlmsv	exp210/clones/seedvc__from_cosy__seedA/p284_t3.wav	0.85076290108168584	0.88201271917474022
p284	cosy	2	seedvc	3	B	ecapa	exp210/clones/seedvc__from_cosy__seedB/p284_t3.wav	0.53996660561616705	0.52983064013680536
p284	cosy	2	seedvc	3	B	wavlmsv	exp210/clones/seedvc__from_cosy__seedB/p284_t3.wav	0.90132096714472787	0.87453286506624006
p284	cosy	3	seedvc	0	A	ecapa	exp210/clones/seedvc__from_cosy__seedA/p284_t0.wav	0.66761448203881979	0.58558584699524829
p284	cosy	3	seedvc	0	A	wavlmsv	exp210/clones/seedvc__from_cosy__seedA/p284_t0.wav	0.93841944493509644	0.91002977474509139
p284	cosy	3	seedvc	0	B	ecapa	exp210/clones/seedvc__from_cosy__seedB/p284_t0.wav	0.61135490597650932	0.61851323650865375
p284	cosy	3	seedvc	0	B	wavlmsv	exp210/clones/seedvc__from_cosy__seedB/p284_t0.wav	0.88331707670555959	0.92878409868213008
p284	seedvc	0	f5	1	A	ecapa	exp210/clones/f5__from_seedvc__seedA/p284_t1.wav	0.73123777751193431	0.52165782984781783
p284	seedvc	0	f5	1	A	wavlmsv	exp210/clones/f5__from_seedvc__seedA/p284_t1.wav	0.86979928807389106	0.81712537426491672
p284	seedvc	0	f5	1	B	ecapa	exp210/clones/f5__from_seedvc__seedB/p284_t1.wav	0.5428256196554857	0.60208976453321961
p284	seedvc	0	f5	1	B	wavlmsv	exp210/clones/f5__from_seedvc__seedB/p284_t1.wav	0.78889191450181262	0.79378139608550669
p284	seedvc	1	f5	2	A	ecapa	exp210/clones/f5__from_seedvc__seedA/p284_t2.wav	0.68480043577027494	0.54366327930283043
p284	seedvc	1	f5	2	A	wavlmsv	exp210/clones/f5__from_seedvc__seedA/p284_t2.wav	0.88754082077226915	0.85646575176840556
p284	seedvc	1	f5	2	B	ecapa	exp210/clones/f5__from_seedvc__seedB/p284_t2.wav	0.53775825012131351	0.58200828936412219
p284	seedvc	1	f5	2	B	wavlmsv	exp210/clones/f5__from_seedvc__seedB/p284_t2.wav	0.86626557320349884	0.88826796164035027
p284	seedvc	2	f5	3	A	ecapa	exp210/clones/f5__from_seedvc__seedA/p284_t3.wav	0.66845437353854231	0.48997296729083178
p284	seedvc	2	f5	3	A	wavlmsv	exp210/clones/f5__from_seedvc__seedA/p284_t3.wav	0.82902016000114065	0.83168961436502542
p284	seedvc	2	f5	3	B	ecapa	exp210/clones/f5__from_seedvc__seedB/p284_t3.wav	0.48976714280776179	0.49470090903378605
p284	seedvc	2	f5	3	B	wavlmsv	exp210/clones/f5__from_seedvc__seedB/p284_t3.wav	0.83433834045096666	0.82683507996798911
p284	seedvc	3	f5	0	A	ecapa	exp210/clones/f5__from_seedvc__seedA/p284_t0.wav	0.67948526972835932	0.59237529094573416
p284	seedvc	3	f5	0	A	wavlmsv	exp210/clones/f5__from_seedvc__seedA/p284_t0.wav	0.87088777983569243	0.83320231572056558
p284	seedvc	3	f5	0	B	ecapa	exp210/clones/f5__from_seedvc__seedB/p284_t0.wav	0.57125468304668092	0.61829990845891714
p284	seedvc	3	f5	0	B	wavlmsv	exp210/clones/f5__from_seedvc__seedB/p284_t0.wav	0.84234781696770067	0.85390872552736408
p286	f5	0	xtts	1	A	ecapa	exp210/clones/xtts__from_f5__seedA/p286_t1.wav	0.66373759339986094	0.63490113860048059
p286	f5	0	xtts	1	A	wavlmsv	exp210/clones/xtts__from_f5__seedA/p286_t1.wav	0.97318825838707301	0.94914033785432173
p286	f5	0	xtts	1	B	ecapa	exp210/clones/xtts__from_f5__seedB/p286_t1.wav	0.69728777873357572	0.67118396563389227
p286	f5	0	xtts	1	B	wavlmsv	exp210/clones/xtts__from_f5__seedB/p286_t1.wav	0.97947271409911418	0.96317086690282694
p286	f5	1	xtts	2	A	ecapa	exp210/clones/xtts__from_f5__seedA/p286_t2.wav	0.62292995680887708	0.53608735999610957
p286	f5	1	xtts	2	A	wavlmsv	exp210/clones/xtts__from_f5__seedA/p286_t2.wav	0.95678421475702224	0.94450640865368551
p286	f5	1	xtts	2	B	ecapa	exp210/clones/xtts__from_f5__seedB/p286_t2.wav	0.65731076331694815	0.66983846152958493
p286	f5	1	xtts	2	B	wavlmsv	exp210/clones/xtts__from_f5__seedB/p286_t2.wav	0.96824855164958112	0.95888193932650279
p286	f5	2	xtts	3	A	ecapa	exp210/clones/xtts__from_f5__seedA/p286_t3.wav	0.67508899957270785	0.6819294058287465
p286	f5	2	xtts	3	A	wavlmsv	exp210/clones/xtts__from_f5__seedA/p286_t3.wav	0.96942342307114893	0.9391224195069241
p286	f5	2	xtts	3	B	ecapa	exp210/clones/xtts__from_f5__seedB/p286_t3.wav	0.70437792236962882	0.69536327702345391
p286	f5	2	xtts	3	B	wavlmsv	exp210/clones/xtts__from_f5__seedB/p286_t3.wav	0.95053250838293568	0.98227665837817768
p286	f5	3	xtts	0	A	ecapa	exp210/clones/xtts__from_f5__seedA/p286_t0.wav	0.60818878181905323	0.56787177198402394
p286	f5	3	xtts	0	A	wavlmsv	exp210/clones/xtts__from_f5__seedA/p286_t0.wav	0.9614406300712961	0.93565436794060508
p286	f5	3	xtts	0	B	ecapa	exp210/clones/xtts__from_f5__seedB/p286_t0.wav	0.66308557417632308	0.64494718728602329
p286	f5	3	xtts	0	B	wavlmsv	exp210/clones/xtts__from_f5__seedB/p286_t0.wav	0.9393200346466406	0.96666616201065581
p286	xtts	0	cosy	1	A	ecapa	exp210/clones/cosy__from_xtts__seedA/p286_t1.wav	0.71360029647883294	0.72902682901489047
p286	xtts	0	cosy	1	A	wavlmsv	exp210/clones/cosy__from_xtts__seedA/p286_t1.wav	0.9788285272723154	0.97130022677116257
p286	xtts	0	cosy	1	B	ecapa	exp210/clones/cosy__from_xtts__seedB/p286_t1.wav	0.75795794095731961	0.70077238137869358
p286	xtts	0	cosy	1	B	wavlmsv	exp210/clones/cosy__from_xtts__seedB/p286_t1.wav	0.96778576646150782	0.97160676896093379
p286	xtts	1	cosy	2	A	ecapa	exp210/clones/cosy__from_xtts__seedA/p286_t2.wav	0.71880793016046718	0.68847681729995402
p286	xtts	1	cosy	2	A	wavlmsv	exp210/clones/cosy__from_xtts__seedA/p286_t2.wav	0.97465633062722057	0.94845352918410941
p286	xtts	1	cosy	2	B	ecapa	exp210/clones/cosy__from_xtts__seedB/p286_t2.wav	0.72375728332812339	0.71198879172262597
p286	xtts	1	cosy	2	B	wavlmsv	exp210/clones/cosy__from_xtts__seedB/p286_t2.wav	0.96108784727093699	0.97501649933348711
p286	xtts	2	cosy	3	A	ecapa	exp210/clones/cosy__from_xtts__seedA/p286_t3.wav	0.64788010636428317	0.70037997828463472
p286	xtts	2	cosy	3	A	wavlmsv	exp210/clones/cosy__from_xtts__seedA/p286_t3.wav	0.97091430624043529	0.91921355293501594
p286	xtts	2	cosy	3	B	ecapa	exp210/clones/cosy__from_xtts__seedB/p286_t3.wav	0.69468964498686347	0.66044953069231771
p286	xtts	2	cosy	3	B	wavlmsv	exp210/clones/cosy__from_xtts__seedB/p286_t3.wav	0.95445099178972725	0.97836762892506535
p286	xtts	3	cosy	0	A	ecapa	exp210/clones/cosy__from_xtts__seedA/p286_t0.wav	0.71980135543758617	0.72615302131916448
p286	xtts	3	cosy	0	A	wavlmsv	exp210/clones/cosy__from_xtts__seedA/p286_t0.wav	0.95734912023889529	0.94283624912711173
p286	xtts	3	cosy	0	B	ecapa	exp210/clones/cosy__from_xtts__seedB/p286_t0.wav	0.73444614189323942	0.72345687021692862
p286	xtts	3	cosy	0	B	wavlmsv	exp210/clones/cosy__from_xtts__seedB/p286_t0.wav	0.95761683924217511	0.96654918855417837
p286	cosy	0	seedvc	1	A	ecapa	exp210/clones/seedvc__from_cosy__seedA/p286_t1.wav	0.63782533071483272	0.70958424464577607
p286	cosy	0	seedvc	1	A	wavlmsv	exp210/clones/seedvc__from_cosy__seedA/p286_t1.wav	0.81362312703299744	0.8872257889948898
p286	cosy	0	seedvc	1	B	ecapa	exp210/clones/seedvc__from_cosy__seedB/p286_t1.wav	0.71656198444938446	0.6395680999686264
p286	cosy	0	seedvc	1	B	wavlmsv	exp210/clones/seedvc__from_cosy__seedB/p286_t1.wav	0.85459978697518402	0.79875190267352192
p286	cosy	1	seedvc	2	A	ecapa	exp210/clones/seedvc__from_cosy__seedA/p286_t2.wav	0.68777199121001198	0.69774979650039726
p286	cosy	1	seedvc	2	A	wavlmsv	exp210/clones/seedvc__from_cosy__seedA/p286_t2.wav	0.81674411930074042	0.88495746164107203
p286	cosy	1	seedvc	2	B	ecapa	exp210/clones/seedvc__from_cosy__seedB/p286_t2.wav	0.72954734788580011	0.68127806044362926
p286	cosy	1	seedvc	2	B	wavlmsv	exp210/clones/seedvc__from_cosy__seedB/p286_t2.wav	0.88673231986747492	0.81470991161510586
p286	cosy	2	seedvc	3	A	ecapa	exp210/clones/seedvc__from_cosy__seedA/p286_t3.wav	0.65752068302462274	0.72844413496144256
p286	cosy	2	seedvc	3	A	wavlmsv	exp210/clones/seedvc__from_cosy__seedA/p286_t3.wav	0.83701670687669738	0.90745133088242302
p286	cosy	2	seedvc	3	B	ecapa	exp210/clones/seedvc__from_cosy__seedB/p286_t3.wav	0.70575432996742304	0.63500811797776602
p286	cosy	2	seedvc	3	B	wavlmsv	exp210/clones/seedvc__from_cosy__seedB/p286_t3.wav	0.91845582471917209	0.86066482363422214
p286	cosy	3	seedvc	0	A	ecapa	exp210/clones/seedvc__from_cosy__seedA/p286_t0.wav	0.68521476492887423	0.76205298109487085
p286	cosy	3	seedvc	0	A	wavlmsv	exp210/clones/seedvc__from_cosy__seedA/p286_t0.wav	0.87462667689320905	0.91175658711961582
p286	cosy	3	seedvc	0	B	ecapa	exp210/clones/seedvc__from_cosy__seedB/p286_t0.wav	0.73968693876120306	0.63944901714008162
p286	cosy	3	seedvc	0	B	wavlmsv	exp210/clones/seedvc__from_cosy__seedB/p286_t0.wav	0.87885668051505972	0.86999366105958076
p286	seedvc	0	f5	1	A	ecapa	exp210/clones/f5__from_seedvc__seedA/p286_t1.wav	0.64002487641264105	0.6549010511615927
p286	seedvc	0	f5	1	A	wavlmsv	exp210/clones/f5__from_seedvc__seedA/p286_t1.wav	0.74132269993848809	0.81380131349419083
p286	seedvc	0	f5	1	B	ecapa	exp210/clones/f5__from_seedvc__seedB/p286_t1.wav	0.68529152419950923	0.63618676435972465
p286	seedvc	0	f5	1	B	wavlmsv	exp210/clones/f5__from_seedvc__seedB/p286_t1.wav	0.85743992419750836	0.80504630780900055
p286	seedvc	1	f5	2	A	ecapa	exp210/clones/f5__from_seedvc__seedA/p286_t2.wav	0.65443834107576748	0.65203027237004585
p286	seedvc	1	f5	2	A	wavlmsv	exp210/clones/f5__from_seedvc__seedA/p286_t2.wav	0.78505631233385831	0.87123667669219351
p286	seedvc	1	f5	2	B	ecapa	exp210/clones/f5__from_seedvc__seedB/p286_t2.wav	0.6203137136033714	0.577580450323669
p286	seedvc	1	f5	2	B	wavlmsv	exp210/clones/f5__from_seedvc__seedB/p286_t2.wav	0.87199079176307848	0.79140268831524363
p286	seedvc	2	f5	3	A	ecapa	exp210/clones/f5__from_seedvc__seedA/p286_t3.wav	0.61158061859425128	0.63119335736570326
p286	seedvc	2	f5	3	A	wavlmsv	exp210/clones/f5__from_seedvc__seedA/p286_t3.wav	0.73610321596575368	0.85011000540659709
p286	seedvc	2	f5	3	B	ecapa	exp210/clones/f5__from_seedvc__seedB/p286_t3.wav	0.64368167352631889	0.58363576090307523
p286	seedvc	2	f5	3	B	wavlmsv	exp210/clones/f5__from_seedvc__seedB/p286_t3.wav	0.85853792619640434	0.74520150536834806
p286	seedvc	3	f5	0	A	ecapa	exp210/clones/f5__from_seedvc__seedA/p286_t0.wav	0.64263195283210872	0.67186727796925061
p286	seedvc	3	f5	0	A	wavlmsv	exp210/clones/f5__from_seedvc__seedA/p286_t0.wav	0.75943408472484975	0.86266998941184325
p286	seedvc	3	f5	0	B	ecapa	exp210/clones/f5__from_seedvc__seedB/p286_t0.wav	0.65330933013535764	0.58201306689039312
p286	seedvc	3	f5	0	B	wavlmsv	exp210/clones/f5__from_seedvc__seedB/p286_t0.wav	0.86345513695658904	0.76543676162143626
p287	f5	0	xtts	1	A	ecapa	exp210/clones/xtts__from_f5__seedA/p287_t1.wav	0.59728426718640204	0.54704432031314076
p287	f5	0	xtts	1	A	wavlmsv	exp210/clones/xtts__from_f5__seedA/p287_t1.wav	0.96965590195373863	0.96222377488881317
p287	f5	0	xtts	1	B	ecapa	exp210/clones/xtts__from_f5__seedB/p287_t1.wav	0.67117026527696355	0.59539135666198195
p287	f5	0	xtts	1	B	wavlmsv	exp210/clones/xtts__from_f5__seedB/p287_t1.wav	0.97505350149196568	0.95909467534196446
p287	f5	1	xtts	2	A	ecapa	exp210/clones/xtts__from_f5__seedA/p287_t2.wav	0.65550074843492645	0.63078174010086441
p287	f5	1	xtts	2	A	wavlmsv	exp210/clones/xtts__from_f5__seedA/p287_t2.wav	0.97120371792238536	0.97205487246315081
p287	f5	1	xtts	2	B	ecapa	exp210/clones/xtts__from_f5__seedB/p287_t2.wav	0.5118015593722266	0.45151679521232013
p287	f5	1	xtts	2	B	wavlmsv	exp210/clones/xtts__from_f5__seedB/p287_t2.wav	0.97472181681289549	0.94709320180512946
p287	f5	2	xtts	3	A	ecapa	exp210/clones/xtts__from_f5__seedA/p287_t3.wav	0.67051230438389664	0.58622285027278032
p287	f5	2	xtts	3	A	wavlmsv	exp210/clones/xtts__from_f5__seedA/p287_t3.wav	0.9712458484970089	0.96693822899071891
p287	f5	2	xtts	3	B	ecapa	exp210/clones/xtts__from_f5__seedB/p287_t3.wav	0.56417603356579504	0.4639964492737636
p287	f5	2	xtts	3	B	wavlmsv	exp210/clones/xtts__from_f5__seedB/p287_t3.wav	0.9633711979443742	0.9436657267321702
p287	f5	3	xtts	0	A	ecapa	exp210/clones/xtts__from_f5__seedA/p287_t0.wav	0.34458203359343742	0.38207491200351235
p287	f5	3	xtts	0	A	wavlmsv	exp210/clones/xtts__from_f5__seedA/p287_t0.wav	0.80275112691211858	0.80502695883839204
p287	f5	3	xtts	0	B	ecapa	exp210/clones/xtts__from_f5__seedB/p287_t0.wav	0.60879328498257002	0.4853819330668398
p287	f5	3	xtts	0	B	wavlmsv	exp210/clones/xtts__from_f5__seedB/p287_t0.wav	0.96927712652220366	0.96369670530255203
p287	xtts	0	cosy	1	A	ecapa	exp210/clones/cosy__from_xtts__seedA/p287_t1.wav	0.64944975511663638	0.63681849749216157
p287	xtts	0	cosy	1	A	wavlmsv	exp210/clones/cosy__from_xtts__seedA/p287_t1.wav	0.95749775701649442	0.96940112602876094
p287	xtts	0	cosy	1	B	ecapa	exp210/clones/cosy__from_xtts__seedB/p287_t1.wav	0.64265601319226673	0.52923704969754559
p287	xtts	0	cosy	1	B	wavlmsv	exp210/clones/cosy__from_xtts__seedB/p287_t1.wav	0.96933861218766826	0.95549543019364458
p287	xtts	1	cosy	2	A	ecapa	exp210/clones/cosy__from_xtts__seedA/p287_t2.wav	0.69355552164156231	0.68059061538987931
p287	xtts	1	cosy	2	A	wavlmsv	exp210/clones/cosy__from_xtts__seedA/p287_t2.wav	0.93499649631528792	0.95823731477090246
p287	xtts	1	cosy	2	B	ecapa	exp210/clones/cosy__from_xtts__seedB/p287_t2.wav	0.72780095510157938	0.65644234142179625
p287	xtts	1	cosy	2	B	wavlmsv	exp210/clones/cosy__from_xtts__seedB/p287_t2.wav	0.98268414669541526	0.9721978544037001
p287	xtts	2	cosy	3	A	ecapa	exp210/clones/cosy__from_xtts__seedA/p287_t3.wav	0.61342284858904028	0.59175994065551307
p287	xtts	2	cosy	3	A	wavlmsv	exp210/clones/cosy__from_xtts__seedA/p287_t3.wav	0.93726715971685837	0.9614569923417754
p287	xtts	2	cosy	3	B	ecapa	exp210/clones/cosy__from_xtts__seedB/p287_t3.wav	0.59767510560122061	0.50366439284618425
p287	xtts	2	cosy	3	B	wavlmsv	exp210/clones/cosy__from_xtts__seedB/p287_t3.wav	0.95928210438601225	0.92846549602444639
p287	xtts	3	cosy	0	A	ecapa	exp210/clones/cosy__from_xtts__seedA/p287_t0.wav	0.65489817678414441	0.60076435160703179
p287	xtts	3	cosy	0	A	wavlmsv	exp210/clones/cosy__from_xtts__seedA/p287_t0.wav	0.97626791859772721	0.98161558776655888
p287	xtts	3	cosy	0	B	ecapa	exp210/clones/cosy__from_xtts__seedB/p287_t0.wav	0.62186282828838801	0.60135047306408385
p287	xtts	3	cosy	0	B	wavlmsv	exp210/clones/cosy__from_xtts__seedB/p287_t0.wav	0.95825292700101361	0.94418267389512689
p287	cosy	0	seedvc	1	A	ecapa	exp210/clones/seedvc__from_cosy__seedA/p287_t1.wav	0.57978432253461576	0.52322253101273142
p287	cosy	0	seedvc	1	A	wavlmsv	exp210/clones/seedvc__from_cosy__seedA/p287_t1.wav	0.8178821508420957	0.81030836404252238
p287	cosy	0	seedvc	1	B	ecapa	exp210/clones/seedvc__from_cosy__seedB/p287_t1.wav	0.65074096470597498	0.57598471813152519
p287	cosy	0	seedvc	1	B	wavlmsv	exp210/clones/seedvc__from_cosy__seedB/p287_t1.wav	0.83159321417883847	0.82752849470277456
p287	cosy	1	seedvc	2	A	ecapa	exp210/clones/seedvc__from_cosy__seedA/p287_t2.wav	0.57032520640238349	0.56063389297838562
p287	cosy	1	seedvc	2	A	wavlmsv	exp210/clones/seedvc__from_cosy__seedA/p287_t2.wav	0.86813227719043051	0.84265773058768834
p287	cosy	1	seedvc	2	B	ecapa	exp210/clones/seedvc__from_cosy__seedB/p287_t2.wav	0.62380789445847928	0.48111013583575751
p287	cosy	1	seedvc	2	B	wavlmsv	exp210/clones/seedvc__from_cosy__seedB/p287_t2.wav	0.84097244716727781	0.83976233920793264
p287	cosy	2	seedvc	3	A	ecapa	exp210/clones/seedvc__from_cosy__seedA/p287_t3.wav	0.62306197234109129	0.59789039258952115
p287	cosy	2	seedvc	3	A	wavlmsv	exp210/clones/seedvc__from_cosy__seedA/p287_t3.wav	0.85628825782710827	0.83878359480215292
p287	cosy	2	seedvc	3	B	ecapa	exp210/clones/seedvc__from_cosy__seedB/p287_t3.wav	0.62553042720622343	0.51612875127819646
p287	cosy	2	seedvc	3	B	wavlmsv	exp210/clones/seedvc__from_cosy__seedB/p287_t3.wav	0.8387452453624209	0.84063281780565724
p287	cosy	3	seedvc	0	A	ecapa	exp210/clones/seedvc__from_cosy__seedA/p287_t0.wav	0.64624131959309628	0.57621900660461578
p287	cosy	3	seedvc	0	A	wavlmsv	exp210/clones/seedvc__from_cosy__seedA/p287_t0.wav	0.89363579476423993	0.8672900852060127
p287	cosy	3	seedvc	0	B	ecapa	exp210/clones/seedvc__from_cosy__seedB/p287_t0.wav	0.59730720826892036	0.45740059687139734
p287	cosy	3	seedvc	0	B	wavlmsv	exp210/clones/seedvc__from_cosy__seedB/p287_t0.wav	0.89480232401282722	0.89010611620547775
p287	seedvc	0	f5	1	A	ecapa	exp210/clones/f5__from_seedvc__seedA/p287_t1.wav	0.54870659439380498	0.50126502076133639
p287	seedvc	0	f5	1	A	wavlmsv	exp210/clones/f5__from_seedvc__seedA/p287_t1.wav	0.84001554402362522	0.8145378720960289
p287	seedvc	0	f5	1	B	ecapa	exp210/clones/f5__from_seedvc__seedB/p287_t1.wav	0.55573035288462436	0.43594280971218174
p287	seedvc	0	f5	1	B	wavlmsv	exp210/clones/f5__from_seedvc__seedB/p287_t1.wav	0.83007289900664549	0.82635060047916553
p287	seedvc	1	f5	2	A	ecapa	exp210/clones/f5__from_seedvc__seedA/p287_t2.wav	0.52670628756400639	0.46872131333969325
p287	seedvc	1	f5	2	A	wavlmsv	exp210/clones/f5__from_seedvc__seedA/p287_t2.wav	0.8092870823631404	0.79279106638566788
p287	seedvc	1	f5	2	B	ecapa	exp210/clones/f5__from_seedvc__seedB/p287_t2.wav	0.55083921505595845	0.41073443294311263
p287	seedvc	1	f5	2	B	wavlmsv	exp210/clones/f5__from_seedvc__seedB/p287_t2.wav	0.81249109355518345	0.8080278957937177
p287	seedvc	2	f5	3	A	ecapa	exp210/clones/f5__from_seedvc__seedA/p287_t3.wav	0.45322386326100667	0.47168365336779078
p287	seedvc	2	f5	3	A	wavlmsv	exp210/clones/f5__from_seedvc__seedA/p287_t3.wav	0.7786797675208057	0.76727588414683912
p287	seedvc	2	f5	3	B	ecapa	exp210/clones/f5__from_seedvc__seedB/p287_t3.wav	0.48006873961514923	0.31444093933635398
p287	seedvc	2	f5	3	B	wavlmsv	exp210/clones/f5__from_seedvc__seedB/p287_t3.wav	0.78776907463276458	0.76929263045215002
p287	seedvc	3	f5	0	A	ecapa	exp210/clones/f5__from_seedvc__seedA/p287_t0.wav	0.52861777111061392	0.51038892233618893
p287	seedvc	3	f5	0	A	wavlmsv	exp210/clones/f5__from_seedvc__seedA/p287_t0.wav	0.83948467095838708	0.83706619076011424
p287	seedvc	3	f5	0	B	ecapa	exp210/clones/f5__from_seedvc__seedB/p287_t0.wav	0.59403686449347082	0.46385822374825464
p287	seedvc	3	f5	0	B	wavlmsv	exp210/clones/f5__from_seedvc__seedB/p287_t0.wav	0.84459133611230597	0.83923932174933946
p288	f5	0	xtts	1	A	ecapa	exp210/clones/xtts__from_f5__seedA/p288_t1.wav	0.4780148763622421	0.50011411085344937
p288	f5	0	xtts	1	A	wavlmsv	exp210/clones/xtts__from_f5__seedA/p288_t1.wav	0.7924551264473223	0.7083639995612615
p288	f5	0	xtts	1	B	ecapa	exp210/clones/xtts__from_f5__seedB/p288_t1.wav	0.67084620820613683	0.57893242242189102
p288	f5	0	xtts	1	B	wavlmsv	exp210/clones/xtts__from_f5__seedB/p288_t1.wav	0.92380195024984757	0.96126399238545457
p288	f5	1	xtts	2	A	ecapa	exp210/clones/xtts__from_f5__seedA/p288_t2.wav	0.62240337446915062	0.56401229713859347
p288	f5	1	xtts	2	A	wavlmsv	exp210/clones/xtts__from_f5__seedA/p288_t2.wav	0.91333569893307964	0.83984931415150688
p288	f5	1	xtts	2	B	ecapa	exp210/clones/xtts__from_f5__seedB/p288_t2.wav	0.66077961278747366	0.63074047152669266
p288	f5	1	xtts	2	B	wavlmsv	exp210/clones/xtts__from_f5__seedB/p288_t2.wav	0.93081401925253171	0.97243207878319371
p288	f5	2	xtts	3	A	ecapa	exp210/clones/xtts__from_f5__seedA/p288_t3.wav	0.67291529316811127	0.64653622509210151
p288	f5	2	xtts	3	A	wavlmsv	exp210/clones/xtts__from_f5__seedA/p288_t3.wav	0.96355178342849657	0.91007903884795027
p288	f5	2	xtts	3	B	ecapa	exp210/clones/xtts__from_f5__seedB/p288_t3.wav	0.71871092488978738	0.65966390428326882
p288	f5	2	xtts	3	B	wavlmsv	exp210/clones/xtts__from_f5__seedB/p288_t3.wav	0.97511586923193794	0.97540677726415104
p288	f5	3	xtts	0	A	ecapa	exp210/clones/xtts__from_f5__seedA/p288_t0.wav	0.53084520040959382	0.51742659615879671
p288	f5	3	xtts	0	A	wavlmsv	exp210/clones/xtts__from_f5__seedA/p288_t0.wav	0.95990282706121133	0.91376331888913798
p288	f5	3	xtts	0	B	ecapa	exp210/clones/xtts__from_f5__seedB/p288_t0.wav	0.57773162865368111	0.55737761396611663
p288	f5	3	xtts	0	B	wavlmsv	exp210/clones/xtts__from_f5__seedB/p288_t0.wav	0.91654244303214893	0.95726945564012667
p288	xtts	0	cosy	1	A	ecapa	exp210/clones/cosy__from_xtts__seedA/p288_t1.wav	0.62933049514492434	0.57315093935785233
p288	xtts	0	cosy	1	A	wavlmsv	exp210/clones/cosy__from_xtts__seedA/p288_t1.wav	0.95987799495598458	0.91108266366281909
p288	xtts	0	cosy	1	B	ecapa	exp210/clones/cosy__from_xtts__seedB/p288_t1.wav	0.7388239947477504	0.712554189781478
p288	xtts	0	cosy	1	B	wavlmsv	exp210/clones/cosy__from_xtts__seedB/p288_t1.wav	0.92832118278817133	0.96589794932191553
p288	xtts	1	cosy	2	A	ecapa	exp210/clones/cosy__from_xtts__seedA/p288_t2.wav	0.64513303284413581	0.58120677297097834
p288	xtts	1	cosy	2	A	wavlmsv	exp210/clones/cosy__from_xtts__seedA/p288_t2.wav	0.97254102002841369	0.94578786668554993
p288	xtts	1	cosy	2	B	ecapa	exp210/clones/cosy__from_xtts__seedB/p288_t2.wav	0.67369321073663513	0.65305237686773976
p288	xtts	1	cosy	2	B	wavlmsv	exp210/clones/cosy__from_xtts__seedB/p288_t2.wav	0.92000536941385824	0.96442475264646488
p288	xtts	2	cosy	3	A	ecapa	exp210/clones/cosy__from_xtts__seedA/p288_t3.wav	0.74933655206617789	0.67129176268804724
p288	xtts	2	cosy	3	A	wavlmsv	exp210/clones/cosy__from_xtts__seedA/p288_t3.wav	0.97252732553904453	0.94980644059790531
p288	xtts	2	cosy	3	B	ecapa	exp210/clones/cosy__from_xtts__seedB/p288_t3.wav	0.63360952489360289	0.65104923336148479
p288	xtts	2	cosy	3	B	wavlmsv	exp210/clones/cosy__from_xtts__seedB/p288_t3.wav	0.89405748163947185	0.9501337992600859
p288	xtts	3	cosy	0	A	ecapa	exp210/clones/cosy__from_xtts__seedA/p288_t0.wav	0.73012880349586196	0.64192479914792955
p288	xtts	3	cosy	0	A	wavlmsv	exp210/clones/cosy__from_xtts__seedA/p288_t0.wav	0.9738511735227644	0.93087420123531983
p288	xtts	3	cosy	0	B	ecapa	exp210/clones/cosy__from_xtts__seedB/p288_t0.wav	0.69677511352843413	0.69458748882093602
p288	xtts	3	cosy	0	B	wavlmsv	exp210/clones/cosy__from_xtts__seedB/p288_t0.wav	0.95229421491718436	0.96804539806093803
p288	cosy	0	seedvc	1	A	ecapa	exp210/clones/seedvc__from_cosy__seedA/p288_t1.wav	0.64540122721836646	0.59531584701956064
p288	cosy	0	seedvc	1	A	wavlmsv	exp210/clones/seedvc__from_cosy__seedA/p288_t1.wav	0.83038672284877402	0.76161289718311909
p288	cosy	0	seedvc	1	B	ecapa	exp210/clones/seedvc__from_cosy__seedB/p288_t1.wav	0.5756251166461035	0.5218515157593655
p288	cosy	0	seedvc	1	B	wavlmsv	exp210/clones/seedvc__from_cosy__seedB/p288_t1.wav	0.74829017316951896	0.82593658735375342
p288	cosy	1	seedvc	2	A	ecapa	exp210/clones/seedvc__from_cosy__seedA/p288_t2.wav	0.61985485974832621	0.5544252134784603
p288	cosy	1	seedvc	2	A	wavlmsv	exp210/clones/seedvc__from_cosy__seedA/p288_t2.wav	0.83824288095042077	0.76419589915570763
p288	cosy	1	seedvc	2	B	ecapa	exp210/clones/seedvc__from_cosy__seedB/p288_t2.wav	0.52843822709374022	0.54083643736828146
p288	cosy	1	seedvc	2	B	wavlmsv	exp210/clones/seedvc__from_cosy__seedB/p288_t2.wav	0.77659590450389038	0.85569616489354972
p288	cosy	2	seedvc	3	A	ecapa	exp210/clones/seedvc__from_cosy__seedA/p288_t3.wav	0.66469074178171372	0.555978677598294
p288	cosy	2	seedvc	3	A	wavlmsv	exp210/clones/seedvc__from_cosy__seedA/p288_t3.wav	0.86272452600020744	0.78859886062413465
p288	cosy	2	seedvc	3	B	ecapa	exp210/clones/seedvc__from_cosy__seedB/p288_t3.wav	0.59133774661272631	0.61660375837290116
p288	cosy	2	seedvc	3	B	wavlmsv	exp210/clones/seedvc__from_cosy__seedB/p288_t3.wav	0.79681207592945069	0.86188628586728111
p288	cosy	3	seedvc	0	A	ecapa	exp210/clones/seedvc__from_cosy__seedA/p288_t0.wav	0.64181807407226499	0.57959805610505577
p288	cosy	3	seedvc	0	A	wavlmsv	exp210/clones/seedvc__from_cosy__seedA/p288_t0.wav	0.87167156902190612	0.77685019474855854
p288	cosy	3	seedvc	0	B	ecapa	exp210/clones/seedvc__from_cosy__seedB/p288_t0.wav	0.59341540747701038	0.59163481430096021
p288	cosy	3	seedvc	0	B	wavlmsv	exp210/clones/seedvc__from_cosy__seedB/p288_t0.wav	0.80494237854968498	0.88868658754028995
p288	seedvc	0	f5	1	A	ecapa	exp210/clones/f5__from_seedvc__seedA/p288_t1.wav	0.64794379955764758	0.52526320706603069
p288	seedvc	0	f5	1	A	wavlmsv	exp210/clones/f5__from_seedvc__seedA/p288_t1.wav	0.80838599761888252	0.69778899118171678
p288	seedvc	0	f5	1	B	ecapa	exp210/clones/f5__from_seedvc__seedB/p288_t1.wav	0.58733191503958193	0.62324437259214505
p288	seedvc	0	f5	1	B	wavlmsv	exp210/clones/f5__from_seedvc__seedB/p288_t1.wav	0.75887263521864479	0.8428049637922943
p288	seedvc	1	f5	2	A	ecapa	exp210/clones/f5__from_seedvc__seedA/p288_t2.wav	0.59532118533230949	0.48846133394966962
p288	seedvc	1	f5	2	A	wavlmsv	exp210/clones/f5__from_seedvc__seedA/p288_t2.wav	0.80507509065627481	0.72281809485458459
p288	seedvc	1	f5	2	B	ecapa	exp210/clones/f5__from_seedvc__seedB/p288_t2.wav	0.50399315268488332	0.50501264167927262
p288	seedvc	1	f5	2	B	wavlmsv	exp210/clones/f5__from_seedvc__seedB/p288_t2.wav	0.7406465977401927	0.81815960220266837
p288	seedvc	2	f5	3	A	ecapa	exp210/clones/f5__from_seedvc__seedA/p288_t3.wav	0.60267563822015235	0.48149825697212789
p288	seedvc	2	f5	3	A	wavlmsv	exp210/clones/f5__from_seedvc__seedA/p288_t3.wav	0.79307906409718121	0.73058127571120324
p288	seedvc	2	f5	3	B	ecapa	exp210/clones/f5__from_seedvc__seedB/p288_t3.wav	0.53878331384325806	0.55535135690115256
p288	seedvc	2	f5	3	B	wavlmsv	exp210/clones/f5__from_seedvc__seedB/p288_t3.wav	0.77721507574345772	0.84354904431856792
p288	seedvc	3	f5	0	A	ecapa	exp210/clones/f5__from_seedvc__seedA/p288_t0.wav	0.6368522521207084	0.51071597533131641
p288	seedvc	3	f5	0	A	wavlmsv	exp210/clones/f5__from_seedvc__seedA/p288_t0.wav	0.77829675784315455	0.69233103085792735
p288	seedvc	3	f5	0	B	ecapa	exp210/clones/f5__from_seedvc__seedB/p288_t0.wav	0.57988752570245583	0.59604053508363986
p288	seedvc	3	f5	0	B	wavlmsv	exp210/clones/f5__from_seedvc__seedB/p288_t0.wav	0.75477647436371176	0.82539888027360142
p292	f5	0	xtts	1	A	ecapa	exp210/clones/xtts__from_f5__seedA/p292_t1.wav	0.40946406466546204	0.4142347090096471
p292	f5	0	xtts	1	A	wavlmsv	exp210/clones/xtts__from_f5__seedA/p292_t1.wav	0.77404145120916734	0.77280905710201142
p292	f5	0	xtts	1	B	ecapa	exp210/clones/xtts__from_f5__seedB/p292_t1.wav	0.4939487265417819	0.36437672594505477
p292	f5	0	xtts	1	B	wavlmsv	exp210/clones/xtts__from_f5__seedB/p292_t1.wav	0.89346561469885233	0.81941536164045248
p292	f5	1	xtts	2	A	ecapa	exp210/clones/xtts__from_f5__seedA/p292_t2.wav	0.38817644941361373	0.44318146571204819
p292	f5	1	xtts	2	A	wavlmsv	exp210/clones/xtts__from_f5__seedA/p292_t2.wav	0.79786011587078898	0.86842729240402861
p292	f5	1	xtts	2	B	ecapa	exp210/clones/xtts__from_f5__seedB/p292_t2.wav	0.56473198788665457	0.48323066710295437
p292	f5	1	xtts	2	B	wavlmsv	exp210/clones/xtts__from_f5__seedB/p292_t2.wav	0.91202605686976845	0.88027427754741794
p292	f5	2	xtts	3	A	ecapa	exp210/clones/xtts__from_f5__seedA/p292_t3.wav	0.46863074304409169	0.44643496951668316
p292	f5	2	xtts	3	A	wavlmsv	exp210/clones/xtts__from_f5__seedA/p292_t3.wav	0.85857808475125919	0.82494155467539965
p292	f5	2	xtts	3	B	ecapa	exp210/clones/xtts__from_f5__seedB/p292_t3.wav	0.39927886665781931	0.32749260321843399
p292	f5	2	xtts	3	B	wavlmsv	exp210/clones/xtts__from_f5__seedB/p292_t3.wav	0.84018841315172632	0.85236696330713813
p292	f5	3	xtts	0	A	ecapa	exp210/clones/xtts__from_f5__seedA/p292_t0.wav	0.51152095334044434	0.57295843295472082
p292	f5	3	xtts	0	A	wavlmsv	exp210/clones/xtts__from_f5__seedA/p292_t0.wav	0.83299948923666967	0.75217569329105993
p292	f5	3	xtts	0	B	ecapa	exp210/clones/xtts__from_f5__seedB/p292_t0.wav	0.52037597251454493	0.34261909788764278
p292	f5	3	xtts	0	B	wavlmsv	exp210/clones/xtts__from_f5__seedB/p292_t0.wav	0.84172531711104659	0.83945123080570694
p292	xtts	0	cosy	1	A	ecapa	exp210/clones/cosy__from_xtts__seedA/p292_t1.wav	0.42433911672638552	0.51232141321375879
p292	xtts	0	cosy	1	A	wavlmsv	exp210/clones/cosy__from_xtts__seedA/p292_t1.wav	0.86172308743051707	0.88359408431585607
p292	xtts	0	cosy	1	B	ecapa	exp210/clones/cosy__from_xtts__seedB/p292_t1.wav	0.53372672309515456	0.38068868384596616
p292	xtts	0	cosy	1	B	wavlmsv	exp210/clones/cosy__from_xtts__seedB/p292_t1.wav	0.91743095706631494	0.90209797010533066
p292	xtts	1	cosy	2	A	ecapa	exp210/clones/cosy__from_xtts__seedA/p292_t2.wav	0.45963041665010107	0.52357636615509107
p292	xtts	1	cosy	2	A	wavlmsv	exp210/clones/cosy__from_xtts__seedA/p292_t2.wav	0.88342379804791227	0.86126773581743143
p292	xtts	1	cosy	2	B	ecapa	exp210/clones/cosy__from_xtts__seedB/p292_t2.wav	0.5563105586676973	0.38088418975474925
p292	xtts	1	cosy	2	B	wavlmsv	exp210/clones/cosy__from_xtts__seedB/p292_t2.wav	0.9307417699046987	0.87165622893689898
p292	xtts	2	cosy	3	A	ecapa	exp210/clones/cosy__from_xtts__seedA/p292_t3.wav	0.44743658496252148	0.48080130736438637
p292	xtts	2	cosy	3	A	wavlmsv	exp210/clones/cosy__from_xtts__seedA/p292_t3.wav	0.88867454294420867	0.83985706058789678
p292	xtts	2	cosy	3	B	ecapa	exp210/clones/cosy__from_xtts__seedB/p292_t3.wav	0.53378556174653835	0.36871930506026573
p292	xtts	2	cosy	3	B	wavlmsv	exp210/clones/cosy__from_xtts__seedB/p292_t3.wav	0.88431893936905193	0.88095943526306608
p292	xtts	3	cosy	0	A	ecapa	exp210/clones/cosy__from_xtts__seedA/p292_t0.wav	0.47159489874875415	0.57765283720955929
p292	xtts	3	cosy	0	A	wavlmsv	exp210/clones/cosy__from_xtts__seedA/p292_t0.wav	0.90375444489829238	0.85806499278698212
p292	xtts	3	cosy	0	B	ecapa	exp210/clones/cosy__from_xtts__seedB/p292_t0.wav	0.591035705908598	0.39285403729491719
p292	xtts	3	cosy	0	B	wavlmsv	exp210/clones/cosy__from_xtts__seedB/p292_t0.wav	0.92692921763298797	0.8900350143216601
p292	cosy	0	seedvc	1	A	ecapa	exp210/clones/seedvc__from_cosy__seedA/p292_t1.wav	0.57387509032825867	0.49283751181991714
p292	cosy	0	seedvc	1	A	wavlmsv	exp210/clones/seedvc__from_cosy__seedA/p292_t1.wav	0.8675837583470799	0.81518023468456091
p292	cosy	0	seedvc	1	B	ecapa	exp210/clones/seedvc__from_cosy__seedB/p292_t1.wav	0.60567303081962209	0.446108070037465
p292	cosy	0	seedvc	1	B	wavlmsv	exp210/clones/seedvc__from_cosy__seedB/p292_t1.wav	0.90733857416339336	0.83980725724082805
p292	cosy	1	seedvc	2	A	ecapa	exp210/clones/seedvc__from_cosy__seedA/p292_t2.wav	0.54686671437106282	0.49809324268350874
p292	cosy	1	seedvc	2	A	wavlmsv	exp210/clones/seedvc__from_cosy__seedA/p292_t2.wav	0.87778076569085517	0.92859566040735175
p292	cosy	1	seedvc	2	B	ecapa	exp210/clones/seedvc__from_cosy__seedB/p292_t2.wav	0.58320150309700747	0.43637836362871107
p292	cosy	1	seedvc	2	B	wavlmsv	exp210/clones/seedvc__from_cosy__seedB/p292_t2.wav	0.94076554053000405	0.83449734678296084
p292	cosy	2	seedvc	3	A	ecapa	exp210/clones/seedvc__from_cosy__seedA/p292_t3.wav	0.53847821181204836	0.44462472373456485
p292	cosy	2	seedvc	3	A	wavlmsv	exp210/clones/seedvc__from_cosy__seedA/p292_t3.wav	0.89912212380921064	0.87426571181155843
p292	cosy	2	seedvc	3	B	ecapa	exp210/clones/seedvc__from_cosy__seedB/p292_t3.wav	0.51998864369350617	0.37414768822868616
p292	cosy	2	seedvc	3	B	wavlmsv	exp210/clones/seedvc__from_cosy__seedB/p292_t3.wav	0.91885069367192618	0.87032066557153065
p292	cosy	3	seedvc	0	A	ecapa	exp210/clones/seedvc__from_cosy__seedA/p292_t0.wav	0.54300592966343897	0.44627620655313094
p292	cosy	3	seedvc	0	A	wavlmsv	exp210/clones/seedvc__from_cosy__seedA/p292_t0.wav	0.88478120431106255	0.87132559222802675
p292	cosy	3	seedvc	0	B	ecapa	exp210/clones/seedvc__from_cosy__seedB/p292_t0.wav	0.59205627749247214	0.47083197584637076
p292	cosy	3	seedvc	0	B	wavlmsv	exp210/clones/seedvc__from_cosy__seedB/p292_t0.wav	0.94176823186526226	0.90126970944553153
p292	seedvc	0	f5	1	A	ecapa	exp210/clones/f5__from_seedvc__seedA/p292_t1.wav	0.64042033196822734	0.53542697062283984
p292	seedvc	0	f5	1	A	wavlmsv	exp210/clones/f5__from_seedvc__seedA/p292_t1.wav	0.88246473192487018	0.92656838023234167
p292	seedvc	0	f5	1	B	ecapa	exp210/clones/f5__from_seedvc__seedB/p292_t1.wav	0.62419082929615288	0.52510543894960526
p292	seedvc	0	f5	1	B	wavlmsv	exp210/clones/f5__from_seedvc__seedB/p292_t1.wav	0.93931374244685806	0.82113001752902304
p292	seedvc	1	f5	2	A	ecapa	exp210/clones/f5__from_seedvc__seedA/p292_t2.wav	0.57547899560382332	0.5229431589728053
p292	seedvc	1	f5	2	A	wavlmsv	exp210/clones/f5__from_seedvc__seedA/p292_t2.wav	0.89421391001907935	0.9048265378435022
p292	seedvc	1	f5	2	B	ecapa	exp210/clones/f5__from_seedvc__seedB/p292_t2.wav	0.59016395738719796	0.44226897435285778
p292	seedvc	1	f5	2	B	wavlmsv	exp210/clones/f5__from_seedvc__seedB/p292_t2.wav	0.94616964497869205	0.85125046699420848
p292	seedvc	2	f5	3	A	ecapa	exp210/clones/f5__from_seedvc__seedA/p292_t3.wav	0.53719305222328773	0.52946827079301773
p292	seedvc	2	f5	3	A	wavlmsv	exp210/clones/f5__from_seedvc__seedA/p292_t3.wav	0.86547005485320616	0.92902708758189778
p292	seedvc	2	f5	3	B	ecapa	exp210/clones/f5__from_seedvc__seedB/p292_t3.wav	0.55294197644277399	0.34606805152350434
p292	seedvc	2	f5	3	B	wavlmsv	exp210/clones/f5__from_seedvc__seedB/p292_t3.wav	0.93997345392285614	0.82213319934010221
p292	seedvc	3	f5	0	A	ecapa	exp210/clones/f5__from_seedvc__seedA/p292_t0.wav	0.55225182224822444	0.51133934210671128
p292	seedvc	3	f5	0	A	wavlmsv	exp210/clones/f5__from_seedvc__seedA/p292_t0.wav	0.88459593318940299	0.87198389088822226
p292	seedvc	3	f5	0	B	ecapa	exp210/clones/f5__from_seedvc__seedB/p292_t0.wav	0.64115299692978334	0.48011804998092078
p292	seedvc	3	f5	0	B	wavlmsv	exp210/clones/f5__from_seedvc__seedB/p292_t0.wav	0.91127276438093097	0.84058223465656567
p294	f5	0	xtts	1	A	ecapa	exp210/clones/xtts__from_f5__seedA/p294_t1.wav	0.56649345883835367	0.51009597398385065
p294	f5	0	xtts	1	A	wavlmsv	exp210/clones/xtts__from_f5__seedA/p294_t1.wav	0.9464530047002242	0.90662015622472769
p294	f5	0	xtts	1	B	ecapa	exp210/clones/xtts__from_f5__seedB/p294_t1.wav	0.45960774083098876	0.51043906256346561
p294	f5	0	xtts	1	B	wavlmsv	exp210/clones/xtts__from_f5__seedB/p294_t1.wav	0.90765897656602457	0.94274567491199102
p294	f5	1	xtts	2	A	ecapa	exp210/clones/xtts__from_f5__seedA/p294_t2.wav	0.53098695386640105	0.45150931199030886
p294	f5	1	xtts	2	A	wavlmsv	exp210/clones/xtts__from_f5__seedA/p294_t2.wav	0.93777661628477305	0.90568501825508663
p294	f5	1	xtts	2	B	ecapa	exp210/clones/xtts__from_f5__seedB/p294_t2.wav	0.42871126229483514	0.48024907328292576
p294	f5	1	xtts	2	B	wavlmsv	exp210/clones/xtts__from_f5__seedB/p294_t2.wav	0.91291841024666676	0.95053728876042065
p294	f5	2	xtts	3	A	ecapa	exp210/clones/xtts__from_f5__seedA/p294_t3.wav	0.59533287402917889	0.45293543176781659
p294	f5	2	xtts	3	A	wavlmsv	exp210/clones/xtts__from_f5__seedA/p294_t3.wav	0.94298585295762005	0.89646242161937817
p294	f5	2	xtts	3	B	ecapa	exp210/clones/xtts__from_f5__seedB/p294_t3.wav	0.47420291819172322	0.54440637410934989
p294	f5	2	xtts	3	B	wavlmsv	exp210/clones/xtts__from_f5__seedB/p294_t3.wav	0.90698324255212237	0.95014311443187682
p294	f5	3	xtts	0	A	ecapa	exp210/clones/xtts__from_f5__seedA/p294_t0.wav	0.5277242868033426	0.4314687160388791
p294	f5	3	xtts	0	A	wavlmsv	exp210/clones/xtts__from_f5__seedA/p294_t0.wav	0.93035757384979867	0.90851222454074265
p294	f5	3	xtts	0	B	ecapa	exp210/clones/xtts__from_f5__seedB/p294_t0.wav	0.44415815114889257	0.47704833684389625
p294	f5	3	xtts	0	B	wavlmsv	exp210/clones/xtts__from_f5__seedB/p294_t0.wav	0.93700298673081928	0.94511865935791717
p294	xtts	0	cosy	1	A	ecapa	exp210/clones/cosy__from_xtts__seedA/p294_t1.wav	0.5831595209665098	0.49928078630159323
p294	xtts	0	cosy	1	A	wavlmsv	exp210/clones/cosy__from_xtts__seedA/p294_t1.wav	0.92989742247942264	0.90293486970024228
p294	xtts	0	cosy	1	B	ecapa	exp210/clones/cosy__from_xtts__seedB/p294_t1.wav	0.5608622422745797	0.55613044577468862
p294	xtts	0	cosy	1	B	wavlmsv	exp210/clones/cosy__from_xtts__seedB/p294_t1.wav	0.93804931275161274	0.96442947714729532
p294	xtts	1	cosy	2	A	ecapa	exp210/clones/cosy__from_xtts__seedA/p294_t2.wav	0.64644499426438928	0.5101777114402205
p294	xtts	1	cosy	2	A	wavlmsv	exp210/clones/cosy__from_xtts__seedA/p294_t2.wav	0.95062519199915751	0.89709235280989552
p294	xtts	1	cosy	2	B	ecapa	exp210/clones/cosy__from_xtts__seedB/p294_t2.wav	0.56637773423888749	0.59400905188982578
p294	xtts	1	cosy	2	B	wavlmsv	exp210/clones/cosy__from_xtts__seedB/p294_t2.wav	0.93590031144617358	0.94475742616039859
p294	xtts	2	cosy	3	A	ecapa	exp210/clones/cosy__from_xtts__seedA/p294_t3.wav	0.53562754680586178	0.38350471445583112
p294	xtts	2	cosy	3	A	wavlmsv	exp210/clones/cosy__from_xtts__seedA/p294_t3.wav	0.94893932787828439	0.91449422968375471
p294	xtts	2	cosy	3	B	ecapa	exp210/clones/cosy__from_xtts__seedB/p294_t3.wav	0.382593392684903	0.48417257158873589
p294	xtts	2	cosy	3	B	wavlmsv	exp210/clones/cosy__from_xtts__seedB/p294_t3.wav	0.91377776773275166	0.95408952410449466
p294	xtts	3	cosy	0	A	ecapa	exp210/clones/cosy__from_xtts__seedA/p294_t0.wav	0.57532885512314336	0.40607247273355696
p294	xtts	3	cosy	0	A	wavlmsv	exp210/clones/cosy__from_xtts__seedA/p294_t0.wav	0.93783115824077168	0.90382825824585333
p294	xtts	3	cosy	0	B	ecapa	exp210/clones/cosy__from_xtts__seedB/p294_t0.wav	0.50949179324213889	0.57907676176290335
p294	xtts	3	cosy	0	B	wavlmsv	exp210/clones/cosy__from_xtts__seedB/p294_t0.wav	0.94527445895266293	0.94806536107847639
p294	cosy	0	seedvc	1	A	ecapa	exp210/clones/seedvc__from_cosy__seedA/p294_t1.wav	0.69058523919465165	0.58963985729463708
p294	cosy	0	seedvc	1	A	wavlmsv	exp210/clones/seedvc__from_cosy__seedA/p294_t1.wav	0.96004452130942808	0.92935018026449057
p294	cosy	0	seedvc	1	B	ecapa	exp210/clones/seedvc__from_cosy__seedB/p294_t1.wav	0.62448820449782128	0.59075264905982927
p294	cosy	0	seedvc	1	B	wavlmsv	exp210/clones/seedvc__from_cosy__seedB/p294_t1.wav	0.95303573043493606	0.97019032672125083
p294	cosy	1	seedvc	2	A	ecapa	exp210/clones/seedvc__from_cosy__seedA/p294_t2.wav	0.67612228131863894	0.5482727076545415
p294	cosy	1	seedvc	2	A	wavlmsv	exp210/clones/seedvc__from_cosy__seedA/p294_t2.wav	0.95805974566367325	0.93148901891923874
p294	cosy	1	seedvc	2	B	ecapa	exp210/clones/seedvc__from_cosy__seedB/p294_t2.wav	0.58368088982554767	0.59122831333393144
p294	cosy	1	seedvc	2	B	wavlmsv	exp210/clones/seedvc__from_cosy__seedB/p294_t2.wav	0.9320924100772775	0.95717221758432447
p294	cosy	2	seedvc	3	A	ecapa	exp210/clones/seedvc__from_cosy__seedA/p294_t3.wav	0.68968633447195726	0.53986072011756847
p294	cosy	2	seedvc	3	A	wavlmsv	exp210/clones/seedvc__from_cosy__seedA/p294_t3.wav	0.96827011492034432	0.93085384481046407
p294	cosy	2	seedvc	3	B	ecapa	exp210/clones/seedvc__from_cosy__seedB/p294_t3.wav	0.54061153953683316	0.61411538177225156
p294	cosy	2	seedvc	3	B	wavlmsv	exp210/clones/seedvc__from_cosy__seedB/p294_t3.wav	0.93081891756631552	0.95182299088658007
p294	cosy	3	seedvc	0	A	ecapa	exp210/clones/seedvc__from_cosy__seedA/p294_t0.wav	0.68186987912894514	0.57454940499994045
p294	cosy	3	seedvc	0	A	wavlmsv	exp210/clones/seedvc__from_cosy__seedA/p294_t0.wav	0.96920010207518137	0.96460462253262735
p294	cosy	3	seedvc	0	B	ecapa	exp210/clones/seedvc__from_cosy__seedB/p294_t0.wav	0.57760272667873569	0.60726761121727513
p294	cosy	3	seedvc	0	B	wavlmsv	exp210/clones/seedvc__from_cosy__seedB/p294_t0.wav	0.94692051301071856	0.92706056313717033
p294	seedvc	0	f5	1	A	ecapa	exp210/clones/f5__from_seedvc__seedA/p294_t1.wav	0.68487009650914188	0.57079819485715144
p294	seedvc	0	f5	1	A	wavlmsv	exp210/clones/f5__from_seedvc__seedA/p294_t1.wav	0.92318684644235205	0.92056042785539138
p294	seedvc	0	f5	1	B	ecapa	exp210/clones/f5__from_seedvc__seedB/p294_t1.wav	0.6336569780733099	0.57033556052411294
p294	seedvc	0	f5	1	B	wavlmsv	exp210/clones/f5__from_seedvc__seedB/p294_t1.wav	0.92586521501915775	0.90149266454597976
p294	seedvc	1	f5	2	A	ecapa	exp210/clones/f5__from_seedvc__seedA/p294_t2.wav	0.71945380237130596	0.61541732503542279
p294	seedvc	1	f5	2	A	wavlmsv	exp210/clones/f5__from_seedvc__seedA/p294_t2.wav	0.96210875957109687	0.93961713204673647
p294	seedvc	1	f5	2	B	ecapa	exp210/clones/f5__from_seedvc__seedB/p294_t2.wav	0.65070829166499689	0.67551417387728707
p294	seedvc	1	f5	2	B	wavlmsv	exp210/clones/f5__from_seedvc__seedB/p294_t2.wav	0.94124900411866119	0.96063836668890934
p294	seedvc	2	f5	3	A	ecapa	exp210/clones/f5__from_seedvc__seedA/p294_t3.wav	0.63128028863590901	0.4522238683673519
p294	seedvc	2	f5	3	A	wavlmsv	exp210/clones/f5__from_seedvc__seedA/p294_t3.wav	0.95303269264112855	0.92300690679009345
p294	seedvc	2	f5	3	B	ecapa	exp210/clones/f5__from_seedvc__seedB/p294_t3.wav	0.52809022323245292	0.55549293414782808
p294	seedvc	2	f5	3	B	wavlmsv	exp210/clones/f5__from_seedvc__seedB/p294_t3.wav	0.93763944149388956	0.9665808048598965
p294	seedvc	3	f5	0	A	ecapa	exp210/clones/f5__from_seedvc__seedA/p294_t0.wav	0.62496247839218477	0.55984686274635731
p294	seedvc	3	f5	0	A	wavlmsv	exp210/clones/f5__from_seedvc__seedA/p294_t0.wav	0.94603921715982064	0.91566708768589455
p294	seedvc	3	f5	0	B	ecapa	exp210/clones/f5__from_seedvc__seedB/p294_t0.wav	0.61458678604960215	0.59007496740883592
p294	seedvc	3	f5	0	B	wavlmsv	exp210/clones/f5__from_seedvc__seedB/p294_t0.wav	0.92568669343465571	0.94009399619318623
p295	f5	0	xtts	1	A	ecapa	exp210/clones/xtts__from_f5__seedA/p295_t1.wav	0.44722158286171759	0.47450558469382098
p295	f5	0	xtts	1	A	wavlmsv	exp210/clones/xtts__from_f5__seedA/p295_t1.wav	0.86661859828489607	0.85408284784276622
p295	f5	0	xtts	1	B	ecapa	exp210/clones/xtts__from_f5__seedB/p295_t1.wav	0.43237320468935991	0.35975148782374056
p295	f5	0	xtts	1	B	wavlmsv	exp210/clones/xtts__from_f5__seedB/p295_t1.wav	0.86544262547693263	0.86524405216664113
p295	f5	1	xtts	2	A	ecapa	exp210/clones/xtts__from_f5__seedA/p295_t2.wav	0.47022662070321303	0.49056568960328534
p295	f5	1	xtts	2	A	wavlmsv	exp210/clones/xtts__from_f5__seedA/p295_t2.wav	0.92185922737560755	0.88890332570127784
p295	f5	1	xtts	2	B	ecapa	exp210/clones/xtts__from_f5__seedB/p295_t2.wav	0.51722055486365881	0.50598231460646992
p295	f5	1	xtts	2	B	wavlmsv	exp210/clones/xtts__from_f5__seedB/p295_t2.wav	0.93246376053740787	0.93230299776835057
p295	f5	2	xtts	3	A	ecapa	exp210/clones/xtts__from_f5__seedA/p295_t3.wav	0.52256613550056219	0.51683421850323885
p295	f5	2	xtts	3	A	wavlmsv	exp210/clones/xtts__from_f5__seedA/p295_t3.wav	0.90704046663059779	0.88410765624897503
p295	f5	2	xtts	3	B	ecapa	exp210/clones/xtts__from_f5__seedB/p295_t3.wav	0.43624519232127323	0.38522486582219401
p295	f5	2	xtts	3	B	wavlmsv	exp210/clones/xtts__from_f5__seedB/p295_t3.wav	0.82810660800586411	0.82245392461323874
p295	f5	3	xtts	0	A	ecapa	exp210/clones/xtts__from_f5__seedA/p295_t0.wav	0.49029304290413367	0.57115591148413247
p295	f5	3	xtts	0	A	wavlmsv	exp210/clones/xtts__from_f5__seedA/p295_t0.wav	0.88138131602316561	0.85828466797908365
p295	f5	3	xtts	0	B	ecapa	exp210/clones/xtts__from_f5__seedB/p295_t0.wav	0.49001161989980802	0.32822681372709622
p295	f5	3	xtts	0	B	wavlmsv	exp210/clones/xtts__from_f5__seedB/p295_t0.wav	0.81240935074095488	0.85866724404193007
p295	xtts	0	cosy	1	A	ecapa	exp210/clones/cosy__from_xtts__seedA/p295_t1.wav	0.46670083896161696	0.45979958133279153
p295	xtts	0	cosy	1	A	wavlmsv	exp210/clones/cosy__from_xtts__seedA/p295_t1.wav	0.9043933268056521	0.88881933968553195
p295	xtts	0	cosy	1	B	ecapa	exp210/clones/cosy__from_xtts__seedB/p295_t1.wav	0.5007830890934335	0.36791135367029904
p295	xtts	0	cosy	1	B	wavlmsv	exp210/clones/cosy__from_xtts__seedB/p295_t1.wav	0.87953837793303036	0.88902393802912605
p295	xtts	1	cosy	2	A	ecapa	exp210/clones/cosy__from_xtts__seedA/p295_t2.wav	0.51324602745153458	0.4905200627004489
p295	xtts	1	cosy	2	A	wavlmsv	exp210/clones/cosy__from_xtts__seedA/p295_t2.wav	0.87155515845698872	0.87285879142668799
p295	xtts	1	cosy	2	B	ecapa	exp210/clones/cosy__from_xtts__seedB/p295_t2.wav	0.51394652463504165	0.43398605787809819
p295	xtts	1	cosy	2	B	wavlmsv	exp210/clones/cosy__from_xtts__seedB/p295_t2.wav	0.89893537787212396	0.87734961231695474
p295	xtts	2	cosy	3	A	ecapa	exp210/clones/cosy__from_xtts__seedA/p295_t3.wav	0.45727134505887257	0.48013697448646891
p295	xtts	2	cosy	3	A	wavlmsv	exp210/clones/cosy__from_xtts__seedA/p295_t3.wav	0.89768636181981332	0.90200731067797202
p295	xtts	2	cosy	3	B	ecapa	exp210/clones/cosy__from_xtts__seedB/p295_t3.wav	0.50594284907845211	0.41079449428417847
p295	xtts	2	cosy	3	B	wavlmsv	exp210/clones/cosy__from_xtts__seedB/p295_t3.wav	0.9483647195365692	0.9287007690868585
p295	xtts	3	cosy	0	A	ecapa	exp210/clones/cosy__from_xtts__seedA/p295_t0.wav	0.49998618631125546	0.55763626071757522
p295	xtts	3	cosy	0	A	wavlmsv	exp210/clones/cosy__from_xtts__seedA/p295_t0.wav	0.89552125910298719	0.90570535014575526
p295	xtts	3	cosy	0	B	ecapa	exp210/clones/cosy__from_xtts__seedB/p295_t0.wav	0.54463283057719147	0.41662539925709385
p295	xtts	3	cosy	0	B	wavlmsv	exp210/clones/cosy__from_xtts__seedB/p295_t0.wav	0.94568289410180961	0.90082487708280823
p295	cosy	0	seedvc	1	A	ecapa	exp210/clones/seedvc__from_cosy__seedA/p295_t1.wav	0.51816389786202555	0.52445185622792723
p295	cosy	0	seedvc	1	A	wavlmsv	exp210/clones/seedvc__from_cosy__seedA/p295_t1.wav	0.88717743611264144	0.87381366899802226
p295	cosy	0	seedvc	1	B	ecapa	exp210/clones/seedvc__from_cosy__seedB/p295_t1.wav	0.54262250052496275	0.402192249627988
p295	cosy	0	seedvc	1	B	wavlmsv	exp210/clones/seedvc__from_cosy__seedB/p295_t1.wav	0.88130184013724866	0.86354758652710317
p295	cosy	1	seedvc	2	A	ecapa	exp210/clones/seedvc__from_cosy__seedA/p295_t2.wav	0.48489608423288821	0.49310446245807249
p295	cosy	1	seedvc	2	A	wavlmsv	exp210/clones/seedvc__from_cosy__seedA/p295_t2.wav	0.80287491523683197	0.82612375917942027
p295	cosy	1	seedvc	2	B	ecapa	exp210/clones/seedvc__from_cosy__seedB/p295_t2.wav	0.45591202324549784	0.33572866648187755
p295	cosy	1	seedvc	2	B	wavlmsv	exp210/clones/seedvc__from_cosy__seedB/p295_t2.wav	0.88408075788642393	0.83460559663287637
p295	cosy	2	seedvc	3	A	ecapa	exp210/clones/seedvc__from_cosy__seedA/p295_t3.wav	0.44255436828485095	0.51649804944101141
p295	cosy	2	seedvc	3	A	wavlmsv	exp210/clones/seedvc__from_cosy__seedA/p295_t3.wav	0.87037051374555452	0.83155180337124202
p295	cosy	2	seedvc	3	B	ecapa	exp210/clones/seedvc__from_cosy__seedB/p295_t3.wav	0.54282461762717382	0.36884750496027474
p295	cosy	2	seedvc	3	B	wavlmsv	exp210/clones/seedvc__from_cosy__seedB/p295_t3.wav	0.90664802048575077	0.86710776251797206
p295	cosy	3	seedvc	0	A	ecapa	exp210/clones/seedvc__from_cosy__seedA/p295_t0.wav	0.45778827408726275	0.44473584678816314
p295	cosy	3	seedvc	0	A	wavlmsv	exp210/clones/seedvc__from_cosy__seedA/p295_t0.wav	0.92747071605414577	0.93890286273726176
p295	cosy	3	seedvc	0	B	ecapa	exp210/clones/seedvc__from_cosy__seedB/p295_t0.wav	0.49557797858399327	0.33755817384140135
p295	cosy	3	seedvc	0	B	wavlmsv	exp210/clones/seedvc__from_cosy__seedB/p295_t0.wav	0.95033279437345208	0.90224932246444833
p295	seedvc	0	f5	1	A	ecapa	exp210/clones/f5__from_seedvc__seedA/p295_t1.wav	0.54539324163903036	0.50802074126845698
p295	seedvc	0	f5	1	A	wavlmsv	exp210/clones/f5__from_seedvc__seedA/p295_t1.wav	0.90650602167625038	0.89143641588892575
p295	seedvc	0	f5	1	B	ecapa	exp210/clones/f5__from_seedvc__seedB/p295_t1.wav	0.45753637293634725	0.37116829768098436
p295	seedvc	0	f5	1	B	wavlmsv	exp210/clones/f5__from_seedvc__seedB/p295_t1.wav	0.87908690500137721	0.86507475897118558
p295	seedvc	1	f5	2	A	ecapa	exp210/clones/f5__from_seedvc__seedA/p295_t2.wav	0.42820856945664909	0.4503682298105377
p295	seedvc	1	f5	2	A	wavlmsv	exp210/clones/f5__from_seedvc__seedA/p295_t2.wav	0.84796073035398867	0.83057601849336904
p295	seedvc	1	f5	2	B	ecapa	exp210/clones/f5__from_seedvc__seedB/p295_t2.wav	0.49628002515631331	0.39128567207189358
p295	seedvc	1	f5	2	B	wavlmsv	exp210/clones/f5__from_seedvc__seedB/p295_t2.wav	0.91324008828898195	0.88641999702298957
p295	seedvc	2	f5	3	A	ecapa	exp210/clones/f5__from_seedvc__seedA/p295_t3.wav	0.31417103979017547	0.3914683510217869
p295	seedvc	2	f5	3	A	wavlmsv	exp210/clones/f5__from_seedvc__seedA/p295_t3.wav	0.79632421473245374	0.76439580088965342
p295	seedvc	2	f5	3	B	ecapa	exp210/clones/f5__from_seedvc__seedB/p295_t3.wav	0.43930013291254022	0.26747947986507614
p295	seedvc	2	f5	3	B	wavlmsv	exp210/clones/f5__from_seedvc__seedB/p295_t3.wav	0.89007400767398159	0.85853811718473827
p295	seedvc	3	f5	0	A	ecapa	exp210/clones/f5__from_seedvc__seedA/p295_t0.wav	0.39642429581087535	0.4726571122453111
p295	seedvc	3	f5	0	A	wavlmsv	exp210/clones/f5__from_seedvc__seedA/p295_t0.wav	0.8544507108468552	0.83779456037682509
p295	seedvc	3	f5	0	B	ecapa	exp210/clones/f5__from_seedvc__seedB/p295_t0.wav	0.49319781295574489	0.328689126114596
p295	seedvc	3	f5	0	B	wavlmsv	exp210/clones/f5__from_seedvc__seedB/p295_t0.wav	0.89165064153745832	0.8735629319174556
p297	f5	0	xtts	1	A	ecapa	exp210/clones/xtts__from_f5__seedA/p297_t1.wav	0.49935312719642666	0.40988500692050661
p297	f5	0	xtts	1	A	wavlmsv	exp210/clones/xtts__from_f5__seedA/p297_t1.wav	0.93211806202382541	0.85276133163060019
p297	f5	0	xtts	1	B	ecapa	exp210/clones/xtts__from_f5__seedB/p297_t1.wav	0.53730682335901359	0.39893075344444373
p297	f5	0	xtts	1	B	wavlmsv	exp210/clones/xtts__from_f5__seedB/p297_t1.wav	0.88880776400518724	0.90565914577618434
p297	f5	1	xtts	2	A	ecapa	exp210/clones/xtts__from_f5__seedA/p297_t2.wav	0.39665614964730028	0.37383926261965589
p297	f5	1	xtts	2	A	wavlmsv	exp210/clones/xtts__from_f5__seedA/p297_t2.wav	0.91593825807909734	0.78625604993244114
p297	f5	1	xtts	2	B	ecapa	exp210/clones/xtts__from_f5__seedB/p297_t2.wav	0.46007296077372045	0.43143279690837505
p297	f5	1	xtts	2	B	wavlmsv	exp210/clones/xtts__from_f5__seedB/p297_t2.wav	0.81927634418085238	0.89200487253715344
p297	f5	2	xtts	3	A	ecapa	exp210/clones/xtts__from_f5__seedA/p297_t3.wav	0.47863616149538735	0.46506913538367955
p297	f5	2	xtts	3	A	wavlmsv	exp210/clones/xtts__from_f5__seedA/p297_t3.wav	0.93420065517405892	0.83475621821440016
p297	f5	2	xtts	3	B	ecapa	exp210/clones/xtts__from_f5__seedB/p297_t3.wav	0.56815637821346665	0.4248524402431586
p297	f5	2	xtts	3	B	wavlmsv	exp210/clones/xtts__from_f5__seedB/p297_t3.wav	0.88122492299297761	0.92088620209640837
p297	f5	3	xtts	0	A	ecapa	exp210/clones/xtts__from_f5__seedA/p297_t0.wav	0.50488494393449779	0.50680313281929312
p297	f5	3	xtts	0	A	wavlmsv	exp210/clones/xtts__from_f5__seedA/p297_t0.wav	0.94544721154783318	0.8849079563804455
p297	f5	3	xtts	0	B	ecapa	exp210/clones/xtts__from_f5__seedB/p297_t0.wav	0.5142440731582224	0.43269229798777625
p297	f5	3	xtts	0	B	wavlmsv	exp210/clones/xtts__from_f5__seedB/p297_t0.wav	0.88158607129226374	0.90393301244354873
p297	xtts	0	cosy	1	A	ecapa	exp210/clones/cosy__from_xtts__seedA/p297_t1.wav	0.50351605475229533	0.45161067593796977
p297	xtts	0	cosy	1	A	wavlmsv	exp210/clones/cosy__from_xtts__seedA/p297_t1.wav	0.92609846471903368	0.87307689305332636
p297	xtts	0	cosy	1	B	ecapa	exp210/clones/cosy__from_xtts__seedB/p297_t1.wav	0.58224905054332732	0.5010103122794729
p297	xtts	0	cosy	1	B	wavlmsv	exp210/clones/cosy__from_xtts__seedB/p297_t1.wav	0.84435204656472496	0.89566742900060325
p297	xtts	1	cosy	2	A	ecapa	exp210/clones/cosy__from_xtts__seedA/p297_t2.wav	0.54061527337413451	0.46008792571967883
p297	xtts	1	cosy	2	A	wavlmsv	exp210/clones/cosy__from_xtts__seedA/p297_t2.wav	0.93413056121254834	0.86613586284877497
p297	xtts	1	cosy	2	B	ecapa	exp210/clones/cosy__from_xtts__seedB/p297_t2.wav	0.54601644041502118	0.4776104770228663
p297	xtts	1	cosy	2	B	wavlmsv	exp210/clones/cosy__from_xtts__seedB/p297_t2.wav	0.83693995343550065	0.90756018185780263
p297	xtts	2	cosy	3	A	ecapa	exp210/clones/cosy__from_xtts__seedA/p297_t3.wav	0.56236516171615103	0.52029547855832481
p297	xtts	2	cosy	3	A	wavlmsv	exp210/clones/cosy__from_xtts__seedA/p297_t3.wav	0.94452442999191688	0.91021953714321735
p297	xtts	2	cosy	3	B	ecapa	exp210/clones/cosy__from_xtts__seedB/p297_t3.wav	0.5489886548673677	0.48103310893623441
p297	xtts	2	cosy	3	B	wavlmsv	exp210/clones/cosy__from_xtts__seedB/p297_t3.wav	0.81302778673024712	0.88839969608553093
p297	xtts	3	cosy	0	A	ecapa	exp210/clones/cosy__from_xtts__seedA/p297_t0.wav	0.56501763002630434	0.5463461137923159
p297	xtts	3	cosy	0	A	wavlmsv	exp210/clones/cosy__from_xtts__seedA/p297_t0.wav	0.93248724918921422	0.90522667399617585
p297	xtts	3	cosy	0	B	ecapa	exp210/clones/cosy__from_xtts__seedB/p297_t0.wav	0.53867309030511401	0.40690663932975002
p297	xtts	3	cosy	0	B	wavlmsv	exp210/clones/cosy__from_xtts__seedB/p297_t0.wav	0.86107979595290174	0.91140842138493749
p297	cosy	0	seedvc	1	A	ecapa	exp210/clones/seedvc__from_cosy__seedA/p297_t1.wav	0.59928996260194134	0.43621573443041828
p297	cosy	0	seedvc	1	A	wavlmsv	exp210/clones/seedvc__from_cosy__seedA/p297_t1.wav	0.92138570290193655	0.90535520949745885
p297	cosy	0	seedvc	1	B	ecapa	exp210/clones/seedvc__from_cosy__seedB/p297_t1.wav	0.59750908681468817	0.50759885998676046
p297	cosy	0	seedvc	1	B	wavlmsv	exp210/clones/seedvc__from_cosy__seedB/p297_t1.wav	0.90612611020473244	0.9144634121431614
p297	cosy	1	seedvc	2	A	ecapa	exp210/clones/seedvc__from_cosy__seedA/p297_t2.wav	0.64521340792799331	0.45833534001586212
p297	cosy	1	seedvc	2	A	wavlmsv	exp210/clones/seedvc__from_cosy__seedA/p297_t2.wav	0.96730753167186911	0.9261713991524736
p297	cosy	1	seedvc	2	B	ecapa	exp210/clones/seedvc__from_cosy__seedB/p297_t2.wav	0.54667853249045117	0.51038132777321255
p297	cosy	1	seedvc	2	B	wavlmsv	exp210/clones/seedvc__from_cosy__seedB/p297_t2.wav	0.90762211516119251	0.9359600304579867
p297	cosy	2	seedvc	3	A	ecapa	exp210/clones/seedvc__from_cosy__seedA/p297_t3.wav	0.71037273946919544	0.56894392532144622
p297	cosy	2	seedvc	3	A	wavlmsv	exp210/clones/seedvc__from_cosy__seedA/p297_t3.wav	0.92751422423376528	0.93519328225273279
p297	cosy	2	seedvc	3	B	ecapa	exp210/clones/seedvc__from_cosy__seedB/p297_t3.wav	0.63980034306270661	0.51726763869145753
p297	cosy	2	seedvc	3	B	wavlmsv	exp210/clones/seedvc__from_cosy__seedB/p297_t3.wav	0.87594691019885718	0.91154318461224304
p297	cosy	3	seedvc	0	A	ecapa	exp210/clones/seedvc__from_cosy__seedA/p297_t0.wav	0.64682147168007997	0.46876738981618049
p297	cosy	3	seedvc	0	A	wavlmsv	exp210/clones/seedvc__from_cosy__seedA/p297_t0.wav	0.92422208610955225	0.91648108536189477
p297	cosy	3	seedvc	0	B	ecapa	exp210/clones/seedvc__from_cosy__seedB/p297_t0.wav	0.46367183904913489	0.50438349816535288
p297	cosy	3	seedvc	0	B	wavlmsv	exp210/clones/seedvc__from_cosy__seedB/p297_t0.wav	0.88518520293497382	0.88705918978977372
p297	seedvc	0	f5	1	A	ecapa	exp210/clones/f5__from_seedvc__seedA/p297_t1.wav	0.58790348867122844	0.43775724200810856
p297	seedvc	0	f5	1	A	wavlmsv	exp210/clones/f5__from_seedvc__seedA/p297_t1.wav	0.88432913210653064	0.89742685617831564
p297	seedvc	0	f5	1	B	ecapa	exp210/clones/f5__from_seedvc__seedB/p297_t1.wav	0.53862611642318969	0.47389563750065761
p297	seedvc	0	f5	1	B	wavlmsv	exp210/clones/f5__from_seedvc__seedB/p297_t1.wav	0.87920392760873822	0.86388081823055318
p297	seedvc	1	f5	2	A	ecapa	exp210/clones/f5__from_seedvc__seedA/p297_t2.wav	0.51797677160456912	0.46733559232332722
p297	seedvc	1	f5	2	A	wavlmsv	exp210/clones/f5__from_seedvc__seedA/p297_t2.wav	0.90561583187921446	0.84139208549260047
p297	seedvc	1	f5	2	B	ecapa	exp210/clones/f5__from_seedvc__seedB/p297_t2.wav	0.55731085795933399	0.4124675326858766
p297	seedvc	1	f5	2	B	wavlmsv	exp210/clones/f5__from_seedvc__seedB/p297_t2.wav	0.85169883298625226	0.88904218137519175
p297	seedvc	2	f5	3	A	ecapa	exp210/clones/f5__from_seedvc__seedA/p297_t3.wav	0.55710104799309779	0.48350589143572925
p297	seedvc	2	f5	3	A	wavlmsv	exp210/clones/f5__from_seedvc__seedA/p297_t3.wav	0.93682484301220492	0.86712101773528405
p297	seedvc	2	f5	3	B	ecapa	exp210/clones/f5__from_seedvc__seedB/p297_t3.wav	0.55282591439608797	0.41573088349734999
p297	seedvc	2	f5	3	B	wavlmsv	exp210/clones/f5__from_seedvc__seedB/p297_t3.wav	0.8768433432867927	0.91846514693668868
p297	seedvc	3	f5	0	A	ecapa	exp210/clones/f5__from_seedvc__seedA/p297_t0.wav	0.59622829138108624	0.47867736585783327
p297	seedvc	3	f5	0	A	wavlmsv	exp210/clones/f5__from_seedvc__seedA/p297_t0.wav	0.93300653145713408	0.86341304902328619
p297	seedvc	3	f5	0	B	ecapa	exp210/clones/f5__from_seedvc__seedB/p297_t0.wav	0.59032058263397069	0.47335435188838432
p297	seedvc	3	f5	0	B	wavlmsv	exp210/clones/f5__from_seedvc__seedB/p297_t0.wav	0.87618759020734283	0.89248497816530969
p299	f5	0	xtts	1	A	ecapa	exp210/clones/xtts__from_f5__seedA/p299_t1.wav	0.68242651281831579	0.67032990774102386
p299	f5	0	xtts	1	A	wavlmsv	exp210/clones/xtts__from_f5__seedA/p299_t1.wav	0.92426368542833037	0.90792015890415989
p299	f5	0	xtts	1	B	ecapa	exp210/clones/xtts__from_f5__seedB/p299_t1.wav	0.63719858416845621	0.6113483082117841
p299	f5	0	xtts	1	B	wavlmsv	exp210/clones/xtts__from_f5__seedB/p299_t1.wav	0.95131395087795401	0.94331514860097143
p299	f5	1	xtts	2	A	ecapa	exp210/clones/xtts__from_f5__seedA/p299_t2.wav	0.61633377884167806	0.58810207301511108
p299	f5	1	xtts	2	A	wavlmsv	exp210/clones/xtts__from_f5__seedA/p299_t2.wav	0.90407632452944853	0.904321909546146
p299	f5	1	xtts	2	B	ecapa	exp210/clones/xtts__from_f5__seedB/p299_t2.wav	0.55420243365331046	0.57364906183210085
p299	f5	1	xtts	2	B	wavlmsv	exp210/clones/xtts__from_f5__seedB/p299_t2.wav	0.91017210559126083	0.91335351814489141
p299	f5	2	xtts	3	A	ecapa	exp210/clones/xtts__from_f5__seedA/p299_t3.wav	0.65579798799467237	0.60505662033759477
p299	f5	2	xtts	3	A	wavlmsv	exp210/clones/xtts__from_f5__seedA/p299_t3.wav	0.91666151223823822	0.91260310923969745
p299	f5	2	xtts	3	B	ecapa	exp210/clones/xtts__from_f5__seedB/p299_t3.wav	0.56409826077623748	0.63346450847237312
p299	f5	2	xtts	3	B	wavlmsv	exp210/clones/xtts__from_f5__seedB/p299_t3.wav	0.91111735607104183	0.9150225481515819
p299	f5	3	xtts	0	A	ecapa	exp210/clones/xtts__from_f5__seedA/p299_t0.wav	0.52402433108200264	0.46141076733124575
p299	f5	3	xtts	0	A	wavlmsv	exp210/clones/xtts__from_f5__seedA/p299_t0.wav	0.91007800983322884	0.89353482625898861
p299	f5	3	xtts	0	B	ecapa	exp210/clones/xtts__from_f5__seedB/p299_t0.wav	0.55155939111525332	0.5040774418015197
p299	f5	3	xtts	0	B	wavlmsv	exp210/clones/xtts__from_f5__seedB/p299_t0.wav	0.9180975280612087	0.91086095655375443
p299	xtts	0	cosy	1	A	ecapa	exp210/clones/cosy__from_xtts__seedA/p299_t1.wav	0.64252781278689008	0.60193038762711337
p299	xtts	0	cosy	1	A	wavlmsv	exp210/clones/cosy__from_xtts__seedA/p299_t1.wav	0.92633368998591537	0.91992107383926935
p299	xtts	0	cosy	1	B	ecapa	exp210/clones/cosy__from_xtts__seedB/p299_t1.wav	0.57135945013402212	0.5046932997918161
p299	xtts	0	cosy	1	B	wavlmsv	exp210/clones/cosy__from_xtts__seedB/p299_t1.wav	0.92998956070664329	0.90977765614516903
p299	xtts	1	cosy	2	A	ecapa	exp210/clones/cosy__from_xtts__seedA/p299_t2.wav	0.63349036256857416	0.5585367596692834
p299	xtts	1	cosy	2	A	wavlmsv	exp210/clones/cosy__from_xtts__seedA/p299_t2.wav	0.92662032164761432	0.93420813049875806
p299	xtts	1	cosy	2	B	ecapa	exp210/clones/cosy__from_xtts__seedB/p299_t2.wav	0.61471717628304257	0.56540442884723585
p299	xtts	1	cosy	2	B	wavlmsv	exp210/clones/cosy__from_xtts__seedB/p299_t2.wav	0.90786235899895429	0.88778585647037422
p299	xtts	2	cosy	3	A	ecapa	exp210/clones/cosy__from_xtts__seedA/p299_t3.wav	0.67355836726851714	0.61667290353893334
p299	xtts	2	cosy	3	A	wavlmsv	exp210/clones/cosy__from_xtts__seedA/p299_t3.wav	0.93586691121529475	0.93371180768840423
p299	xtts	2	cosy	3	B	ecapa	exp210/clones/cosy__from_xtts__seedB/p299_t3.wav	0.60622286867390196	0.5480389128844253
p299	xtts	2	cosy	3	B	wavlmsv	exp210/clones/cosy__from_xtts__seedB/p299_t3.wav	0.93420629230770069	0.91707096127959153
p299	xtts	3	cosy	0	A	ecapa	exp210/clones/cosy__from_xtts__seedA/p299_t0.wav	0.59529572961818555	0.55342329300757487
p299	xtts	3	cosy	0	A	wavlmsv	exp210/clones/cosy__from_xtts__seedA/p299_t0.wav	0.93085561826720131	0.94924693990235043
p299	xtts	3	cosy	0	B	ecapa	exp210/clones/cosy__from_xtts__seedB/p299_t0.wav	0.60052402319678722	0.52048580598427641
p299	xtts	3	cosy	0	B	wavlmsv	exp210/clones/cosy__from_xtts__seedB/p299_t0.wav	0.86998040885093453	0.82974145501059327
p299	cosy	0	seedvc	1	A	ecapa	exp210/clones/seedvc__from_cosy__seedA/p299_t1.wav	0.67732809934246685	0.60654748702160255
p299	cosy	0	seedvc	1	A	wavlmsv	exp210/clones/seedvc__from_cosy__seedA/p299_t1.wav	0.95164591132435294	0.94741340731436774
p299	cosy	0	seedvc	1	B	ecapa	exp210/clones/seedvc__from_cosy__seedB/p299_t1.wav	0.55864036367757652	0.47727314304035012
p299	cosy	0	seedvc	1	B	wavlmsv	exp210/clones/seedvc__from_cosy__seedB/p299_t1.wav	0.95798877921226822	0.94689905890905801
p299	cosy	1	seedvc	2	A	ecapa	exp210/clones/seedvc__from_cosy__seedA/p299_t2.wav	0.6895664951055942	0.61371518524811175
p299	cosy	1	seedvc	2	A	wavlmsv	exp210/clones/seedvc__from_cosy__seedA/p299_t2.wav	0.92799853499875817	0.9183802001665432
p299	cosy	1	seedvc	2	B	ecapa	exp210/clones/seedvc__from_cosy__seedB/p299_t2.wav	0.67906910260387443	0.61339989394574002
p299	cosy	1	seedvc	2	B	wavlmsv	exp210/clones/seedvc__from_cosy__seedB/p299_t2.wav	0.92985104227993742	0.91077182221691899
p299	cosy	2	seedvc	3	A	ecapa	exp210/clones/seedvc__from_cosy__seedA/p299_t3.wav	0.64782058431012923	0.5911928420762006
p299	cosy	2	seedvc	3	A	wavlmsv	exp210/clones/seedvc__from_cosy__seedA/p299_t3.wav	0.92797267219848356	0.92698023368514282
p299	cosy	2	seedvc	3	B	ecapa	exp210/clones/seedvc__from_cosy__seedB/p299_t3.wav	0.63010335156349162	0.51019686242317031
p299	cosy	2	seedvc	3	B	wavlmsv	exp210/clones/seedvc__from_cosy__seedB/p299_t3.wav	0.95218577379082681	0.9306979853106192
p299	cosy	3	seedvc	0	A	ecapa	exp210/clones/seedvc__from_cosy__seedA/p299_t0.wav	0.63743056256147201	0.56056213241474706
p299	cosy	3	seedvc	0	A	wavlmsv	exp210/clones/seedvc__from_cosy__seedA/p299_t0.wav	0.94779210595932839	0.95642437525869872
p299	cosy	3	seedvc	0	B	ecapa	exp210/clones/seedvc__from_cosy__seedB/p299_t0.wav	0.62037299918960431	0.54526104477390658
p299	cosy	3	seedvc	0	B	wavlmsv	exp210/clones/seedvc__from_cosy__seedB/p299_t0.wav	0.96094247369592023	0.93166836894439031
p299	seedvc	0	f5	1	A	ecapa	exp210/clones/f5__from_seedvc__seedA/p299_t1.wav	0.47203625187191711	0.50070228461580246
p299	seedvc	0	f5	1	A	wavlmsv	exp210/clones/f5__from_seedvc__seedA/p299_t1.wav	0.89179641621512706	0.9068018225155372
p299	seedvc	0	f5	1	B	ecapa	exp210/clones/f5__from_seedvc__seedB/p299_t1.wav	0.55484263776655829	0.39194368586820238
p299	seedvc	0	f5	1	B	wavlmsv	exp210/clones/f5__from_seedvc__seedB/p299_t1.wav	0.89322836368558556	0.85809596827886103
p299	seedvc	1	f5	2	A	ecapa	exp210/clones/f5__from_seedvc__seedA/p299_t2.wav	0.59799545767683848	0.47881610961660248
p299	seedvc	1	f5	2	A	wavlmsv	exp210/clones/f5__from_seedvc__seedA/p299_t2.wav	0.9545211386901149	0.95639368382929413
p299	seedvc	1	f5	2	B	ecapa	exp210/clones/f5__from_seedvc__seedB/p299_t2.wav	0.61100812430368956	0.54837575601211208
p299	seedvc	1	f5	2	B	wavlmsv	exp210/clones/f5__from_seedvc__seedB/p299_t2.wav	0.9417784812953911	0.91694702603005118
p299	seedvc	2	f5	3	A	ecapa	exp210/clones/f5__from_seedvc__seedA/p299_t3.wav	0.52020526619996121	0.50952208978852553
p299	seedvc	2	f5	3	A	wavlmsv	exp210/clones/f5__from_seedvc__seedA/p299_t3.wav	0.93551668809501531	0.9370821360348045
p299	seedvc	2	f5	3	B	ecapa	exp210/clones/f5__from_seedvc__seedB/p299_t3.wav	0.58936725633446341	0.4560650119749956
p299	seedvc	2	f5	3	B	wavlmsv	exp210/clones/f5__from_seedvc__seedB/p299_t3.wav	0.89885970727297448	0.88445615299931535
p299	seedvc	3	f5	0	A	ecapa	exp210/clones/f5__from_seedvc__seedA/p299_t0.wav	0.61176449864302307	0.52467424818291408
p299	seedvc	3	f5	0	A	wavlmsv	exp210/clones/f5__from_seedvc__seedA/p299_t0.wav	0.9272499702618513	0.92225969052011103
p299	seedvc	3	f5	0	B	ecapa	exp210/clones/f5__from_seedvc__seedB/p299_t0.wav	0.63061591289803731	0.56390931617527307
p299	seedvc	3	f5	0	B	wavlmsv	exp210/clones/f5__from_seedvc__seedB/p299_t0.wav	0.94404575839536253	0.92001896943486006
p302	f5	0	xtts	1	A	ecapa	exp210/clones/xtts__from_f5__seedA/p302_t1.wav	0.42614519249682414	0.3571525042538537
p302	f5	0	xtts	1	A	wavlmsv	exp210/clones/xtts__from_f5__seedA/p302_t1.wav	0.8407169656800193	0.91625451119080648
p302	f5	0	xtts	1	B	ecapa	exp210/clones/xtts__from_f5__seedB/p302_t1.wav	0.490089983351924	0.28672324923647419
p302	f5	0	xtts	1	B	wavlmsv	exp210/clones/xtts__from_f5__seedB/p302_t1.wav	0.90934234593359498	0.77953916928143241
p302	f5	1	xtts	2	A	ecapa	exp210/clones/xtts__from_f5__seedA/p302_t2.wav	0.36777987685129893	0.33073167820243776
p302	f5	1	xtts	2	A	wavlmsv	exp210/clones/xtts__from_f5__seedA/p302_t2.wav	0.81300970927708383	0.91852311951394072
p302	f5	1	xtts	2	B	ecapa	exp210/clones/xtts__from_f5__seedB/p302_t2.wav	0.3705119402113945	0.21525376191048823
p302	f5	1	xtts	2	B	wavlmsv	exp210/clones/xtts__from_f5__seedB/p302_t2.wav	0.87739510926899822	0.696797411269652
p302	f5	2	xtts	3	A	ecapa	exp210/clones/xtts__from_f5__seedA/p302_t3.wav	0.47221747571658851	0.40351269677063817
p302	f5	2	xtts	3	A	wavlmsv	exp210/clones/xtts__from_f5__seedA/p302_t3.wav	0.86931393405738244	0.88298422215371142
p302	f5	2	xtts	3	B	ecapa	exp210/clones/xtts__from_f5__seedB/p302_t3.wav	0.37429627585659431	0.22449764437792319
p302	f5	2	xtts	3	B	wavlmsv	exp210/clones/xtts__from_f5__seedB/p302_t3.wav	0.89874797745344481	0.76488743752465216
p302	f5	3	xtts	0	A	ecapa	exp210/clones/xtts__from_f5__seedA/p302_t0.wav	0.32839665064181245	0.31949953411863674
p302	f5	3	xtts	0	A	wavlmsv	exp210/clones/xtts__from_f5__seedA/p302_t0.wav	0.76311382088205515	0.89162312019370638
p302	f5	3	xtts	0	B	ecapa	exp210/clones/xtts__from_f5__seedB/p302_t0.wav	0.43891245410730212	0.3035166028420499
p302	f5	3	xtts	0	B	wavlmsv	exp210/clones/xtts__from_f5__seedB/p302_t0.wav	0.85841490333163117	0.76416491051367252
p302	xtts	0	cosy	1	A	ecapa	exp210/clones/cosy__from_xtts__seedA/p302_t1.wav	0.45628343056746606	0.32437457156600191
p302	xtts	0	cosy	1	A	wavlmsv	exp210/clones/cosy__from_xtts__seedA/p302_t1.wav	0.88173261424672378	0.87195701437580642
p302	xtts	0	cosy	1	B	ecapa	exp210/clones/cosy__from_xtts__seedB/p302_t1.wav	0.41494579833509992	0.25844713265366343
p302	xtts	0	cosy	1	B	wavlmsv	exp210/clones/cosy__from_xtts__seedB/p302_t1.wav	0.85756632131849253	0.78309910533825655
p302	xtts	1	cosy	2	A	ecapa	exp210/clones/cosy__from_xtts__seedA/p302_t2.wav	0.51625018045662296	0.32152489313043908
p302	xtts	1	cosy	2	A	wavlmsv	exp210/clones/cosy__from_xtts__seedA/p302_t2.wav	0.87599149972347135	0.89662258890613522
p302	xtts	1	cosy	2	B	ecapa	exp210/clones/cosy__from_xtts__seedB/p302_t2.wav	0.41549040534499426	0.31712402243519844
p302	xtts	1	cosy	2	B	wavlmsv	exp210/clones/cosy__from_xtts__seedB/p302_t2.wav	0.89692929252865627	0.80467455636595286
p302	xtts	2	cosy	3	A	ecapa	exp210/clones/cosy__from_xtts__seedA/p302_t3.wav	0.46491946021036995	0.31776543947645897
p302	xtts	2	cosy	3	A	wavlmsv	exp210/clones/cosy__from_xtts__seedA/p302_t3.wav	0.86234999749023999	0.83697994315251911
p302	xtts	2	cosy	3	B	ecapa	exp210/clones/cosy__from_xtts__seedB/p302_t3.wav	0.49146462745000852	0.35711838101014015
p302	xtts	2	cosy	3	B	wavlmsv	exp210/clones/cosy__from_xtts__seedB/p302_t3.wav	0.92419787593415936	0.81041937152920251
p302	xtts	3	cosy	0	A	ecapa	exp210/clones/cosy__from_xtts__seedA/p302_t0.wav	0.50940103130815473	0.29332902117596038
p302	xtts	3	cosy	0	A	wavlmsv	exp210/clones/cosy__from_xtts__seedA/p302_t0.wav	0.87269692746219207	0.86486414121159461
p302	xtts	3	cosy	0	B	ecapa	exp210/clones/cosy__from_xtts__seedB/p302_t0.wav	0.45896439205608786	0.32565608979904326
p302	xtts	3	cosy	0	B	wavlmsv	exp210/clones/cosy__from_xtts__seedB/p302_t0.wav	0.85706239055692723	0.79296610959811342
p302	cosy	0	seedvc	1	A	ecapa	exp210/clones/seedvc__from_cosy__seedA/p302_t1.wav	0.50979506788797491	0.47004496496764281
p302	cosy	0	seedvc	1	A	wavlmsv	exp210/clones/seedvc__from_cosy__seedA/p302_t1.wav	0.91239723379331705	0.92284627272231701
p302	cosy	0	seedvc	1	B	ecapa	exp210/clones/seedvc__from_cosy__seedB/p302_t1.wav	0.5566307319920003	0.43924727465811381
p302	cosy	0	seedvc	1	B	wavlmsv	exp210/clones/seedvc__from_cosy__seedB/p302_t1.wav	0.93610547792129295	0.87253139239596933
p302	cosy	1	seedvc	2	A	ecapa	exp210/clones/seedvc__from_cosy__seedA/p302_t2.wav	0.51365037371209354	0.33148380036861835
p302	cosy	1	seedvc	2	A	wavlmsv	exp210/clones/seedvc__from_cosy__seedA/p302_t2.wav	0.87935332482305184	0.83862417693565561
p302	cosy	1	seedvc	2	B	ecapa	exp210/clones/seedvc__from_cosy__seedB/p302_t2.wav	0.53226377681631831	0.31967742239607899
p302	cosy	1	seedvc	2	B	wavlmsv	exp210/clones/seedvc__from_cosy__seedB/p302_t2.wav	0.8966162197587344	0.88041092763809226
p302	cosy	2	seedvc	3	A	ecapa	exp210/clones/seedvc__from_cosy__seedA/p302_t3.wav	0.54094505947054694	0.4126919615056599
p302	cosy	2	seedvc	3	A	wavlmsv	exp210/clones/seedvc__from_cosy__seedA/p302_t3.wav	0.92244907030730183	0.89560784757089018
p302	cosy	2	seedvc	3	B	ecapa	exp210/clones/seedvc__from_cosy__seedB/p302_t3.wav	0.56607661960173017	0.49647137665383134
p302	cosy	2	seedvc	3	B	wavlmsv	exp210/clones/seedvc__from_cosy__seedB/p302_t3.wav	0.90919959234225978	0.92107188779405358
p302	cosy	3	seedvc	0	A	ecapa	exp210/clones/seedvc__from_cosy__seedA/p302_t0.wav	0.47090259614371127	0.43485934926619185
p302	cosy	3	seedvc	0	A	wavlmsv	exp210/clones/seedvc__from_cosy__seedA/p302_t0.wav	0.90065379607181406	0.89749891231114665
p302	cosy	3	seedvc	0	B	ecapa	exp210/clones/seedvc__from_cosy__seedB/p302_t0.wav	0.56663461031787965	0.38891679843937288
p302	cosy	3	seedvc	0	B	wavlmsv	exp210/clones/seedvc__from_cosy__seedB/p302_t0.wav	0.92264768374606043	0.8766823473903087
p302	seedvc	0	f5	1	A	ecapa	exp210/clones/f5__from_seedvc__seedA/p302_t1.wav	0.54606227708143185	0.43857642696013222
p302	seedvc	0	f5	1	A	wavlmsv	exp210/clones/f5__from_seedvc__seedA/p302_t1.wav	0.92600859714008488	0.89513714215226048
p302	seedvc	0	f5	1	B	ecapa	exp210/clones/f5__from_seedvc__seedB/p302_t1.wav	0.52342805708267226	0.39033355804672609
p302	seedvc	0	f5	1	B	wavlmsv	exp210/clones/f5__from_seedvc__seedB/p302_t1.wav	0.91662799318891697	0.87644248347314369
p302	seedvc	1	f5	2	A	ecapa	exp210/clones/f5__from_seedvc__seedA/p302_t2.wav	0.53428307147790188	0.4944916084917057
p302	seedvc	1	f5	2	A	wavlmsv	exp210/clones/f5__from_seedvc__seedA/p302_t2.wav	0.91863569249403321	0.88756921648491538
p302	seedvc	1	f5	2	B	ecapa	exp210/clones/f5__from_seedvc__seedB/p302_t2.wav	0.61213033302008524	0.33706468317163835
p302	seedvc	1	f5	2	B	wavlmsv	exp210/clones/f5__from_seedvc__seedB/p302_t2.wav	0.9546090495710261	0.87196390175252025
p302	seedvc	2	f5	3	A	ecapa	exp210/clones/f5__from_seedvc__seedA/p302_t3.wav	0.51956254381048961	0.31692043867235276
p302	seedvc	2	f5	3	A	wavlmsv	exp210/clones/f5__from_seedvc__seedA/p302_t3.wav	0.85045461589828775	0.82951090376509207
p302	seedvc	2	f5	3	B	ecapa	exp210/clones/f5__from_seedvc__seedB/p302_t3.wav	0.53264932280500887	0.42321287892638992
p302	seedvc	2	f5	3	B	wavlmsv	exp210/clones/f5__from_seedvc__seedB/p302_t3.wav	0.90862714168319969	0.88587147828922108
p302	seedvc	3	f5	0	A	ecapa	exp210/clones/f5__from_seedvc__seedA/p302_t0.wav	0.58418220957311329	0.408962261660263
p302	seedvc	3	f5	0	A	wavlmsv	exp210/clones/f5__from_seedvc__seedA/p302_t0.wav	0.88837296932203369	0.88791628459635463
p302	seedvc	3	f5	0	B	ecapa	exp210/clones/f5__from_seedvc__seedB/p302_t0.wav	0.58936158726828713	0.43619836916980198
p302	seedvc	3	f5	0	B	wavlmsv	exp210/clones/f5__from_seedvc__seedB/p302_t0.wav	0.94456290403719367	0.89867711603054357
p304	f5	0	xtts	1	A	ecapa	exp210/clones/xtts__from_f5__seedA/p304_t1.wav	0.51881934326924628	0.37961759559426123
p304	f5	0	xtts	1	A	wavlmsv	exp210/clones/xtts__from_f5__seedA/p304_t1.wav	0.83151498607692709	0.80042680254349785
p304	f5	0	xtts	1	B	ecapa	exp210/clones/xtts__from_f5__seedB/p304_t1.wav	0.56959340418159754	0.6342788302514627
p304	f5	0	xtts	1	B	wavlmsv	exp210/clones/xtts__from_f5__seedB/p304_t1.wav	0.86505395578215327	0.85365316874117969
p304	f5	1	xtts	2	A	ecapa	exp210/clones/xtts__from_f5__seedA/p304_t2.wav	0.51661945169675816	0.43990584338061561
p304	f5	1	xtts	2	A	wavlmsv	exp210/clones/xtts__from_f5__seedA/p304_t2.wav	0.86126706292369448	0.86589551969195155
p304	f5	1	xtts	2	B	ecapa	exp210/clones/xtts__from_f5__seedB/p304_t2.wav	0.54830631954186015	0.59497486521207876
p304	f5	1	xtts	2	B	wavlmsv	exp210/clones/xtts__from_f5__seedB/p304_t2.wav	0.88849683755507636	0.84572259566366703
p304	f5	2	xtts	3	A	ecapa	exp210/clones/xtts__from_f5__seedA/p304_t3.wav	0.54934915946779417	0.46018291925070043
p304	f5	2	xtts	3	A	wavlmsv	exp210/clones/xtts__from_f5__seedA/p304_t3.wav	0.86152601849524213	0.86230927602368945
p304	f5	2	xtts	3	B	ecapa	exp210/clones/xtts__from_f5__seedB/p304_t3.wav	0.45674385682750357	0.54708439325540548
p304	f5	2	xtts	3	B	wavlmsv	exp210/clones/xtts__from_f5__seedB/p304_t3.wav	0.84683839890243662	0.84280356945465196
p304	f5	3	xtts	0	A	ecapa	exp210/clones/xtts__from_f5__seedA/p304_t0.wav	0.62808967176559916	0.53388765803488625
p304	f5	3	xtts	0	A	wavlmsv	exp210/clones/xtts__from_f5__seedA/p304_t0.wav	0.83924495937203114	0.87930411603557412
p304	f5	3	xtts	0	B	ecapa	exp210/clones/xtts__from_f5__seedB/p304_t0.wav	0.52342323363903842	0.59542735782936551
p304	f5	3	xtts	0	B	wavlmsv	exp210/clones/xtts__from_f5__seedB/p304_t0.wav	0.86724272247801348	0.8216268074491957
p304	xtts	0	cosy	1	A	ecapa	exp210/clones/cosy__from_xtts__seedA/p304_t1.wav	0.37933630784894934	0.30702594578856085
p304	xtts	0	cosy	1	A	wavlmsv	exp210/clones/cosy__from_xtts__seedA/p304_t1.wav	0.76803796365834553	0.74661262483571611
p304	xtts	0	cosy	1	B	ecapa	exp210/clones/cosy__from_xtts__seedB/p304_t1.wav	0.33063859497575299	0.43115640700196545
p304	xtts	0	cosy	1	B	wavlmsv	exp210/clones/cosy__from_xtts__seedB/p304_t1.wav	0.71778732808012369	0.74277819879302265
p304	xtts	1	cosy	2	A	ecapa	exp210/clones/cosy__from_xtts__seedA/p304_t2.wav	0.422588677980831	0.32199884513583193
p304	xtts	1	cosy	2	A	wavlmsv	exp210/clones/cosy__from_xtts__seedA/p304_t2.wav	0.69674729197797758	0.68040300626191264
p304	xtts	1	cosy	2	B	ecapa	exp210/clones/cosy__from_xtts__seedB/p304_t2.wav	0.26382086636054047	0.33052977443720583
p304	xtts	1	cosy	2	B	wavlmsv	exp210/clones/cosy__from_xtts__seedB/p304_t2.wav	0.70442884349104684	0.73643675747128201
p304	xtts	2	cosy	3	A	ecapa	exp210/clones/cosy__from_xtts__seedA/p304_t3.wav	0.4179618731346067	0.33741943679320768
p304	xtts	2	cosy	3	A	wavlmsv	exp210/clones/cosy__from_xtts__seedA/p304_t3.wav	0.76865665510907111	0.75468888649144272
p304	xtts	2	cosy	3	B	ecapa	exp210/clones/cosy__from_xtts__seedB/p304_t3.wav	0.33455433775805965	0.44221248571816618
p304	xtts	2	cosy	3	B	wavlmsv	exp210/clones/cosy__from_xtts__seedB/p304_t3.wav	0.76506182696575575	0.78212882222058833
p304	xtts	3	cosy	0	A	ecapa	exp210/clones/cosy__from_xtts__seedA/p304_t0.wav	0.3941363432218713	0.35457412983017189
p304	xtts	3	cosy	0	A	wavlmsv	exp210/clones/cosy__from_xtts__seedA/p304_t0.wav	0.78597831960245435	0.7415685924544414
p304	xtts	3	cosy	0	B	ecapa	exp210/clones/cosy__from_xtts__seedB/p304_t0.wav	0.35537416542704869	0.42650701142369457
p304	xtts	3	cosy	0	B	wavlmsv	exp210/clones/cosy__from_xtts__seedB/p304_t0.wav	0.74537678918614614	0.78729645363133305
p304	cosy	0	seedvc	1	A	ecapa	exp210/clones/seedvc__from_cosy__seedA/p304_t1.wav	0.59925656392518978	0.47088817459360671
p304	cosy	0	seedvc	1	A	wavlmsv	exp210/clones/seedvc__from_cosy__seedA/p304_t1.wav	0.78442089670016324	0.75805553368280876
p304	cosy	0	seedvc	1	B	ecapa	exp210/clones/seedvc__from_cosy__seedB/p304_t1.wav	0.48618185100218803	0.57872467966798413
p304	cosy	0	seedvc	1	B	wavlmsv	exp210/clones/seedvc__from_cosy__seedB/p304_t1.wav	0.7880559473204054	0.82080656162726906
p304	cosy	1	seedvc	2	A	ecapa	exp210/clones/seedvc__from_cosy__seedA/p304_t2.wav	0.57348412550818417	0.4278843750330501
p304	cosy	1	seedvc	2	A	wavlmsv	exp210/clones/seedvc__from_cosy__seedA/p304_t2.wav	0.79199742316954747	0.75139703931488389
p304	cosy	1	seedvc	2	B	ecapa	exp210/clones/seedvc__from_cosy__seedB/p304_t2.wav	0.4875912192624699	0.56038642160795926
p304	cosy	1	seedvc	2	B	wavlmsv	exp210/clones/seedvc__from_cosy__seedB/p304_t2.wav	0.82993827090813188	0.82936218260068939
p304	cosy	2	seedvc	3	A	ecapa	exp210/clones/seedvc__from_cosy__seedA/p304_t3.wav	0.5816445601148823	0.42895910949761529
p304	cosy	2	seedvc	3	A	wavlmsv	exp210/clones/seedvc__from_cosy__seedA/p304_t3.wav	0.79116638109666027	0.7468484148665897
p304	cosy	2	seedvc	3	B	ecapa	exp210/clones/seedvc__from_cosy__seedB/p304_t3.wav	0.47046257981465028	0.5716242739416425
p304	cosy	2	seedvc	3	B	wavlmsv	exp210/clones/seedvc__from_cosy__seedB/p304_t3.wav	0.78888074412734077	0.81438380525705822
p304	cosy	3	seedvc	0	A	ecapa	exp210/clones/seedvc__from_cosy__seedA/p304_t0.wav	0.57799992784917165	0.45661148496019993
p304	cosy	3	seedvc	0	A	wavlmsv	exp210/clones/seedvc__from_cosy__seedA/p304_t0.wav	0.83705317907104959	0.79972868744001024
p304	cosy	3	seedvc	0	B	ecapa	exp210/clones/seedvc__from_cosy__seedB/p304_t0.wav	0.58655436349449963	0.63488601544527734
p304	cosy	3	seedvc	0	B	wavlmsv	exp210/clones/seedvc__from_cosy__seedB/p304_t0.wav	0.82738191296125585	0.87203512454416687
p304	seedvc	0	f5	1	A	ecapa	exp210/clones/f5__from_seedvc__seedA/p304_t1.wav	0.61736348266102703	0.50800929799590622
p304	seedvc	0	f5	1	A	wavlmsv	exp210/clones/f5__from_seedvc__seedA/p304_t1.wav	0.79659857710721726	0.72880809423408199
p304	seedvc	0	f5	1	B	ecapa	exp210/clones/f5__from_seedvc__seedB/p304_t1.wav	0.5161910052843075	0.58222880121943521
p304	seedvc	0	f5	1	B	wavlmsv	exp210/clones/f5__from_seedvc__seedB/p304_t1.wav	0.78469111901880839	0.85443690726781529
p304	seedvc	1	f5	2	A	ecapa	exp210/clones/f5__from_seedvc__seedA/p304_t2.wav	0.57192684885932454	0.41402892594017626
p304	seedvc	1	f5	2	A	wavlmsv	exp210/clones/f5__from_seedvc__seedA/p304_t2.wav	0.81103345642342062	0.76286368278830508
p304	seedvc	1	f5	2	B	ecapa	exp210/clones/f5__from_seedvc__seedB/p304_t2.wav	0.46618680666776546	0.5750482777654552
p304	seedvc	1	f5	2	B	wavlmsv	exp210/clones/f5__from_seedvc__seedB/p304_t2.wav	0.78448862536113373	0.82734762308425491
p304	seedvc	2	f5	3	A	ecapa	exp210/clones/f5__from_seedvc__seedA/p304_t3.wav	0.53354634175136062	0.35790522732015873
p304	seedvc	2	f5	3	A	wavlmsv	exp210/clones/f5__from_seedvc__seedA/p304_t3.wav	0.78591586691825666	0.76031169820349986
p304	seedvc	2	f5	3	B	ecapa	exp210/clones/f5__from_seedvc__seedB/p304_t3.wav	0.43570659790446697	0.52607589467761628
p304	seedvc	2	f5	3	B	wavlmsv	exp210/clones/f5__from_seedvc__seedB/p304_t3.wav	0.78242491420308924	0.79678896140965949
p304	seedvc	3	f5	0	A	ecapa	exp210/clones/f5__from_seedvc__seedA/p304_t0.wav	0.56890576288248007	0.40788858951466789
p304	seedvc	3	f5	0	A	wavlmsv	exp210/clones/f5__from_seedvc__seedA/p304_t0.wav	0.82331706767562141	0.75003497459259472
p304	seedvc	3	f5	0	B	ecapa	exp210/clones/f5__from_seedvc__seedB/p304_t0.wav	0.48192470612339405	0.55278646291975697
p304	seedvc	3	f5	0	B	wavlmsv	exp210/clones/f5__from_seedvc__seedB/p304_t0.wav	0.76046509864430623	0.82742953806385666
p305	f5	0	xtts	1	A	ecapa	exp210/clones/xtts__from_f5__seedA/p305_t1.wav	0.51762221824961063	0.50565526466117527
p305	f5	0	xtts	1	A	wavlmsv	exp210/clones/xtts__from_f5__seedA/p305_t1.wav	0.91356019404215472	0.91722118029761157
p305	f5	0	xtts	1	B	ecapa	exp210/clones/xtts__from_f5__seedB/p305_t1.wav	0.65474079434517585	0.63361901548883881
p305	f5	0	xtts	1	B	wavlmsv	exp210/clones/xtts__from_f5__seedB/p305_t1.wav	0.95578417063918619	0.94827737928517897
p305	f5	1	xtts	2	A	ecapa	exp210/clones/xtts__from_f5__seedA/p305_t2.wav	0.67109166870192216	0.64609561742499322
p305	f5	1	xtts	2	A	wavlmsv	exp210/clones/xtts__from_f5__seedA/p305_t2.wav	0.94254412834597445	0.94370447487256437
p305	f5	1	xtts	2	B	ecapa	exp210/clones/xtts__from_f5__seedB/p305_t2.wav	0.73113352351988492	0.68702904917404495
p305	f5	1	xtts	2	B	wavlmsv	exp210/clones/xtts__from_f5__seedB/p305_t2.wav	0.96509921093293427	0.95313184388378092
p305	f5	2	xtts	3	A	ecapa	exp210/clones/xtts__from_f5__seedA/p305_t3.wav	0.64526381827296797	0.66767168212991312
p305	f5	2	xtts	3	A	wavlmsv	exp210/clones/xtts__from_f5__seedA/p305_t3.wav	0.96602252227867691	0.95485796057484873
p305	f5	2	xtts	3	B	ecapa	exp210/clones/xtts__from_f5__seedB/p305_t3.wav	0.67937028954099277	0.63299747626481673
p305	f5	2	xtts	3	B	wavlmsv	exp210/clones/xtts__from_f5__seedB/p305_t3.wav	0.94448179845406011	0.91967169601900511
p305	f5	3	xtts	0	A	ecapa	exp210/clones/xtts__from_f5__seedA/p305_t0.wav	0.60940828861610596	0.60714209580943601
p305	f5	3	xtts	0	A	wavlmsv	exp210/clones/xtts__from_f5__seedA/p305_t0.wav	0.95544355829800187	0.94977700833633349
p305	f5	3	xtts	0	B	ecapa	exp210/clones/xtts__from_f5__seedB/p305_t0.wav	0.59721837627855279	0.56970486693438394
p305	f5	3	xtts	0	B	wavlmsv	exp210/clones/xtts__from_f5__seedB/p305_t0.wav	0.96675831652289324	0.9455626450812431
p305	xtts	0	cosy	1	A	ecapa	exp210/clones/cosy__from_xtts__seedA/p305_t1.wav	0.70301378320782137	0.63094068660286806
p305	xtts	0	cosy	1	A	wavlmsv	exp210/clones/cosy__from_xtts__seedA/p305_t1.wav	0.9597695242039973	0.92882269450138166
p305	xtts	0	cosy	1	B	ecapa	exp210/clones/cosy__from_xtts__seedB/p305_t1.wav	0.69515412190704906	0.71464550433736873
p305	xtts	0	cosy	1	B	wavlmsv	exp210/clones/cosy__from_xtts__seedB/p305_t1.wav	0.94466771492355339	0.94436908942423781
p305	xtts	1	cosy	2	A	ecapa	exp210/clones/cosy__from_xtts__seedA/p305_t2.wav	0.77330990456882209	0.71877668960694785
p305	xtts	1	cosy	2	A	wavlmsv	exp210/clones/cosy__from_xtts__seedA/p305_t2.wav	0.94994547273280605	0.9334002091097291
p305	xtts	1	cosy	2	B	ecapa	exp210/clones/cosy__from_xtts__seedB/p305_t2.wav	0.71317830066052157	0.70207031116745133
p305	xtts	1	cosy	2	B	wavlmsv	exp210/clones/cosy__from_xtts__seedB/p305_t2.wav	0.95892636238755369	0.95046548391110575
p305	xtts	2	cosy	3	A	ecapa	exp210/clones/cosy__from_xtts__seedA/p305_t3.wav	0.71022736309362455	0.63900344064289516
p305	xtts	2	cosy	3	A	wavlmsv	exp210/clones/cosy__from_xtts__seedA/p305_t3.wav	0.95189394482512413	0.90965182487826346
p305	xtts	2	cosy	3	B	ecapa	exp210/clones/cosy__from_xtts__seedB/p305_t3.wav	0.72345375537972523	0.72183611073583198
p305	xtts	2	cosy	3	B	wavlmsv	exp210/clones/cosy__from_xtts__seedB/p305_t3.wav	0.9296902867399135	0.91822887787762786
p305	xtts	3	cosy	0	A	ecapa	exp210/clones/cosy__from_xtts__seedA/p305_t0.wav	0.72616689598493345	0.7096561945560218
p305	xtts	3	cosy	0	A	wavlmsv	exp210/clones/cosy__from_xtts__seedA/p305_t0.wav	0.94850194964596224	0.92531168478790682
p305	xtts	3	cosy	0	B	ecapa	exp210/clones/cosy__from_xtts__seedB/p305_t0.wav	0.74120780447828638	0.7426962560657282
p305	xtts	3	cosy	0	B	wavlmsv	exp210/clones/cosy__from_xtts__seedB/p305_t0.wav	0.97220051387844242	0.96014170682789535
p305	cosy	0	seedvc	1	A	ecapa	exp210/clones/seedvc__from_cosy__seedA/p305_t1.wav	0.71029547826108475	0.64005065237867154
p305	cosy	0	seedvc	1	A	wavlmsv	exp210/clones/seedvc__from_cosy__seedA/p305_t1.wav	0.9504474673028952	0.92482242906953604
p305	cosy	0	seedvc	1	B	ecapa	exp210/clones/seedvc__from_cosy__seedB/p305_t1.wav	0.75381172220421822	0.70882233197333799
p305	cosy	0	seedvc	1	B	wavlmsv	exp210/clones/seedvc__from_cosy__seedB/p305_t1.wav	0.92624934569018191	0.92256162123849339
p305	cosy	1	seedvc	2	A	ecapa	exp210/clones/seedvc__from_cosy__seedA/p305_t2.wav	0.7117733248433461	0.67524390864217732
p305	cosy	1	seedvc	2	A	wavlmsv	exp210/clones/seedvc__from_cosy__seedA/p305_t2.wav	0.94445871654219671	0.93174795680868305
p305	cosy	1	seedvc	2	B	ecapa	exp210/clones/seedvc__from_cosy__seedB/p305_t2.wav	0.79124203264670601	0.73965250358691437
p305	cosy	1	seedvc	2	B	wavlmsv	exp210/clones/seedvc__from_cosy__seedB/p305_t2.wav	0.91102699568678447	0.8942411107953756
p305	cosy	2	seedvc	3	A	ecapa	exp210/clones/seedvc__from_cosy__seedA/p305_t3.wav	0.7251220541541934	0.68346143976490059
p305	cosy	2	seedvc	3	A	wavlmsv	exp210/clones/seedvc__from_cosy__seedA/p305_t3.wav	0.93512414689537748	0.92063174669356895
p305	cosy	2	seedvc	3	B	ecapa	exp210/clones/seedvc__from_cosy__seedB/p305_t3.wav	0.71566400300998612	0.64714281013467756
p305	cosy	2	seedvc	3	B	wavlmsv	exp210/clones/seedvc__from_cosy__seedB/p305_t3.wav	0.89088523022146093	0.88673231320241097
p305	cosy	3	seedvc	0	A	ecapa	exp210/clones/seedvc__from_cosy__seedA/p305_t0.wav	0.72719535789135203	0.68497844723621992
p305	cosy	3	seedvc	0	A	wavlmsv	exp210/clones/seedvc__from_cosy__seedA/p305_t0.wav	0.91192734376056261	0.89573603248838141
p305	cosy	3	seedvc	0	B	ecapa	exp210/clones/seedvc__from_cosy__seedB/p305_t0.wav	0.72038572830178649	0.67509684277343007
p305	cosy	3	seedvc	0	B	wavlmsv	exp210/clones/seedvc__from_cosy__seedB/p305_t0.wav	0.79790335293250914	0.79283899380584488
p305	seedvc	0	f5	1	A	ecapa	exp210/clones/f5__from_seedvc__seedA/p305_t1.wav	0.74907980462337931	0.67527936604828287
p305	seedvc	0	f5	1	A	wavlmsv	exp210/clones/f5__from_seedvc__seedA/p305_t1.wav	0.90234301017104446	0.8816721171379962
p305	seedvc	0	f5	1	B	ecapa	exp210/clones/f5__from_seedvc__seedB/p305_t1.wav	0.67279476623868351	0.68468329759811275
p305	seedvc	0	f5	1	B	wavlmsv	exp210/clones/f5__from_seedvc__seedB/p305_t1.wav	0.80752805559203522	0.80381007676344529
p305	seedvc	1	f5	2	A	ecapa	exp210/clones/f5__from_seedvc__seedA/p305_t2.wav	0.70951363490750841	0.71763563871887692
p305	seedvc	1	f5	2	A	wavlmsv	exp210/clones/f5__from_seedvc__seedA/p305_t2.wav	0.94019065663902945	0.94033066462334891
p305	seedvc	1	f5	2	B	ecapa	exp210/clones/f5__from_seedvc__seedB/p305_t2.wav	0.76560596299844996	0.71642851308456457
p305	seedvc	1	f5	2	B	wavlmsv	exp210/clones/f5__from_seedvc__seedB/p305_t2.wav	0.89933555985762381	0.88923668435226455
p305	seedvc	2	f5	3	A	ecapa	exp210/clones/f5__from_seedvc__seedA/p305_t3.wav	0.62684931290072432	0.59722211424207083
p305	seedvc	2	f5	3	A	wavlmsv	exp210/clones/f5__from_seedvc__seedA/p305_t3.wav	0.94741198942902694	0.92865012717652828
p305	seedvc	2	f5	3	B	ecapa	exp210/clones/f5__from_seedvc__seedB/p305_t3.wav	0.61981942829738412	0.56540475383845723
p305	seedvc	2	f5	3	B	wavlmsv	exp210/clones/f5__from_seedvc__seedB/p305_t3.wav	0.89608316603514004	0.87209014969056098
p305	seedvc	3	f5	0	A	ecapa	exp210/clones/f5__from_seedvc__seedA/p305_t0.wav	0.64896679709437577	0.65482144343089699
p305	seedvc	3	f5	0	A	wavlmsv	exp210/clones/f5__from_seedvc__seedA/p305_t0.wav	0.92441865571797777	0.91022020583586605
p305	seedvc	3	f5	0	B	ecapa	exp210/clones/f5__from_seedvc__seedB/p305_t0.wav	0.70833715068556957	0.64268414536170049
p305	seedvc	3	f5	0	B	wavlmsv	exp210/clones/f5__from_seedvc__seedB/p305_t0.wav	0.85352240527744327	0.84216443748353687
p311	f5	0	xtts	1	A	ecapa	exp210/clones/xtts__from_f5__seedA/p311_t1.wav	0.59703447073750071	0.58856457329954559
p311	f5	0	xtts	1	A	wavlmsv	exp210/clones/xtts__from_f5__seedA/p311_t1.wav	0.75951174855070835	0.93371996595662154
p311	f5	0	xtts	1	B	ecapa	exp210/clones/xtts__from_f5__seedB/p311_t1.wav	0.59826308355447844	0.56488042163916696
p311	f5	0	xtts	1	B	wavlmsv	exp210/clones/xtts__from_f5__seedB/p311_t1.wav	0.95588956622021404	0.77590188585319253
p311	f5	1	xtts	2	A	ecapa	exp210/clones/xtts__from_f5__seedA/p311_t2.wav	0.63108224674419111	0.52242337375516312
p311	f5	1	xtts	2	A	wavlmsv	exp210/clones/xtts__from_f5__seedA/p311_t2.wav	0.83782014868254007	0.88163067600114564
p311	f5	1	xtts	2	B	ecapa	exp210/clones/xtts__from_f5__seedB/p311_t2.wav	0.51842207557857867	0.4388361078940532
p311	f5	1	xtts	2	B	wavlmsv	exp210/clones/xtts__from_f5__seedB/p311_t2.wav	0.73075748937497709	0.72708230367781379
p311	f5	2	xtts	3	A	ecapa	exp210/clones/xtts__from_f5__seedA/p311_t3.wav	0.52483427888105794	0.4815418294286774
p311	f5	2	xtts	3	A	wavlmsv	exp210/clones/xtts__from_f5__seedA/p311_t3.wav	0.80095155034051535	0.80150577733313821
p311	f5	2	xtts	3	B	ecapa	exp210/clones/xtts__from_f5__seedB/p311_t3.wav	0.42798993162293797	0.40996548671895278
p311	f5	2	xtts	3	B	wavlmsv	exp210/clones/xtts__from_f5__seedB/p311_t3.wav	0.81130982678815378	0.84757822209384148
p311	f5	3	xtts	0	A	ecapa	exp210/clones/xtts__from_f5__seedA/p311_t0.wav	0.6713916731940659	0.61864569086052534
p311	f5	3	xtts	0	A	wavlmsv	exp210/clones/xtts__from_f5__seedA/p311_t0.wav	0.82498306914969577	0.94145119337244054
p311	f5	3	xtts	0	B	ecapa	exp210/clones/xtts__from_f5__seedB/p311_t0.wav	0.57889856178989185	0.55257837814809407
p311	f5	3	xtts	0	B	wavlmsv	exp210/clones/xtts__from_f5__seedB/p311_t0.wav	0.88785117754159837	0.74739484589789695
p311	xtts	0	cosy	1	A	ecapa	exp210/clones/cosy__from_xtts__seedA/p311_t1.wav	0.67331097048119126	0.60906505438365444
p311	xtts	0	cosy	1	A	wavlmsv	exp210/clones/cosy__from_xtts__seedA/p311_t1.wav	0.80495418933844887	0.92887851248911635
p311	xtts	0	cosy	1	B	ecapa	exp210/clones/cosy__from_xtts__seedB/p311_t1.wav	0.61423765497137861	0.52646757557318025
p311	xtts	0	cosy	1	B	wavlmsv	exp210/clones/cosy__from_xtts__seedB/p311_t1.wav	0.93379041100016591	0.76292742115900647
p311	xtts	1	cosy	2	A	ecapa	exp210/clones/cosy__from_xtts__seedA/p311_t2.wav	0.6826127979562997	0.63342960010426519
p311	xtts	1	cosy	2	A	wavlmsv	exp210/clones/cosy__from_xtts__seedA/p311_t2.wav	0.81918250856469366	0.93401055130520727
p311	xtts	1	cosy	2	B	ecapa	exp210/clones/cosy__from_xtts__seedB/p311_t2.wav	0.59235504222739443	0.53222722473651973
p311	xtts	1	cosy	2	B	wavlmsv	exp210/clones/cosy__from_xtts__seedB/p311_t2.wav	0.91667246257744739	0.74470962156494669
p311	xtts	2	cosy	3	A	ecapa	exp210/clones/cosy__from_xtts__seedA/p311_t3.wav	0.63506506727985079	0.57269370537424213
p311	xtts	2	cosy	3	A	wavlmsv	exp210/clones/cosy__from_xtts__seedA/p311_t3.wav	0.82877926875779206	0.92612721993111879
p311	xtts	2	cosy	3	B	ecapa	exp210/clones/cosy__from_xtts__seedB/p311_t3.wav	0.5751574256611629	0.52777726809237246
p311	xtts	2	cosy	3	B	wavlmsv	exp210/clones/cosy__from_xtts__seedB/p311_t3.wav	0.87292577610118927	0.7710347627790729
p311	xtts	3	cosy	0	A	ecapa	exp210/clones/cosy__from_xtts__seedA/p311_t0.wav	0.6656901892399536	0.59650241801622073
p311	xtts	3	cosy	0	A	wavlmsv	exp210/clones/cosy__from_xtts__seedA/p311_t0.wav	0.83954381064520101	0.95200401611841801
p311	xtts	3	cosy	0	B	ecapa	exp210/clones/cosy__from_xtts__seedB/p311_t0.wav	0.5715162513274924	0.52445627307013698
p311	xtts	3	cosy	0	B	wavlmsv	exp210/clones/cosy__from_xtts__seedB/p311_t0.wav	0.8679325410954053	0.82044794999344006
p311	cosy	0	seedvc	1	A	ecapa	exp210/clones/seedvc__from_cosy__seedA/p311_t1.wav	0.75906588526718222	0.62454859330214729
p311	cosy	0	seedvc	1	A	wavlmsv	exp210/clones/seedvc__from_cosy__seedA/p311_t1.wav	0.86447652273195807	0.92222504126663452
p311	cosy	0	seedvc	1	B	ecapa	exp210/clones/seedvc__from_cosy__seedB/p311_t1.wav	0.61069812307581228	0.58568852853977438
p311	cosy	0	seedvc	1	B	wavlmsv	exp210/clones/seedvc__from_cosy__seedB/p311_t1.wav	0.93688702083781017	0.83992950208020767
p311	cosy	1	seedvc	2	A	ecapa	exp210/clones/seedvc__from_cosy__seedA/p311_t2.wav	0.76998633632259261	0.61860278155978854
p311	cosy	1	seedvc	2	A	wavlmsv	exp210/clones/seedvc__from_cosy__seedA/p311_t2.wav	0.84111128489136644	0.91666812904991346
p311	cosy	1	seedvc	2	B	ecapa	exp210/clones/seedvc__from_cosy__seedB/p311_t2.wav	0.58625327875322986	0.59351347230708773
p311	cosy	1	seedvc	2	B	wavlmsv	exp210/clones/seedvc__from_cosy__seedB/p311_t2.wav	0.90632533309405516	0.76741117325461783
p311	cosy	2	seedvc	3	A	ecapa	exp210/clones/seedvc__from_cosy__seedA/p311_t3.wav	0.75624031717614359	0.55657498394933347
p311	cosy	2	seedvc	3	A	wavlmsv	exp210/clones/seedvc__from_cosy__seedA/p311_t3.wav	0.79207351524263814	0.9058157594766727
p311	cosy	2	seedvc	3	B	ecapa	exp210/clones/seedvc__from_cosy__seedB/p311_t3.wav	0.55779516203152302	0.60172391385996016
p311	cosy	2	seedvc	3	B	wavlmsv	exp210/clones/seedvc__from_cosy__seedB/p311_t3.wav	0.91570295323686146	0.78308770840860942
p311	cosy	3	seedvc	0	A	ecapa	exp210/clones/seedvc__from_cosy__seedA/p311_t0.wav	0.67909608724227355	0.56584899987841253
p311	cosy	3	seedvc	0	A	wavlmsv	exp210/clones/seedvc__from_cosy__seedA/p311_t0.wav	0.91360627193444754	0.90115447754258615
p311	cosy	3	seedvc	0	B	ecapa	exp210/clones/seedvc__from_cosy__seedB/p311_t0.wav	0.57687444897595264	0.60577955651561277
p311	cosy	3	seedvc	0	B	wavlmsv	exp210/clones/seedvc__from_cosy__seedB/p311_t0.wav	0.86649087095793176	0.84427071686696309
p311	seedvc	0	f5	1	A	ecapa	exp210/clones/f5__from_seedvc__seedA/p311_t1.wav	0.74450563380344725	0.51613532280161256
p311	seedvc	0	f5	1	A	wavlmsv	exp210/clones/f5__from_seedvc__seedA/p311_t1.wav	0.87556818388029845	0.90616309833580067
p311	seedvc	0	f5	1	B	ecapa	exp210/clones/f5__from_seedvc__seedB/p311_t1.wav	0.62325791414135168	0.62623782018235641
p311	seedvc	0	f5	1	B	wavlmsv	exp210/clones/f5__from_seedvc__seedB/p311_t1.wav	0.90718530786221752	0.81656392991151105
p311	seedvc	1	f5	2	A	ecapa	exp210/clones/f5__from_seedvc__seedA/p311_t2.wav	0.77060476948745105	0.58123480506036818
p311	seedvc	1	f5	2	A	wavlmsv	exp210/clones/f5__from_seedvc__seedA/p311_t2.wav	0.83179593006663755	0.91801940537406246
p311	seedvc	1	f5	2	B	ecapa	exp210/clones/f5__from_seedvc__seedB/p311_t2.wav	0.6711751756581239	0.62047342319508347
p311	seedvc	1	f5	2	B	wavlmsv	exp210/clones/f5__from_seedvc__seedB/p311_t2.wav	0.89282044362129942	0.80614455135690588
p311	seedvc	2	f5	3	A	ecapa	exp210/clones/f5__from_seedvc__seedA/p311_t3.wav	0.72581575113790742	0.52878366077700067
p311	seedvc	2	f5	3	A	wavlmsv	exp210/clones/f5__from_seedvc__seedA/p311_t3.wav	0.78156520201341995	0.86616771134750314
p311	seedvc	2	f5	3	B	ecapa	exp210/clones/f5__from_seedvc__seedB/p311_t3.wav	0.5179464100138641	0.4515863437713708
p311	seedvc	2	f5	3	B	wavlmsv	exp210/clones/f5__from_seedvc__seedB/p311_t3.wav	0.8407411649739791	0.71061553922401133
p311	seedvc	3	f5	0	A	ecapa	exp210/clones/f5__from_seedvc__seedA/p311_t0.wav	0.76033621187310074	0.61660313328530114
p311	seedvc	3	f5	0	A	wavlmsv	exp210/clones/f5__from_seedvc__seedA/p311_t0.wav	0.7811453966369466	0.88549607636688443
p311	seedvc	3	f5	0	B	ecapa	exp210/clones/f5__from_seedvc__seedB/p311_t0.wav	0.68677903841197629	0.61277218153802226
p311	seedvc	3	f5	0	B	wavlmsv	exp210/clones/f5__from_seedvc__seedB/p311_t0.wav	0.93523112201162539	0.78069563830009026
p312	f5	0	xtts	1	A	ecapa	exp210/clones/xtts__from_f5__seedA/p312_t1.wav	0.47735536696073527	0.44519141553523228
p312	f5	0	xtts	1	A	wavlmsv	exp210/clones/xtts__from_f5__seedA/p312_t1.wav	0.87352919830527465	0.85142274322322109
p312	f5	0	xtts	1	B	ecapa	exp210/clones/xtts__from_f5__seedB/p312_t1.wav	0.44528879781420827	0.47733769777450075
p312	f5	0	xtts	1	B	wavlmsv	exp210/clones/xtts__from_f5__seedB/p312_t1.wav	0.88055450979778549	0.89648424824784845
p312	f5	1	xtts	2	A	ecapa	exp210/clones/xtts__from_f5__seedA/p312_t2.wav	0.57569867477674841	0.53623932551748665
p312	f5	1	xtts	2	A	wavlmsv	exp210/clones/xtts__from_f5__seedA/p312_t2.wav	0.91402549348075546	0.91198785368774293
p312	f5	1	xtts	2	B	ecapa	exp210/clones/xtts__from_f5__seedB/p312_t2.wav	0.49121453506303359	0.51987657236751195
p312	f5	1	xtts	2	B	wavlmsv	exp210/clones/xtts__from_f5__seedB/p312_t2.wav	0.91628795889294357	0.91638232565605615
p312	f5	2	xtts	3	A	ecapa	exp210/clones/xtts__from_f5__seedA/p312_t3.wav	0.49609805591118433	0.39889362260217054
p312	f5	2	xtts	3	A	wavlmsv	exp210/clones/xtts__from_f5__seedA/p312_t3.wav	0.92582478818483993	0.92412123475141772
p312	f5	2	xtts	3	B	ecapa	exp210/clones/xtts__from_f5__seedB/p312_t3.wav	0.47299079918622289	0.53006274446619694
p312	f5	2	xtts	3	B	wavlmsv	exp210/clones/xtts__from_f5__seedB/p312_t3.wav	0.89278917913458145	0.89781591239557368
p312	f5	3	xtts	0	A	ecapa	exp210/clones/xtts__from_f5__seedA/p312_t0.wav	0.4082171577931451	0.35933256790727497
p312	f5	3	xtts	0	A	wavlmsv	exp210/clones/xtts__from_f5__seedA/p312_t0.wav	0.8911099237091813	0.88726879832278072
p312	f5	3	xtts	0	B	ecapa	exp210/clones/xtts__from_f5__seedB/p312_t0.wav	0.44039105365059794	0.48763797834823419
p312	f5	3	xtts	0	B	wavlmsv	exp210/clones/xtts__from_f5__seedB/p312_t0.wav	0.89605177670120728	0.90181762770777696
p312	xtts	0	cosy	1	A	ecapa	exp210/clones/cosy__from_xtts__seedA/p312_t1.wav	0.63872356374477213	0.60888852340641564
p312	xtts	0	cosy	1	A	wavlmsv	exp210/clones/cosy__from_xtts__seedA/p312_t1.wav	0.90171741157705509	0.89814394404027442
p312	xtts	0	cosy	1	B	ecapa	exp210/clones/cosy__from_xtts__seedB/p312_t1.wav	0.49410876537341408	0.49766508430581924
p312	xtts	0	cosy	1	B	wavlmsv	exp210/clones/cosy__from_xtts__seedB/p312_t1.wav	0.84519276000994692	0.85861804710292777
p312	xtts	1	cosy	2	A	ecapa	exp210/clones/cosy__from_xtts__seedA/p312_t2.wav	0.55613383195406041	0.51539963486811868
p312	xtts	1	cosy	2	A	wavlmsv	exp210/clones/cosy__from_xtts__seedA/p312_t2.wav	0.88229670927705239	0.87512370593608546
p312	xtts	1	cosy	2	B	ecapa	exp210/clones/cosy__from_xtts__seedB/p312_t2.wav	0.50144170387149123	0.49944541691135225
p312	xtts	1	cosy	2	B	wavlmsv	exp210/clones/cosy__from_xtts__seedB/p312_t2.wav	0.83480892493883907	0.83980177976564552
p312	xtts	2	cosy	3	A	ecapa	exp210/clones/cosy__from_xtts__seedA/p312_t3.wav	0.49552734546593441	0.42770640183254116
p312	xtts	2	cosy	3	A	wavlmsv	exp210/clones/cosy__from_xtts__seedA/p312_t3.wav	0.89702226660298834	0.88992811400554328
p312	xtts	2	cosy	3	B	ecapa	exp210/clones/cosy__from_xtts__seedB/p312_t3.wav	0.50578693848963985	0.52664132566359079
p312	xtts	2	cosy	3	B	wavlmsv	exp210/clones/cosy__from_xtts__seedB/p312_t3.wav	0.87995091023790173	0.8790564734298576
p312	xtts	3	cosy	0	A	ecapa	exp210/clones/cosy__from_xtts__seedA/p312_t0.wav	0.51679231536119663	0.45244935100455236
p312	xtts	3	cosy	0	A	wavlmsv	exp210/clones/cosy__from_xtts__seedA/p312_t0.wav	0.88851197863540099	0.88079371080612356
p312	xtts	3	cosy	0	B	ecapa	exp210/clones/cosy__from_xtts__seedB/p312_t0.wav	0.48040265254326314	0.51764384665524554
p312	xtts	3	cosy	0	B	wavlmsv	exp210/clones/cosy__from_xtts__seedB/p312_t0.wav	0.85883733930347472	0.87789442002376861
p312	cosy	0	seedvc	1	A	ecapa	exp210/clones/seedvc__from_cosy__seedA/p312_t1.wav	0.74103167724541741	0.66382760558004195
p312	cosy	0	seedvc	1	A	wavlmsv	exp210/clones/seedvc__from_cosy__seedA/p312_t1.wav	0.85680168701311199	0.85140779173615455
p312	cosy	0	seedvc	1	B	ecapa	exp210/clones/seedvc__from_cosy__seedB/p312_t1.wav	0.62132588900814434	0.6133708447393289
p312	cosy	0	seedvc	1	B	wavlmsv	exp210/clones/seedvc__from_cosy__seedB/p312_t1.wav	0.8595994533377711	0.87473533744979259
p312	cosy	1	seedvc	2	A	ecapa	exp210/clones/seedvc__from_cosy__seedA/p312_t2.wav	0.71850527809605036	0.64294386119652225
p312	cosy	1	seedvc	2	A	wavlmsv	exp210/clones/seedvc__from_cosy__seedA/p312_t2.wav	0.92140104882435847	0.92005715077751749
p312	cosy	1	seedvc	2	B	ecapa	exp210/clones/seedvc__from_cosy__seedB/p312_t2.wav	0.71831565450843904	0.71849367199080683
p312	cosy	1	seedvc	2	B	wavlmsv	exp210/clones/seedvc__from_cosy__seedB/p312_t2.wav	0.90933184135491762	0.91309748337209429
p312	cosy	2	seedvc	3	A	ecapa	exp210/clones/seedvc__from_cosy__seedA/p312_t3.wav	0.62592235229615367	0.56939701989695846
p312	cosy	2	seedvc	3	A	wavlmsv	exp210/clones/seedvc__from_cosy__seedA/p312_t3.wav	0.8725079219073657	0.86742577487708727
p312	cosy	2	seedvc	3	B	ecapa	exp210/clones/seedvc__from_cosy__seedB/p312_t3.wav	0.5923654591857932	0.62311310268024989
p312	cosy	2	seedvc	3	B	wavlmsv	exp210/clones/seedvc__from_cosy__seedB/p312_t3.wav	0.89359743668655656	0.90224610586099652
p312	cosy	3	seedvc	0	A	ecapa	exp210/clones/seedvc__from_cosy__seedA/p312_t0.wav	0.71749542664110488	0.64478298461355488
p312	cosy	3	seedvc	0	A	wavlmsv	exp210/clones/seedvc__from_cosy__seedA/p312_t0.wav	0.92495635015076183	0.92702099400838756
p312	cosy	3	seedvc	0	B	ecapa	exp210/clones/seedvc__from_cosy__seedB/p312_t0.wav	0.70059878185549085	0.72130564769481387
p312	cosy	3	seedvc	0	B	wavlmsv	exp210/clones/seedvc__from_cosy__seedB/p312_t0.wav	0.93349300597569151	0.93213422300377224
p312	seedvc	0	f5	1	A	ecapa	exp210/clones/f5__from_seedvc__seedA/p312_t1.wav	0.62690410723570289	0.6063778536799429
p312	seedvc	0	f5	1	A	wavlmsv	exp210/clones/f5__from_seedvc__seedA/p312_t1.wav	0.89877249642366275	0.90301156719867748
p312	seedvc	0	f5	1	B	ecapa	exp210/clones/f5__from_seedvc__seedB/p312_t1.wav	0.71899817607733096	0.66597500078865934
p312	seedvc	0	f5	1	B	wavlmsv	exp210/clones/f5__from_seedvc__seedB/p312_t1.wav	0.93332442160275675	0.92862589676105312
p312	seedvc	1	f5	2	A	ecapa	exp210/clones/f5__from_seedvc__seedA/p312_t2.wav	0.69308890826418779	0.64475987711883587
p312	seedvc	1	f5	2	A	wavlmsv	exp210/clones/f5__from_seedvc__seedA/p312_t2.wav	0.93347691843467406	0.92834052665978573
p312	seedvc	1	f5	2	B	ecapa	exp210/clones/f5__from_seedvc__seedB/p312_t2.wav	0.68405574448270356	0.67867547356785596
p312	seedvc	1	f5	2	B	wavlmsv	exp210/clones/f5__from_seedvc__seedB/p312_t2.wav	0.92396651069652469	0.92672186861734474
p312	seedvc	2	f5	3	A	ecapa	exp210/clones/f5__from_seedvc__seedA/p312_t3.wav	0.63141185227610652	0.52486512519371709
p312	seedvc	2	f5	3	A	wavlmsv	exp210/clones/f5__from_seedvc__seedA/p312_t3.wav	0.90570004666226955	0.89585449087778168
p312	seedvc	2	f5	3	B	ecapa	exp210/clones/f5__from_seedvc__seedB/p312_t3.wav	0.61762975949105448	0.62838289013495863
p312	seedvc	2	f5	3	B	wavlmsv	exp210/clones/f5__from_seedvc__seedB/p312_t3.wav	0.90625137134136713	0.91660086246601291
p312	seedvc	3	f5	0	A	ecapa	exp210/clones/f5__from_seedvc__seedA/p312_t0.wav	0.57795023276279134	0.48452752507445912
p312	seedvc	3	f5	0	A	wavlmsv	exp210/clones/f5__from_seedvc__seedA/p312_t0.wav	0.87695653279294383	0.86062572585221431
p312	seedvc	3	f5	0	B	ecapa	exp210/clones/f5__from_seedvc__seedB/p312_t0.wav	0.60148856968987863	0.59379857610198949
p312	seedvc	3	f5	0	B	wavlmsv	exp210/clones/f5__from_seedvc__seedB/p312_t0.wav	0.88020066646724715	0.89547333583555289
p313	f5	0	xtts	1	A	ecapa	exp210/clones/xtts__from_f5__seedA/p313_t1.wav	0.60425473699850207	0.57812987682968497
p313	f5	0	xtts	1	A	wavlmsv	exp210/clones/xtts__from_f5__seedA/p313_t1.wav	0.92358132039636098	0.91501312655355993
p313	f5	0	xtts	1	B	ecapa	exp210/clones/xtts__from_f5__seedB/p313_t1.wav	0.59344731138307827	0.48320720710332199
p313	f5	0	xtts	1	B	wavlmsv	exp210/clones/xtts__from_f5__seedB/p313_t1.wav	0.88332907030126329	0.84290662068608724
p313	f5	1	xtts	2	A	ecapa	exp210/clones/xtts__from_f5__seedA/p313_t2.wav	0.58786056918881058	0.55458909969250869
p313	f5	1	xtts	2	A	wavlmsv	exp210/clones/xtts__from_f5__seedA/p313_t2.wav	0.89617722515411757	0.88249059449698553
p313	f5	1	xtts	2	B	ecapa	exp210/clones/xtts__from_f5__seedB/p313_t2.wav	0.6563140051346521	0.54694701119892852
p313	f5	1	xtts	2	B	wavlmsv	exp210/clones/xtts__from_f5__seedB/p313_t2.wav	0.9001712131233981	0.88017751630860674
p313	f5	2	xtts	3	A	ecapa	exp210/clones/xtts__from_f5__seedA/p313_t3.wav	0.62722860115322576	0.54844120917903905
p313	f5	2	xtts	3	A	wavlmsv	exp210/clones/xtts__from_f5__seedA/p313_t3.wav	0.95650527109229155	0.93877212633918006
p313	f5	2	xtts	3	B	ecapa	exp210/clones/xtts__from_f5__seedB/p313_t3.wav	0.57829566456766179	0.43988310336451469
p313	f5	2	xtts	3	B	wavlmsv	exp210/clones/xtts__from_f5__seedB/p313_t3.wav	0.93310587586216198	0.87370274513404556
p313	f5	3	xtts	0	A	ecapa	exp210/clones/xtts__from_f5__seedA/p313_t0.wav	0.52939971234010552	0.49800743847994233
p313	f5	3	xtts	0	A	wavlmsv	exp210/clones/xtts__from_f5__seedA/p313_t0.wav	0.95278159592721057	0.93375672891959571
p313	f5	3	xtts	0	B	ecapa	exp210/clones/xtts__from_f5__seedB/p313_t0.wav	0.57295846181127841	0.48360125530530634
p313	f5	3	xtts	0	B	wavlmsv	exp210/clones/xtts__from_f5__seedB/p313_t0.wav	0.93836768934254344	0.91798406525529641
p313	xtts	0	cosy	1	A	ecapa	exp210/clones/cosy__from_xtts__seedA/p313_t1.wav	0.66588815913577626	0.63952256476458758
p313	xtts	0	cosy	1	A	wavlmsv	exp210/clones/cosy__from_xtts__seedA/p313_t1.wav	0.92921046218388859	0.90559293593071954
p313	xtts	0	cosy	1	B	ecapa	exp210/clones/cosy__from_xtts__seedB/p313_t1.wav	0.64169957260702226	0.53608988858539008
p313	xtts	0	cosy	1	B	wavlmsv	exp210/clones/cosy__from_xtts__seedB/p313_t1.wav	0.91930583019932688	0.932949001581871
p313	xtts	1	cosy	2	A	ecapa	exp210/clones/cosy__from_xtts__seedA/p313_t2.wav	0.67002981228558434	0.57027457837471995
p313	xtts	1	cosy	2	A	wavlmsv	exp210/clones/cosy__from_xtts__seedA/p313_t2.wav	0.93008062491967225	0.84603572663881044
p313	xtts	1	cosy	2	B	ecapa	exp210/clones/cosy__from_xtts__seedB/p313_t2.wav	0.59373467244098976	0.49541225806693601
p313	xtts	1	cosy	2	B	wavlmsv	exp210/clones/cosy__from_xtts__seedB/p313_t2.wav	0.89082201057776866	0.9122502576096212
p313	xtts	2	cosy	3	A	ecapa	exp210/clones/cosy__from_xtts__seedA/p313_t3.wav	0.68627742973787131	0.56450411554689162
p313	xtts	2	cosy	3	A	wavlmsv	exp210/clones/cosy__from_xtts__seedA/p313_t3.wav	0.90507618132879353	0.84249173245062248
p313	xtts	2	cosy	3	B	ecapa	exp210/clones/cosy__from_xtts__seedB/p313_t3.wav	0.51266172107959818	0.49890532744128008
p313	xtts	2	cosy	3	B	wavlmsv	exp210/clones/cosy__from_xtts__seedB/p313_t3.wav	0.90842904273393499	0.9354400550898766
p313	xtts	3	cosy	0	A	ecapa	exp210/clones/cosy__from_xtts__seedA/p313_t0.wav	0.66063275395979371	0.60163643167364644
p313	xtts	3	cosy	0	A	wavlmsv	exp210/clones/cosy__from_xtts__seedA/p313_t0.wav	0.90140594091006387	0.89218136066763043
p313	xtts	3	cosy	0	B	ecapa	exp210/clones/cosy__from_xtts__seedB/p313_t0.wav	0.59985012736686105	0.50784365273641918
p313	xtts	3	cosy	0	B	wavlmsv	exp210/clones/cosy__from_xtts__seedB/p313_t0.wav	0.94184101763937467	0.92992421316878526
p313	cosy	0	seedvc	1	A	ecapa	exp210/clones/seedvc__from_cosy__seedA/p313_t1.wav	0.57971199093561865	0.61434683056057759
p313	cosy	0	seedvc	1	A	wavlmsv	exp210/clones/seedvc__from_cosy__seedA/p313_t1.wav	0.87049398674729772	0.93402734019076505
p313	cosy	0	seedvc	1	B	ecapa	exp210/clones/seedvc__from_cosy__seedB/p313_t1.wav	0.62410194430574517	0.54300365637732573
p313	cosy	0	seedvc	1	B	wavlmsv	exp210/clones/seedvc__from_cosy__seedB/p313_t1.wav	0.92683838246913097	0.86760099743934238
p313	cosy	1	seedvc	2	A	ecapa	exp210/clones/seedvc__from_cosy__seedA/p313_t2.wav	0.61801599753598957	0.65257359949335059
p313	cosy	1	seedvc	2	A	wavlmsv	exp210/clones/seedvc__from_cosy__seedA/p313_t2.wav	0.88384379252386647	0.87515239415303814
p313	cosy	1	seedvc	2	B	ecapa	exp210/clones/seedvc__from_cosy__seedB/p313_t2.wav	0.68855454079400147	0.60620359081581399
p313	cosy	1	seedvc	2	B	wavlmsv	exp210/clones/seedvc__from_cosy__seedB/p313_t2.wav	0.93065869535441947	0.89064882914594579
p313	cosy	2	seedvc	3	A	ecapa	exp210/clones/seedvc__from_cosy__seedA/p313_t3.wav	0.55080202342050522	0.54672852409807948
p313	cosy	2	seedvc	3	A	wavlmsv	exp210/clones/seedvc__from_cosy__seedA/p313_t3.wav	0.89424756959929463	0.9235638697987647
p313	cosy	2	seedvc	3	B	ecapa	exp210/clones/seedvc__from_cosy__seedB/p313_t3.wav	0.63428799540520309	0.58200873871508563
p313	cosy	2	seedvc	3	B	wavlmsv	exp210/clones/seedvc__from_cosy__seedB/p313_t3.wav	0.92394937172225866	0.89808655652325686
p313	cosy	3	seedvc	0	A	ecapa	exp210/clones/seedvc__from_cosy__seedA/p313_t0.wav	0.582322033561256	0.57995587458779374
p313	cosy	3	seedvc	0	A	wavlmsv	exp210/clones/seedvc__from_cosy__seedA/p313_t0.wav	0.894377970713776	0.96563426805602803
p313	cosy	3	seedvc	0	B	ecapa	exp210/clones/seedvc__from_cosy__seedB/p313_t0.wav	0.64031770296980794	0.6057248764917853
p313	cosy	3	seedvc	0	B	wavlmsv	exp210/clones/seedvc__from_cosy__seedB/p313_t0.wav	0.94765045309021501	0.86383530581435641
p313	seedvc	0	f5	1	A	ecapa	exp210/clones/f5__from_seedvc__seedA/p313_t1.wav	0.57482280824508369	0.55049464469127851
p313	seedvc	0	f5	1	A	wavlmsv	exp210/clones/f5__from_seedvc__seedA/p313_t1.wav	0.86823854861353955	0.92635252721307548
p313	seedvc	0	f5	1	B	ecapa	exp210/clones/f5__from_seedvc__seedB/p313_t1.wav	0.6198894171754683	0.52042360418851252
p313	seedvc	0	f5	1	B	wavlmsv	exp210/clones/f5__from_seedvc__seedB/p313_t1.wav	0.93144969229482344	0.84261475028668453
p313	seedvc	1	f5	2	A	ecapa	exp210/clones/f5__from_seedvc__seedA/p313_t2.wav	0.52413364186770695	0.44593973977011458
p313	seedvc	1	f5	2	A	wavlmsv	exp210/clones/f5__from_seedvc__seedA/p313_t2.wav	0.84469717827059254	0.91105454157345589
p313	seedvc	1	f5	2	B	ecapa	exp210/clones/f5__from_seedvc__seedB/p313_t2.wav	0.55196683833971094	0.5241362339779001
p313	seedvc	1	f5	2	B	wavlmsv	exp210/clones/f5__from_seedvc__seedB/p313_t2.wav	0.90446453587806974	0.84195519420859166
p313	seedvc	2	f5	3	A	ecapa	exp210/clones/f5__from_seedvc__seedA/p313_t3.wav	0.53752822416759283	0.51899183968374807
p313	seedvc	2	f5	3	A	wavlmsv	exp210/clones/f5__from_seedvc__seedA/p313_t3.wav	0.86153997981411812	0.90622568939282622
p313	seedvc	2	f5	3	B	ecapa	exp210/clones/f5__from_seedvc__seedB/p313_t3.wav	0.56163522308856773	0.47754006401528448
p313	seedvc	2	f5	3	B	wavlmsv	exp210/clones/f5__from_seedvc__seedB/p313_t3.wav	0.90080911169452027	0.82143040297175363
p313	seedvc	3	f5	0	A	ecapa	exp210/clones/f5__from_seedvc__seedA/p313_t0.wav	0.64042597103776466	0.58445540485397807
p313	seedvc	3	f5	0	A	wavlmsv	exp210/clones/f5__from_seedvc__seedA/p313_t0.wav	0.86483880161546112	0.91389832367428425
p313	seedvc	3	f5	0	B	ecapa	exp210/clones/f5__from_seedvc__seedB/p313_t0.wav	0.61478628894428633	0.535093535432555
p313	seedvc	3	f5	0	B	wavlmsv	exp210/clones/f5__from_seedvc__seedB/p313_t0.wav	0.91857323161474769	0.84954499800692052
p314	f5	0	xtts	1	A	ecapa	exp210/clones/xtts__from_f5__seedA/p314_t1.wav	0.51226804363422729	0.34925575640379192
p314	f5	0	xtts	1	A	wavlmsv	exp210/clones/xtts__from_f5__seedA/p314_t1.wav	0.87000601940790134	0.86582054722067769
p314	f5	0	xtts	1	B	ecapa	exp210/clones/xtts__from_f5__seedB/p314_t1.wav	0.46060424100345015	0.57307604699035752
p314	f5	0	xtts	1	B	wavlmsv	exp210/clones/xtts__from_f5__seedB/p314_t1.wav	0.95184223104971988	0.88987729814962058
p314	f5	1	xtts	2	A	ecapa	exp210/clones/xtts__from_f5__seedA/p314_t2.wav	0.52727888397758194	0.38908524002422862
p314	f5	1	xtts	2	A	wavlmsv	exp210/clones/xtts__from_f5__seedA/p314_t2.wav	0.82679685410249393	0.8350645931373889
p314	f5	1	xtts	2	B	ecapa	exp210/clones/xtts__from_f5__seedB/p314_t2.wav	0.50451988251379642	0.52149731111181907
p314	f5	1	xtts	2	B	wavlmsv	exp210/clones/xtts__from_f5__seedB/p314_t2.wav	0.94987926746031415	0.88730377176821351
p314	f5	2	xtts	3	A	ecapa	exp210/clones/xtts__from_f5__seedA/p314_t3.wav	0.5235105582570232	0.38918599729126446
p314	f5	2	xtts	3	A	wavlmsv	exp210/clones/xtts__from_f5__seedA/p314_t3.wav	0.87400560559074703	0.87785789772761302
p314	f5	2	xtts	3	B	ecapa	exp210/clones/xtts__from_f5__seedB/p314_t3.wav	0.44537584636812194	0.49138380192058584
p314	f5	2	xtts	3	B	wavlmsv	exp210/clones/xtts__from_f5__seedB/p314_t3.wav	0.93041972217013469	0.8977882600206869
p314	f5	3	xtts	0	A	ecapa	exp210/clones/xtts__from_f5__seedA/p314_t0.wav	0.51390800523194891	0.35999212926866303
p314	f5	3	xtts	0	A	wavlmsv	exp210/clones/xtts__from_f5__seedA/p314_t0.wav	0.93652589335906911	0.90858145742981222
p314	f5	3	xtts	0	B	ecapa	exp210/clones/xtts__from_f5__seedB/p314_t0.wav	0.39091858503443172	0.38813245572510768
p314	f5	3	xtts	0	B	wavlmsv	exp210/clones/xtts__from_f5__seedB/p314_t0.wav	0.93140701380683866	0.92080709548761952
p314	xtts	0	cosy	1	A	ecapa	exp210/clones/cosy__from_xtts__seedA/p314_t1.wav	0.61537674903121764	0.3963901964791206
p314	xtts	0	cosy	1	A	wavlmsv	exp210/clones/cosy__from_xtts__seedA/p314_t1.wav	0.93912170528688987	0.93204238881472401
p314	xtts	0	cosy	1	B	ecapa	exp210/clones/cosy__from_xtts__seedB/p314_t1.wav	0.53668404508843603	0.52736939229223612
p314	xtts	0	cosy	1	B	wavlmsv	exp210/clones/cosy__from_xtts__seedB/p314_t1.wav	0.95939531725563154	0.89075188507143821
p314	xtts	1	cosy	2	A	ecapa	exp210/clones/cosy__from_xtts__seedA/p314_t2.wav	0.65958850823902204	0.47992847909310732
p314	xtts	1	cosy	2	A	wavlmsv	exp210/clones/cosy__from_xtts__seedA/p314_t2.wav	0.91047951548910488	0.88709282304685955
p314	xtts	1	cosy	2	B	ecapa	exp210/clones/cosy__from_xtts__seedB/p314_t2.wav	0.61301323818371523	0.53373986747180746
p314	xtts	1	cosy	2	B	wavlmsv	exp210/clones/cosy__from_xtts__seedB/p314_t2.wav	0.96826978447124379	0.91243628436201663
p314	xtts	2	cosy	3	A	ecapa	exp210/clones/cosy__from_xtts__seedA/p314_t3.wav	0.65237144382976964	0.48700823943046428
p314	xtts	2	cosy	3	A	wavlmsv	exp210/clones/cosy__from_xtts__seedA/p314_t3.wav	0.93860501497432047	0.94299105572221564
p314	xtts	2	cosy	3	B	ecapa	exp210/clones/cosy__from_xtts__seedB/p314_t3.wav	0.5919597154443198	0.57544326283188607
p314	xtts	2	cosy	3	B	wavlmsv	exp210/clones/cosy__from_xtts__seedB/p314_t3.wav	0.96134350396608204	0.89433031894662385
p314	xtts	3	cosy	0	A	ecapa	exp210/clones/cosy__from_xtts__seedA/p314_t0.wav	0.66998835406862534	0.47946192903036955
p314	xtts	3	cosy	0	A	wavlmsv	exp210/clones/cosy__from_xtts__seedA/p314_t0.wav	0.92665651157886919	0.89973725608533617
p314	xtts	3	cosy	0	B	ecapa	exp210/clones/cosy__from_xtts__seedB/p314_t0.wav	0.5771825364675045	0.55771539664285341
p314	xtts	3	cosy	0	B	wavlmsv	exp210/clones/cosy__from_xtts__seedB/p314_t0.wav	0.94406826328149085	0.91930596691310296
p314	cosy	0	seedvc	1	A	ecapa	exp210/clones/seedvc__from_cosy__seedA/p314_t1.wav	0.62708158044361195	0.43232000804303028
p314	cosy	0	seedvc	1	A	wavlmsv	exp210/clones/seedvc__from_cosy__seedA/p314_t1.wav	0.86020515570394662	0.85617405591545015
p314	cosy	0	seedvc	1	B	ecapa	exp210/clones/seedvc__from_cosy__seedB/p314_t1.wav	0.5844280460016158	0.49010540135422775
p314	cosy	0	seedvc	1	B	wavlmsv	exp210/clones/seedvc__from_cosy__seedB/p314_t1.wav	0.92648121694713037	0.87275054099575211
p314	cosy	1	seedvc	2	A	ecapa	exp210/clones/seedvc__from_cosy__seedA/p314_t2.wav	0.58761230627299432	0.53712369321037867
p314	cosy	1	seedvc	2	A	wavlmsv	exp210/clones/seedvc__from_cosy__seedA/p314_t2.wav	0.86394188985854337	0.87906038204704484
p314	cosy	1	seedvc	2	B	ecapa	exp210/clones/seedvc__from_cosy__seedB/p314_t2.wav	0.56178020460440958	0.38666403791770482
p314	cosy	1	seedvc	2	B	wavlmsv	exp210/clones/seedvc__from_cosy__seedB/p314_t2.wav	0.91100679210227131	0.85052724373071698
p314	cosy	2	seedvc	3	A	ecapa	exp210/clones/seedvc__from_cosy__seedA/p314_t3.wav	0.58653659001890746	0.47011737147837995
p314	cosy	2	seedvc	3	A	wavlmsv	exp210/clones/seedvc__from_cosy__seedA/p314_t3.wav	0.86965756502183167	0.88231710220146709
p314	cosy	2	seedvc	3	B	ecapa	exp210/clones/seedvc__from_cosy__seedB/p314_t3.wav	0.58694440847601848	0.38887920052610331
p314	cosy	2	seedvc	3	B	wavlmsv	exp210/clones/seedvc__from_cosy__seedB/p314_t3.wav	0.93353873122126507	0.86424967188007362
p314	cosy	3	seedvc	0	A	ecapa	exp210/clones/seedvc__from_cosy__seedA/p314_t0.wav	0.60112068446890932	0.39483640128703695
p314	cosy	3	seedvc	0	A	wavlmsv	exp210/clones/seedvc__from_cosy__seedA/p314_t0.wav	0.91108623706199177	0.92851715893113451
p314	cosy	3	seedvc	0	B	ecapa	exp210/clones/seedvc__from_cosy__seedB/p314_t0.wav	0.47310112464840109	0.44764856434833011
p314	cosy	3	seedvc	0	B	wavlmsv	exp210/clones/seedvc__from_cosy__seedB/p314_t0.wav	0.9427475273340773	0.87933223131736116
p314	seedvc	0	f5	1	A	ecapa	exp210/clones/f5__from_seedvc__seedA/p314_t1.wav	0.57943157064355344	0.28275606594418418
p314	seedvc	0	f5	1	A	wavlmsv	exp210/clones/f5__from_seedvc__seedA/p314_t1.wav	0.84989160362697547	0.82394090139492038
p314	seedvc	0	f5	1	B	ecapa	exp210/clones/f5__from_seedvc__seedB/p314_t1.wav	0.52246475873714304	0.40124370774085832
p314	seedvc	0	f5	1	B	wavlmsv	exp210/clones/f5__from_seedvc__seedB/p314_t1.wav	0.92427867512813555	0.85131103643580275
p314	seedvc	1	f5	2	A	ecapa	exp210/clones/f5__from_seedvc__seedA/p314_t2.wav	0.59981958276448522	0.42107566915610684
p314	seedvc	1	f5	2	A	wavlmsv	exp210/clones/f5__from_seedvc__seedA/p314_t2.wav	0.86665336792056746	0.87287241314025588
p314	seedvc	1	f5	2	B	ecapa	exp210/clones/f5__from_seedvc__seedB/p314_t2.wav	0.61253362864689109	0.40551861014520252
p314	seedvc	1	f5	2	B	wavlmsv	exp210/clones/f5__from_seedvc__seedB/p314_t2.wav	0.91702319596278237	0.83481924701194532
p314	seedvc	2	f5	3	A	ecapa	exp210/clones/f5__from_seedvc__seedA/p314_t3.wav	0.55181714990624586	0.34743885658811346
p314	seedvc	2	f5	3	A	wavlmsv	exp210/clones/f5__from_seedvc__seedA/p314_t3.wav	0.8449861359621087	0.85858168080862773
p314	seedvc	2	f5	3	B	ecapa	exp210/clones/f5__from_seedvc__seedB/p314_t3.wav	0.54021141028666975	0.32592648162602844
p314	seedvc	2	f5	3	B	wavlmsv	exp210/clones/f5__from_seedvc__seedB/p314_t3.wav	0.90357670395632628	0.80842960788063445
p314	seedvc	3	f5	0	A	ecapa	exp210/clones/f5__from_seedvc__seedA/p314_t0.wav	0.54016815187830014	0.45021913658817103
p314	seedvc	3	f5	0	A	wavlmsv	exp210/clones/f5__from_seedvc__seedA/p314_t0.wav	0.87200816070295173	0.86956746514801142
p314	seedvc	3	f5	0	B	ecapa	exp210/clones/f5__from_seedvc__seedB/p314_t0.wav	0.56879877493227982	0.29890445548684114
p314	seedvc	3	f5	0	B	wavlmsv	exp210/clones/f5__from_seedvc__seedB/p314_t0.wav	0.91452843469833156	0.84939884009120759
p316	f5	0	xtts	1	A	ecapa	exp210/clones/xtts__from_f5__seedA/p316_t1.wav	0.45031669456318935	0.52399784107271619
p316	f5	0	xtts	1	A	wavlmsv	exp210/clones/xtts__from_f5__seedA/p316_t1.wav	0.81561534316516626	0.88470625101604583
p316	f5	0	xtts	1	B	ecapa	exp210/clones/xtts__from_f5__seedB/p316_t1.wav	0.49720525301025509	0.45965809337480429
p316	f5	0	xtts	1	B	wavlmsv	exp210/clones/xtts__from_f5__seedB/p316_t1.wav	0.87812216904139517	0.77444603996468331
p316	f5	1	xtts	2	A	ecapa	exp210/clones/xtts__from_f5__seedA/p316_t2.wav	0.47325942933620913	0.42806230272908902
p316	f5	1	xtts	2	A	wavlmsv	exp210/clones/xtts__from_f5__seedA/p316_t2.wav	0.8141528579849302	0.86946914735973813
p316	f5	1	xtts	2	B	ecapa	exp210/clones/xtts__from_f5__seedB/p316_t2.wav	0.53606068815425456	0.51847364993970135
p316	f5	1	xtts	2	B	wavlmsv	exp210/clones/xtts__from_f5__seedB/p316_t2.wav	0.89902975468682156	0.81956834609898432
p316	f5	2	xtts	3	A	ecapa	exp210/clones/xtts__from_f5__seedA/p316_t3.wav	0.48380873854315964	0.49852158797183044
p316	f5	2	xtts	3	A	wavlmsv	exp210/clones/xtts__from_f5__seedA/p316_t3.wav	0.82374215955303132	0.8825000138205803
p316	f5	2	xtts	3	B	ecapa	exp210/clones/xtts__from_f5__seedB/p316_t3.wav	0.55872442546963086	0.49884554634555078
p316	f5	2	xtts	3	B	wavlmsv	exp210/clones/xtts__from_f5__seedB/p316_t3.wav	0.91692098663722765	0.80543017285609808
p316	f5	3	xtts	0	A	ecapa	exp210/clones/xtts__from_f5__seedA/p316_t0.wav	0.57174114317756497	0.52688428487888506
p316	f5	3	xtts	0	A	wavlmsv	exp210/clones/xtts__from_f5__seedA/p316_t0.wav	0.82873180287293047	0.89185964515453064
p316	f5	3	xtts	0	B	ecapa	exp210/clones/xtts__from_f5__seedB/p316_t0.wav	0.59388110274482764	0.55391475973403825
p316	f5	3	xtts	0	B	wavlmsv	exp210/clones/xtts__from_f5__seedB/p316_t0.wav	0.90759704823663512	0.83819443634145274
p316	xtts	0	cosy	1	A	ecapa	exp210/clones/cosy__from_xtts__seedA/p316_t1.wav	0.50723730018790059	0.4681971244939851
p316	xtts	0	cosy	1	A	wavlmsv	exp210/clones/cosy__from_xtts__seedA/p316_t1.wav	0.81242413557588034	0.87241006422860212
p316	xtts	0	cosy	1	B	ecapa	exp210/clones/cosy__from_xtts__seedB/p316_t1.wav	0.6224080400844052	0.50717054686550356
p316	xtts	0	cosy	1	B	wavlmsv	exp210/clones/cosy__from_xtts__seedB/p316_t1.wav	0.92293794248108807	0.81494574406055076
p316	xtts	1	cosy	2	A	ecapa	exp210/clones/cosy__from_xtts__seedA/p316_t2.wav	0.54326141695073837	0.47058470027500443
p316	xtts	1	cosy	2	A	wavlmsv	exp210/clones/cosy__from_xtts__seedA/p316_t2.wav	0.84083310497102559	0.90412335339713312
p316	xtts	1	cosy	2	B	ecapa	exp210/clones/cosy__from_xtts__seedB/p316_t2.wav	0.61574591306391357	0.57772986086711819
p316	xtts	1	cosy	2	B	wavlmsv	exp210/clones/cosy__from_xtts__seedB/p316_t2.wav	0.92376288520613259	0.82353556276018003
p316	xtts	2	cosy	3	A	ecapa	exp210/clones/cosy__from_xtts__seedA/p316_t3.wav	0.47256735097883906	0.45415038181933709
p316	xtts	2	cosy	3	A	wavlmsv	exp210/clones/cosy__from_xtts__seedA/p316_t3.wav	0.79223638128995932	0.88464970161729828
p316	xtts	2	cosy	3	B	ecapa	exp210/clones/cosy__from_xtts__seedB/p316_t3.wav	0.6152440083084143	0.50716891536682929
p316	xtts	2	cosy	3	B	wavlmsv	exp210/clones/cosy__from_xtts__seedB/p316_t3.wav	0.92087030858103347	0.78531321594313086
p316	xtts	3	cosy	0	A	ecapa	exp210/clones/cosy__from_xtts__seedA/p316_t0.wav	0.52995336877466626	0.43279880074334387
p316	xtts	3	cosy	0	A	wavlmsv	exp210/clones/cosy__from_xtts__seedA/p316_t0.wav	0.7775854527886098	0.85938431727341413
p316	xtts	3	cosy	0	B	ecapa	exp210/clones/cosy__from_xtts__seedB/p316_t0.wav	0.63930711411359176	0.59526031739610574
p316	xtts	3	cosy	0	B	wavlmsv	exp210/clones/cosy__from_xtts__seedB/p316_t0.wav	0.94647292669324445	0.84103559544017803
p316	cosy	0	seedvc	1	A	ecapa	exp210/clones/seedvc__from_cosy__seedA/p316_t1.wav	0.59891196900939736	0.55062905058989819
p316	cosy	0	seedvc	1	A	wavlmsv	exp210/clones/seedvc__from_cosy__seedA/p316_t1.wav	0.90421778128945007	0.91908815278105571
p316	cosy	0	seedvc	1	B	ecapa	exp210/clones/seedvc__from_cosy__seedB/p316_t1.wav	0.66054841234796791	0.58699101111543084
p316	cosy	0	seedvc	1	B	wavlmsv	exp210/clones/seedvc__from_cosy__seedB/p316_t1.wav	0.91752789105874322	0.82645077572701919
p316	cosy	1	seedvc	2	A	ecapa	exp210/clones/seedvc__from_cosy__seedA/p316_t2.wav	0.62302033548845581	0.53636010310658255
p316	cosy	1	seedvc	2	A	wavlmsv	exp210/clones/seedvc__from_cosy__seedA/p316_t2.wav	0.92725415451635995	0.9024224196141627
p316	cosy	1	seedvc	2	B	ecapa	exp210/clones/seedvc__from_cosy__seedB/p316_t2.wav	0.6507679850803807	0.62293076327983965
p316	cosy	1	seedvc	2	B	wavlmsv	exp210/clones/seedvc__from_cosy__seedB/p316_t2.wav	0.95433487363437619	0.92700362851204487
p316	cosy	2	seedvc	3	A	ecapa	exp210/clones/seedvc__from_cosy__seedA/p316_t3.wav	0.70732556631229659	0.57728043754352376
p316	cosy	2	seedvc	3	A	wavlmsv	exp210/clones/seedvc__from_cosy__seedA/p316_t3.wav	0.95063866274519437	0.92702519850890708
p316	cosy	2	seedvc	3	B	ecapa	exp210/clones/seedvc__from_cosy__seedB/p316_t3.wav	0.75528625621393153	0.66421606946136746
p316	cosy	2	seedvc	3	B	wavlmsv	exp210/clones/seedvc__from_cosy__seedB/p316_t3.wav	0.95484518028913201	0.91487504058006053
p316	cosy	3	seedvc	0	A	ecapa	exp210/clones/seedvc__from_cosy__seedA/p316_t0.wav	0.60243675494736115	0.53832009367132805
p316	cosy	3	seedvc	0	A	wavlmsv	exp210/clones/seedvc__from_cosy__seedA/p316_t0.wav	0.86155766862368499	0.88689846332540334
p316	cosy	3	seedvc	0	B	ecapa	exp210/clones/seedvc__from_cosy__seedB/p316_t0.wav	0.66871419698359214	0.5926110350254995
p316	cosy	3	seedvc	0	B	wavlmsv	exp210/clones/seedvc__from_cosy__seedB/p316_t0.wav	0.92044589501285867	0.82920128972128992
p316	seedvc	0	f5	1	A	ecapa	exp210/clones/f5__from_seedvc__seedA/p316_t1.wav	0.63058654811531067	0.54233024526412965
p316	seedvc	0	f5	1	A	wavlmsv	exp210/clones/f5__from_seedvc__seedA/p316_t1.wav	0.92447934371519347	0.89858688304568402
p316	seedvc	0	f5	1	B	ecapa	exp210/clones/f5__from_seedvc__seedB/p316_t1.wav	0.64188848383450481	0.61888973390094815
p316	seedvc	0	f5	1	B	wavlmsv	exp210/clones/f5__from_seedvc__seedB/p316_t1.wav	0.93645921741189264	0.89164542739855368
p316	seedvc	1	f5	2	A	ecapa	exp210/clones/f5__from_seedvc__seedA/p316_t2.wav	0.57657831887751987	0.50482017563703097
p316	seedvc	1	f5	2	A	wavlmsv	exp210/clones/f5__from_seedvc__seedA/p316_t2.wav	0.90645783277666325	0.9022533593064257
p316	seedvc	1	f5	2	B	ecapa	exp210/clones/f5__from_seedvc__seedB/p316_t2.wav	0.65361148192745055	0.60829580045517717
p316	seedvc	1	f5	2	B	wavlmsv	exp210/clones/f5__from_seedvc__seedB/p316_t2.wav	0.93124060025826871	0.86222068609131819
p316	seedvc	2	f5	3	A	ecapa	exp210/clones/f5__from_seedvc__seedA/p316_t3.wav	0.62512620971228816	0.52839532600316186
p316	seedvc	2	f5	3	A	wavlmsv	exp210/clones/f5__from_seedvc__seedA/p316_t3.wav	0.92039293189217664	0.89911479609841494
p316	seedvc	2	f5	3	B	ecapa	exp210/clones/f5__from_seedvc__seedB/p316_t3.wav	0.64314219590909982	0.57517380545793573
p316	seedvc	2	f5	3	B	wavlmsv	exp210/clones/f5__from_seedvc__seedB/p316_t3.wav	0.93460718472695969	0.90933483423924788
p316	seedvc	3	f5	0	A	ecapa	exp210/clones/f5__from_seedvc__seedA/p316_t0.wav	0.57012959359427828	0.52850530299835063
p316	seedvc	3	f5	0	A	wavlmsv	exp210/clones/f5__from_seedvc__seedA/p316_t0.wav	0.92448276072413571	0.90584492947214601
p316	seedvc	3	f5	0	B	ecapa	exp210/clones/f5__from_seedvc__seedB/p316_t0.wav	0.68709708416289017	0.58038478915025482
p316	seedvc	3	f5	0	B	wavlmsv	exp210/clones/f5__from_seedvc__seedB/p316_t0.wav	0.94824335094365708	0.89804201265746442
p317	f5	0	xtts	1	A	ecapa	exp210/clones/xtts__from_f5__seedA/p317_t1.wav	0.68835917184431272	0.6730075125329309
p317	f5	0	xtts	1	A	wavlmsv	exp210/clones/xtts__from_f5__seedA/p317_t1.wav	0.95374746618574691	0.92848925764081935
p317	f5	0	xtts	1	B	ecapa	exp210/clones/xtts__from_f5__seedB/p317_t1.wav	0.60503782931186856	0.61760880836850363
p317	f5	0	xtts	1	B	wavlmsv	exp210/clones/xtts__from_f5__seedB/p317_t1.wav	0.9334098626192745	0.93119235106496068
p317	f5	1	xtts	2	A	ecapa	exp210/clones/xtts__from_f5__seedA/p317_t2.wav	0.67825645222148612	0.67781057347876961
p317	f5	1	xtts	2	A	wavlmsv	exp210/clones/xtts__from_f5__seedA/p317_t2.wav	0.93859966929130789	0.95703427996204171
p317	f5	1	xtts	2	B	ecapa	exp210/clones/xtts__from_f5__seedB/p317_t2.wav	0.67838766160027164	0.63267442632187287
p317	f5	1	xtts	2	B	wavlmsv	exp210/clones/xtts__from_f5__seedB/p317_t2.wav	0.9578811722292162	0.93054775678114865
p317	f5	2	xtts	3	A	ecapa	exp210/clones/xtts__from_f5__seedA/p317_t3.wav	0.68886179865008135	0.7069255293684602
p317	f5	2	xtts	3	A	wavlmsv	exp210/clones/xtts__from_f5__seedA/p317_t3.wav	0.93693192517509871	0.95522324338605813
p317	f5	2	xtts	3	B	ecapa	exp210/clones/xtts__from_f5__seedB/p317_t3.wav	0.57596354723897836	0.56766112756425258
p317	f5	2	xtts	3	B	wavlmsv	exp210/clones/xtts__from_f5__seedB/p317_t3.wav	0.93196013166981895	0.89349501585843227
p317	f5	3	xtts	0	A	ecapa	exp210/clones/xtts__from_f5__seedA/p317_t0.wav	0.6657909616355	0.69255629111424621
p317	f5	3	xtts	0	A	wavlmsv	exp210/clones/xtts__from_f5__seedA/p317_t0.wav	0.94768110115694426	0.95024637386292454
p317	f5	3	xtts	0	B	ecapa	exp210/clones/xtts__from_f5__seedB/p317_t0.wav	0.60883517058070613	0.57435446561590187
p317	f5	3	xtts	0	B	wavlmsv	exp210/clones/xtts__from_f5__seedB/p317_t0.wav	0.91686673485252368	0.90717947885834282
p317	xtts	0	cosy	1	A	ecapa	exp210/clones/cosy__from_xtts__seedA/p317_t1.wav	0.70002785909972809	0.66327487309056365
p317	xtts	0	cosy	1	A	wavlmsv	exp210/clones/cosy__from_xtts__seedA/p317_t1.wav	0.9240765071523307	0.92803686971169319
p317	xtts	0	cosy	1	B	ecapa	exp210/clones/cosy__from_xtts__seedB/p317_t1.wav	0.60834745393728706	0.61644012242942581
p317	xtts	0	cosy	1	B	wavlmsv	exp210/clones/cosy__from_xtts__seedB/p317_t1.wav	0.92573987525414525	0.91809180247971967
p317	xtts	1	cosy	2	A	ecapa	exp210/clones/cosy__from_xtts__seedA/p317_t2.wav	0.75665964361417926	0.6960151915011743
p317	xtts	1	cosy	2	A	wavlmsv	exp210/clones/cosy__from_xtts__seedA/p317_t2.wav	0.96506194682848989	0.96044261167115375
p317	xtts	1	cosy	2	B	ecapa	exp210/clones/cosy__from_xtts__seedB/p317_t2.wav	0.67054186249923919	0.69141277839036441
p317	xtts	1	cosy	2	B	wavlmsv	exp210/clones/cosy__from_xtts__seedB/p317_t2.wav	0.95990353804079886	0.95733928369306787
p317	xtts	2	cosy	3	A	ecapa	exp210/clones/cosy__from_xtts__seedA/p317_t3.wav	0.78485555974361509	0.71582534476700166
p317	xtts	2	cosy	3	A	wavlmsv	exp210/clones/cosy__from_xtts__seedA/p317_t3.wav	0.93120033677677627	0.94676184187386769
p317	xtts	2	cosy	3	B	ecapa	exp210/clones/cosy__from_xtts__seedB/p317_t3.wav	0.6477954269107814	0.67458484966020404
p317	xtts	2	cosy	3	B	wavlmsv	exp210/clones/cosy__from_xtts__seedB/p317_t3.wav	0.94760052046316523	0.95011189693413434
p317	xtts	3	cosy	0	A	ecapa	exp210/clones/cosy__from_xtts__seedA/p317_t0.wav	0.71925173726378522	0.65668717582044778
p317	xtts	3	cosy	0	A	wavlmsv	exp210/clones/cosy__from_xtts__seedA/p317_t0.wav	0.94113963222901587	0.94296636875671691
p317	xtts	3	cosy	0	B	ecapa	exp210/clones/cosy__from_xtts__seedB/p317_t0.wav	0.68532380772181201	0.69007994510208315
p317	xtts	3	cosy	0	B	wavlmsv	exp210/clones/cosy__from_xtts__seedB/p317_t0.wav	0.94190068901294932	0.92677672029410629
p317	cosy	0	seedvc	1	A	ecapa	exp210/clones/seedvc__from_cosy__seedA/p317_t1.wav	0.70183791787890892	0.69699042006394896
p317	cosy	0	seedvc	1	A	wavlmsv	exp210/clones/seedvc__from_cosy__seedA/p317_t1.wav	0.92178855874096066	0.9313923244385871
p317	cosy	0	seedvc	1	B	ecapa	exp210/clones/seedvc__from_cosy__seedB/p317_t1.wav	0.78739884427799489	0.76658572484989185
p317	cosy	0	seedvc	1	B	wavlmsv	exp210/clones/seedvc__from_cosy__seedB/p317_t1.wav	0.93470561721570822	0.93128631704057518
p317	cosy	1	seedvc	2	A	ecapa	exp210/clones/seedvc__from_cosy__seedA/p317_t2.wav	0.79884929251026571	0.76807783609009261
p317	cosy	1	seedvc	2	A	wavlmsv	exp210/clones/seedvc__from_cosy__seedA/p317_t2.wav	0.9364800201108584	0.95703086896255352
p317	cosy	1	seedvc	2	B	ecapa	exp210/clones/seedvc__from_cosy__seedB/p317_t2.wav	0.79308043435472619	0.7586707689095733
p317	cosy	1	seedvc	2	B	wavlmsv	exp210/clones/seedvc__from_cosy__seedB/p317_t2.wav	0.94445549209529389	0.91459359343876301
p317	cosy	2	seedvc	3	A	ecapa	exp210/clones/seedvc__from_cosy__seedA/p317_t3.wav	0.71411585557980128	0.7149771560997864
p317	cosy	2	seedvc	3	A	wavlmsv	exp210/clones/seedvc__from_cosy__seedA/p317_t3.wav	0.93247958199815573	0.90689921561302622
p317	cosy	2	seedvc	3	B	ecapa	exp210/clones/seedvc__from_cosy__seedB/p317_t3.wav	0.7524751925743931	0.70929725364689955
p317	cosy	2	seedvc	3	B	wavlmsv	exp210/clones/seedvc__from_cosy__seedB/p317_t3.wav	0.92736975680469502	0.92115320570246506
p317	cosy	3	seedvc	0	A	ecapa	exp210/clones/seedvc__from_cosy__seedA/p317_t0.wav	0.65606046390444506	0.66919808673514791
p317	cosy	3	seedvc	0	A	wavlmsv	exp210/clones/seedvc__from_cosy__seedA/p317_t0.wav	0.86693020466601844	0.87494938297979152
p317	cosy	3	seedvc	0	B	ecapa	exp210/clones/seedvc__from_cosy__seedB/p317_t0.wav	0.65438678261067573	0.61352349287161734
p317	cosy	3	seedvc	0	B	wavlmsv	exp210/clones/seedvc__from_cosy__seedB/p317_t0.wav	0.90246219934414262	0.87699916351771656
p317	seedvc	0	f5	1	A	ecapa	exp210/clones/f5__from_seedvc__seedA/p317_t1.wav	0.69650598052465362	0.71391965774369837
p317	seedvc	0	f5	1	A	wavlmsv	exp210/clones/f5__from_seedvc__seedA/p317_t1.wav	0.93260440395983224	0.89777706786563916
p317	seedvc	0	f5	1	B	ecapa	exp210/clones/f5__from_seedvc__seedB/p317_t1.wav	0.69508483185844527	0.6201176781045461
p317	seedvc	0	f5	1	B	wavlmsv	exp210/clones/f5__from_seedvc__seedB/p317_t1.wav	0.91194064524228424	0.89866033526892419
p317	seedvc	1	f5	2	A	ecapa	exp210/clones/f5__from_seedvc__seedA/p317_t2.wav	0.71437436844326607	0.70388995550858657
p317	seedvc	1	f5	2	A	wavlmsv	exp210/clones/f5__from_seedvc__seedA/p317_t2.wav	0.91151600205792627	0.88937463289814433
p317	seedvc	1	f5	2	B	ecapa	exp210/clones/f5__from_seedvc__seedB/p317_t2.wav	0.76488481988308976	0.71233782546249713
p317	seedvc	1	f5	2	B	wavlmsv	exp210/clones/f5__from_seedvc__seedB/p317_t2.wav	0.93337985138646484	0.9335359364007414
p317	seedvc	2	f5	3	A	ecapa	exp210/clones/f5__from_seedvc__seedA/p317_t3.wav	0.67135157959653435	0.66333053572372669
p317	seedvc	2	f5	3	A	wavlmsv	exp210/clones/f5__from_seedvc__seedA/p317_t3.wav	0.91600037152799385	0.89998228699955451
p317	seedvc	2	f5	3	B	ecapa	exp210/clones/f5__from_seedvc__seedB/p317_t3.wav	0.70285364317657373	0.64314270931061424
p317	seedvc	2	f5	3	B	wavlmsv	exp210/clones/f5__from_seedvc__seedB/p317_t3.wav	0.9179204753815583	0.91079985039268874
p317	seedvc	3	f5	0	A	ecapa	exp210/clones/f5__from_seedvc__seedA/p317_t0.wav	0.70445083516548956	0.68018193575274766
p317	seedvc	3	f5	0	A	wavlmsv	exp210/clones/f5__from_seedvc__seedA/p317_t0.wav	0.92027267807996949	0.89723954342816448
p317	seedvc	3	f5	0	B	ecapa	exp210/clones/f5__from_seedvc__seedB/p317_t0.wav	0.71374041016744516	0.66175844432108444
p317	seedvc	3	f5	0	B	wavlmsv	exp210/clones/f5__from_seedvc__seedB/p317_t0.wav	0.90538646278154467	0.88977719730203386
p323	f5	0	xtts	1	A	ecapa	exp210/clones/xtts__from_f5__seedA/p323_t1.wav	0.4123172470001214	0.470402924684376
p323	f5	0	xtts	1	A	wavlmsv	exp210/clones/xtts__from_f5__seedA/p323_t1.wav	0.82547178966120627	0.88469644276951009
p323	f5	0	xtts	1	B	ecapa	exp210/clones/xtts__from_f5__seedB/p323_t1.wav	0.67025876425383069	0.53231817818274707
p323	f5	0	xtts	1	B	wavlmsv	exp210/clones/xtts__from_f5__seedB/p323_t1.wav	0.93783515224030967	0.93851467912657238
p323	f5	1	xtts	2	A	ecapa	exp210/clones/xtts__from_f5__seedA/p323_t2.wav	0.54610621549621396	0.49391842360319005
p323	f5	1	xtts	2	A	wavlmsv	exp210/clones/xtts__from_f5__seedA/p323_t2.wav	0.92408962183907484	0.9613263356538484
p323	f5	1	xtts	2	B	ecapa	exp210/clones/xtts__from_f5__seedB/p323_t2.wav	0.5494181508440239	0.5238421387820833
p323	f5	1	xtts	2	B	wavlmsv	exp210/clones/xtts__from_f5__seedB/p323_t2.wav	0.96486599061770661	0.90875901513973711
p323	f5	2	xtts	3	A	ecapa	exp210/clones/xtts__from_f5__seedA/p323_t3.wav	0.55419109292144986	0.58150431522071577
p323	f5	2	xtts	3	A	wavlmsv	exp210/clones/xtts__from_f5__seedA/p323_t3.wav	0.95386485120395481	0.96763043195892107
p323	f5	2	xtts	3	B	ecapa	exp210/clones/xtts__from_f5__seedB/p323_t3.wav	0.63129758639475997	0.53600378865727316
p323	f5	2	xtts	3	B	wavlmsv	exp210/clones/xtts__from_f5__seedB/p323_t3.wav	0.95865999582097428	0.94762410127508834
p323	f5	3	xtts	0	A	ecapa	exp210/clones/xtts__from_f5__seedA/p323_t0.wav	0.52206131916586884	0.47363368742298118
p323	f5	3	xtts	0	A	wavlmsv	exp210/clones/xtts__from_f5__seedA/p323_t0.wav	0.94825587329611105	0.95438548092578857
p323	f5	3	xtts	0	B	ecapa	exp210/clones/xtts__from_f5__seedB/p323_t0.wav	0.6141249663175441	0.47392131300360385
p323	f5	3	xtts	0	B	wavlmsv	exp210/clones/xtts__from_f5__seedB/p323_t0.wav	0.9332285205581089	0.86890718143923629
p323	xtts	0	cosy	1	A	ecapa	exp210/clones/cosy__from_xtts__seedA/p323_t1.wav	0.64986856209620902	0.60843632846181017
p323	xtts	0	cosy	1	A	wavlmsv	exp210/clones/cosy__from_xtts__seedA/p323_t1.wav	0.96724219339988604	0.92032775892385954
p323	xtts	0	cosy	1	B	ecapa	exp210/clones/cosy__from_xtts__seedB/p323_t1.wav	0.66184905066963451	0.55943180744440935
p323	xtts	0	cosy	1	B	wavlmsv	exp210/clones/cosy__from_xtts__seedB/p323_t1.wav	0.94417489718855618	0.94792276884586002
p323	xtts	1	cosy	2	A	ecapa	exp210/clones/cosy__from_xtts__seedA/p323_t2.wav	0.62890185282127098	0.59386668166209522
p323	xtts	1	cosy	2	A	wavlmsv	exp210/clones/cosy__from_xtts__seedA/p323_t2.wav	0.92785765607820581	0.92649896196760384
p323	xtts	1	cosy	2	B	ecapa	exp210/clones/cosy__from_xtts__seedB/p323_t2.wav	0.6600464481135917	0.58701004547137337
p323	xtts	1	cosy	2	B	wavlmsv	exp210/clones/cosy__from_xtts__seedB/p323_t2.wav	0.93019250954849231	0.89588359620225377
p323	xtts	2	cosy	3	A	ecapa	exp210/clones/cosy__from_xtts__seedA/p323_t3.wav	0.52365657799658272	0.51980554959593284
p323	xtts	2	cosy	3	A	wavlmsv	exp210/clones/cosy__from_xtts__seedA/p323_t3.wav	0.88178947040226663	0.90324949553797729
p323	xtts	2	cosy	3	B	ecapa	exp210/clones/cosy__from_xtts__seedB/p323_t3.wav	0.59302317823008055	0.48643625608358476
p323	xtts	2	cosy	3	B	wavlmsv	exp210/clones/cosy__from_xtts__seedB/p323_t3.wav	0.92474666202503986	0.85243479696733182
p323	xtts	3	cosy	0	A	ecapa	exp210/clones/cosy__from_xtts__seedA/p323_t0.wav	0.59860199448399709	0.59421184858794862
p323	xtts	3	cosy	0	A	wavlmsv	exp210/clones/cosy__from_xtts__seedA/p323_t0.wav	0.93095047997598068	0.92604504695559553
p323	xtts	3	cosy	0	B	ecapa	exp210/clones/cosy__from_xtts__seedB/p323_t0.wav	0.71309028282207021	0.58526618296553745
p323	xtts	3	cosy	0	B	wavlmsv	exp210/clones/cosy__from_xtts__seedB/p323_t0.wav	0.97022579559355804	0.94702247358577973
p323	cosy	0	seedvc	1	A	ecapa	exp210/clones/seedvc__from_cosy__seedA/p323_t1.wav	0.50894128950774298	0.47761192858802426
p323	cosy	0	seedvc	1	A	wavlmsv	exp210/clones/seedvc__from_cosy__seedA/p323_t1.wav	0.74353390404516606	0.81803586116032612
p323	cosy	0	seedvc	1	B	ecapa	exp210/clones/seedvc__from_cosy__seedB/p323_t1.wav	0.61651353326323299	0.50542874834782736
p323	cosy	0	seedvc	1	B	wavlmsv	exp210/clones/seedvc__from_cosy__seedB/p323_t1.wav	0.85379672574499921	0.7393751914204636
p323	cosy	1	seedvc	2	A	ecapa	exp210/clones/seedvc__from_cosy__seedA/p323_t2.wav	0.55894022548567091	0.45331067249328738
p323	cosy	1	seedvc	2	A	wavlmsv	exp210/clones/seedvc__from_cosy__seedA/p323_t2.wav	0.72829806483899162	0.78142512490896499
p323	cosy	1	seedvc	2	B	ecapa	exp210/clones/seedvc__from_cosy__seedB/p323_t2.wav	0.55921218306915688	0.47085743634971072
p323	cosy	1	seedvc	2	B	wavlmsv	exp210/clones/seedvc__from_cosy__seedB/p323_t2.wav	0.8937195322512248	0.77418088315152833
p323	cosy	2	seedvc	3	A	ecapa	exp210/clones/seedvc__from_cosy__seedA/p323_t3.wav	0.50185325114934132	0.53316574005275852
p323	cosy	2	seedvc	3	A	wavlmsv	exp210/clones/seedvc__from_cosy__seedA/p323_t3.wav	0.75691552493902936	0.82350082780412781
p323	cosy	2	seedvc	3	B	ecapa	exp210/clones/seedvc__from_cosy__seedB/p323_t3.wav	0.57580584829094339	0.44888972449129744
p323	cosy	2	seedvc	3	B	wavlmsv	exp210/clones/seedvc__from_cosy__seedB/p323_t3.wav	0.85452087913181107	0.74452964443764102
p323	cosy	3	seedvc	0	A	ecapa	exp210/clones/seedvc__from_cosy__seedA/p323_t0.wav	0.53985703387599082	0.4813565600704276
p323	cosy	3	seedvc	0	A	wavlmsv	exp210/clones/seedvc__from_cosy__seedA/p323_t0.wav	0.84163079531604845	0.90829130554536286
p323	cosy	3	seedvc	0	B	ecapa	exp210/clones/seedvc__from_cosy__seedB/p323_t0.wav	0.50408739118817358	0.46473638989858096
p323	cosy	3	seedvc	0	B	wavlmsv	exp210/clones/seedvc__from_cosy__seedB/p323_t0.wav	0.92433771602054704	0.83126868326506309
p323	seedvc	0	f5	1	A	ecapa	exp210/clones/f5__from_seedvc__seedA/p323_t1.wav	0.44577862720719552	0.49737843455842984
p323	seedvc	0	f5	1	A	wavlmsv	exp210/clones/f5__from_seedvc__seedA/p323_t1.wav	0.73352488848522723	0.81774179117184831
p323	seedvc	0	f5	1	B	ecapa	exp210/clones/f5__from_seedvc__seedB/p323_t1.wav	0.54535574929159336	0.40887961806326933
p323	seedvc	0	f5	1	B	wavlmsv	exp210/clones/f5__from_seedvc__seedB/p323_t1.wav	0.89746726849042247	0.75860078964777744
p323	seedvc	1	f5	2	A	ecapa	exp210/clones/f5__from_seedvc__seedA/p323_t2.wav	0.39462268678112339	0.41267830759603991
p323	seedvc	1	f5	2	A	wavlmsv	exp210/clones/f5__from_seedvc__seedA/p323_t2.wav	0.76679356269047816	0.83573044724810108
p323	seedvc	1	f5	2	B	ecapa	exp210/clones/f5__from_seedvc__seedB/p323_t2.wav	0.54993730764125437	0.40058839635381577
p323	seedvc	1	f5	2	B	wavlmsv	exp210/clones/f5__from_seedvc__seedB/p323_t2.wav	0.90163924270456786	0.78091518201228127
p323	seedvc	2	f5	3	A	ecapa	exp210/clones/f5__from_seedvc__seedA/p323_t3.wav	0.41505710238343729	0.37879844597518791
p323	seedvc	2	f5	3	A	wavlmsv	exp210/clones/f5__from_seedvc__seedA/p323_t3.wav	0.65379411283488942	0.69527553944357368
p323	seedvc	2	f5	3	B	ecapa	exp210/clones/f5__from_seedvc__seedB/p323_t3.wav	0.47926703536326454	0.37717142886672739
p323	seedvc	2	f5	3	B	wavlmsv	exp210/clones/f5__from_seedvc__seedB/p323_t3.wav	0.78724428086663856	0.67138771322773905
p323	seedvc	3	f5	0	A	ecapa	exp210/clones/f5__from_seedvc__seedA/p323_t0.wav	0.39775583612142296	0.43452850950081234
p323	seedvc	3	f5	0	A	wavlmsv	exp210/clones/f5__from_seedvc__seedA/p323_t0.wav	0.68269672502070633	0.72621289876421291
p323	seedvc	3	f5	0	B	ecapa	exp210/clones/f5__from_seedvc__seedB/p323_t0.wav	0.55415510862655315	0.37300729864319293
p323	seedvc	3	f5	0	B	wavlmsv	exp210/clones/f5__from_seedvc__seedB/p323_t0.wav	0.83386323675363405	0.70822952818106366
p326	f5	0	xtts	1	A	ecapa	exp210/clones/xtts__from_f5__seedA/p326_t1.wav	0.59835294198429534	0.59710463151687276
p326	f5	0	xtts	1	A	wavlmsv	exp210/clones/xtts__from_f5__seedA/p326_t1.wav	0.94505214121326764	0.92522376328224831
p326	f5	0	xtts	1	B	ecapa	exp210/clones/xtts__from_f5__seedB/p326_t1.wav	0.59741680483454063	0.50849325088918595
p326	f5	0	xtts	1	B	wavlmsv	exp210/clones/xtts__from_f5__seedB/p326_t1.wav	0.88707087458666378	0.92992330527489719
p326	f5	1	xtts	2	A	ecapa	exp210/clones/xtts__from_f5__seedA/p326_t2.wav	0.55164102470934673	0.54638499280197528
p326	f5	1	xtts	2	A	wavlmsv	exp210/clones/xtts__from_f5__seedA/p326_t2.wav	0.89584616547024765	0.90263937598216626
p326	f5	1	xtts	2	B	ecapa	exp210/clones/xtts__from_f5__seedB/p326_t2.wav	0.57954654884544898	0.50294276146600048
p326	f5	1	xtts	2	B	wavlmsv	exp210/clones/xtts__from_f5__seedB/p326_t2.wav	0.94065221154538614	0.87789306918979815
p326	f5	2	xtts	3	A	ecapa	exp210/clones/xtts__from_f5__seedA/p326_t3.wav	0.55972226841957551	0.5171545578609702
p326	f5	2	xtts	3	A	wavlmsv	exp210/clones/xtts__from_f5__seedA/p326_t3.wav	0.96207852774433045	0.87942747066332094
p326	f5	2	xtts	3	B	ecapa	exp210/clones/xtts__from_f5__seedB/p326_t3.wav	0.60871840042515346	0.57514554291055053
p326	f5	2	xtts	3	B	wavlmsv	exp210/clones/xtts__from_f5__seedB/p326_t3.wav	0.91824672431143606	0.93687673661603021
p326	f5	3	xtts	0	A	ecapa	exp210/clones/xtts__from_f5__seedA/p326_t0.wav	0.57963165378047254	0.57894673796999241
p326	f5	3	xtts	0	A	wavlmsv	exp210/clones/xtts__from_f5__seedA/p326_t0.wav	0.93382105509727464	0.90076715966735765
p326	f5	3	xtts	0	B	ecapa	exp210/clones/xtts__from_f5__seedB/p326_t0.wav	0.60891085142938028	0.56514291008385631
p326	f5	3	xtts	0	B	wavlmsv	exp210/clones/xtts__from_f5__seedB/p326_t0.wav	0.90020239438247263	0.84578120893317299
p326	xtts	0	cosy	1	A	ecapa	exp210/clones/cosy__from_xtts__seedA/p326_t1.wav	0.55280799633986422	0.52078299646537085
p326	xtts	0	cosy	1	A	wavlmsv	exp210/clones/cosy__from_xtts__seedA/p326_t1.wav	0.90720374953301253	0.91040758571379032
p326	xtts	0	cosy	1	B	ecapa	exp210/clones/cosy__from_xtts__seedB/p326_t1.wav	0.60565278797548161	0.5340059387482603
p326	xtts	0	cosy	1	B	wavlmsv	exp210/clones/cosy__from_xtts__seedB/p326_t1.wav	0.90232027555463401	0.92953957230968265
p326	xtts	1	cosy	2	A	ecapa	exp210/clones/cosy__from_xtts__seedA/p326_t2.wav	0.58940198424815515	0.53449914232611828
p326	xtts	1	cosy	2	A	wavlmsv	exp210/clones/cosy__from_xtts__seedA/p326_t2.wav	0.94155991447813658	0.87207781526215222
p326	xtts	1	cosy	2	B	ecapa	exp210/clones/cosy__from_xtts__seedB/p326_t2.wav	0.59856586339601481	0.55840913082242905
p326	xtts	1	cosy	2	B	wavlmsv	exp210/clones/cosy__from_xtts__seedB/p326_t2.wav	0.88158411839434048	0.96422316936826502
p326	xtts	2	cosy	3	A	ecapa	exp210/clones/cosy__from_xtts__seedA/p326_t3.wav	0.48544802487338296	0.46046261013533274
p326	xtts	2	cosy	3	A	wavlmsv	exp210/clones/cosy__from_xtts__seedA/p326_t3.wav	0.91352926654495414	0.88792668302347411
p326	xtts	2	cosy	3	B	ecapa	exp210/clones/cosy__from_xtts__seedB/p326_t3.wav	0.62313668292529245	0.57133455415944812
p326	xtts	2	cosy	3	B	wavlmsv	exp210/clones/cosy__from_xtts__seedB/p326_t3.wav	0.8881462791499628	0.95912194499318737
p326	xtts	3	cosy	0	A	ecapa	exp210/clones/cosy__from_xtts__seedA/p326_t0.wav	0.52239368107842521	0.4966212453495813
p326	xtts	3	cosy	0	A	wavlmsv	exp210/clones/cosy__from_xtts__seedA/p326_t0.wav	0.87362287991630783	0.92711485450750608
p326	xtts	3	cosy	0	B	ecapa	exp210/clones/cosy__from_xtts__seedB/p326_t0.wav	0.63626008225436348	0.56557050605414094
p326	xtts	3	cosy	0	B	wavlmsv	exp210/clones/cosy__from_xtts__seedB/p326_t0.wav	0.87777588668605599	0.95558142027798998
p326	cosy	0	seedvc	1	A	ecapa	exp210/clones/seedvc__from_cosy__seedA/p326_t1.wav	0.58781831649607463	0.55185827098702189
p326	cosy	0	seedvc	1	A	wavlmsv	exp210/clones/seedvc__from_cosy__seedA/p326_t1.wav	0.90042426618946836	0.80077361367617628
p326	cosy	0	seedvc	1	B	ecapa	exp210/clones/seedvc__from_cosy__seedB/p326_t1.wav	0.57220962783854046	0.52795996489284946
p326	cosy	0	seedvc	1	B	wavlmsv	exp210/clones/seedvc__from_cosy__seedB/p326_t1.wav	0.69051141964399432	0.81107065307800252
p326	cosy	1	seedvc	2	A	ecapa	exp210/clones/seedvc__from_cosy__seedA/p326_t2.wav	0.54241461863666385	0.49461273604567346
p326	cosy	1	seedvc	2	A	wavlmsv	exp210/clones/seedvc__from_cosy__seedA/p326_t2.wav	0.85061642850005392	0.69842009410533001
p326	cosy	1	seedvc	2	B	ecapa	exp210/clones/seedvc__from_cosy__seedB/p326_t2.wav	0.55645266180446185	0.47901942583780621
p326	cosy	1	seedvc	2	B	wavlmsv	exp210/clones/seedvc__from_cosy__seedB/p326_t2.wav	0.63908230946240507	0.76885193188803402
p326	cosy	2	seedvc	3	A	ecapa	exp210/clones/seedvc__from_cosy__seedA/p326_t3.wav	0.56138337593416776	0.53726663606767
p326	cosy	2	seedvc	3	A	wavlmsv	exp210/clones/seedvc__from_cosy__seedA/p326_t3.wav	0.88686612303931545	0.76769337004008209
p326	cosy	2	seedvc	3	B	ecapa	exp210/clones/seedvc__from_cosy__seedB/p326_t3.wav	0.6269320548123325	0.54284822249410447
p326	cosy	2	seedvc	3	B	wavlmsv	exp210/clones/seedvc__from_cosy__seedB/p326_t3.wav	0.71512607800722261	0.81181231921099217
p326	cosy	3	seedvc	0	A	ecapa	exp210/clones/seedvc__from_cosy__seedA/p326_t0.wav	0.63607412566909538	0.55382575953896229
p326	cosy	3	seedvc	0	A	wavlmsv	exp210/clones/seedvc__from_cosy__seedA/p326_t0.wav	0.92285658692320882	0.78197340024087292
p326	cosy	3	seedvc	0	B	ecapa	exp210/clones/seedvc__from_cosy__seedB/p326_t0.wav	0.6618319370136061	0.64423143454874743
p326	cosy	3	seedvc	0	B	wavlmsv	exp210/clones/seedvc__from_cosy__seedB/p326_t0.wav	0.71061413853151767	0.84190813554382182
p326	seedvc	0	f5	1	A	ecapa	exp210/clones/f5__from_seedvc__seedA/p326_t1.wav	0.55447551519035032	0.54421590650585205
p326	seedvc	0	f5	1	A	wavlmsv	exp210/clones/f5__from_seedvc__seedA/p326_t1.wav	0.84265982525396865	0.72771793466765766
p326	seedvc	0	f5	1	B	ecapa	exp210/clones/f5__from_seedvc__seedB/p326_t1.wav	0.59407159682628219	0.51340868620040303
p326	seedvc	0	f5	1	B	wavlmsv	exp210/clones/f5__from_seedvc__seedB/p326_t1.wav	0.57026502986859129	0.68550871746480313
p326	seedvc	1	f5	2	A	ecapa	exp210/clones/f5__from_seedvc__seedA/p326_t2.wav	0.49302321239255281	0.49050395021084758
p326	seedvc	1	f5	2	A	wavlmsv	exp210/clones/f5__from_seedvc__seedA/p326_t2.wav	0.82082889471512976	0.72106191757881177
p326	seedvc	1	f5	2	B	ecapa	exp210/clones/f5__from_seedvc__seedB/p326_t2.wav	0.55138050511638859	0.43683891323717927
p326	seedvc	1	f5	2	B	wavlmsv	exp210/clones/f5__from_seedvc__seedB/p326_t2.wav	0.62963352980522347	0.74786425304784954
p326	seedvc	2	f5	3	A	ecapa	exp210/clones/f5__from_seedvc__seedA/p326_t3.wav	0.5400498168612955	0.51725888668359055
p326	seedvc	2	f5	3	A	wavlmsv	exp210/clones/f5__from_seedvc__seedA/p326_t3.wav	0.82053645587914903	0.71717479231839054
p326	seedvc	2	f5	3	B	ecapa	exp210/clones/f5__from_seedvc__seedB/p326_t3.wav	0.52004296091399915	0.45145733580445535
p326	seedvc	2	f5	3	B	wavlmsv	exp210/clones/f5__from_seedvc__seedB/p326_t3.wav	0.6723636044361988	0.80176262906765783
p326	seedvc	3	f5	0	A	ecapa	exp210/clones/f5__from_seedvc__seedA/p326_t0.wav	0.54215095863900331	0.49122343318041739
p326	seedvc	3	f5	0	A	wavlmsv	exp210/clones/f5__from_seedvc__seedA/p326_t0.wav	0.86845563738184506	0.72251335930905425
p326	seedvc	3	f5	0	B	ecapa	exp210/clones/f5__from_seedvc__seedB/p326_t0.wav	0.5727550267259407	0.45092626926685592
p326	seedvc	3	f5	0	B	wavlmsv	exp210/clones/f5__from_seedvc__seedB/p326_t0.wav	0.61199026237909215	0.73102619254232404
p329	f5	0	xtts	1	A	ecapa	exp210/clones/xtts__from_f5__seedA/p329_t1.wav	0.5281327130864879	0.52081753466979419
p329	f5	0	xtts	1	A	wavlmsv	exp210/clones/xtts__from_f5__seedA/p329_t1.wav	0.92793529464363833	0.94178246288434053
p329	f5	0	xtts	1	B	ecapa	exp210/clones/xtts__from_f5__seedB/p329_t1.wav	0.51219380417743521	0.43091537395049928
p329	f5	0	xtts	1	B	wavlmsv	exp210/clones/xtts__from_f5__seedB/p329_t1.wav	0.92783736940302208	0.88536477719212958
p329	f5	1	xtts	2	A	ecapa	exp210/clones/xtts__from_f5__seedA/p329_t2.wav	0.50885761360891324	0.48173983979908092
p329	f5	1	xtts	2	A	wavlmsv	exp210/clones/xtts__from_f5__seedA/p329_t2.wav	0.84560473926487156	0.88392905504117802
p329	f5	1	xtts	2	B	ecapa	exp210/clones/xtts__from_f5__seedB/p329_t2.wav	0.54207220317690741	0.44387799363573111
p329	f5	1	xtts	2	B	wavlmsv	exp210/clones/xtts__from_f5__seedB/p329_t2.wav	0.91569226175022944	0.88655527238001697
p329	f5	2	xtts	3	A	ecapa	exp210/clones/xtts__from_f5__seedA/p329_t3.wav	0.54208892023038846	0.49087297265277763
p329	f5	2	xtts	3	A	wavlmsv	exp210/clones/xtts__from_f5__seedA/p329_t3.wav	0.88761629933776764	0.90810466194865258
p329	f5	2	xtts	3	B	ecapa	exp210/clones/xtts__from_f5__seedB/p329_t3.wav	0.45915069681153553	0.40386861521235934
p329	f5	2	xtts	3	B	wavlmsv	exp210/clones/xtts__from_f5__seedB/p329_t3.wav	0.91829885835387293	0.87474862283233645
p329	f5	3	xtts	0	A	ecapa	exp210/clones/xtts__from_f5__seedA/p329_t0.wav	0.55959833453915897	0.45793934606521963
p329	f5	3	xtts	0	A	wavlmsv	exp210/clones/xtts__from_f5__seedA/p329_t0.wav	0.90948363742858729	0.92380801958487624
p329	f5	3	xtts	0	B	ecapa	exp210/clones/xtts__from_f5__seedB/p329_t0.wav	0.51368013278834457	0.49347257886119622
p329	f5	3	xtts	0	B	wavlmsv	exp210/clones/xtts__from_f5__seedB/p329_t0.wav	0.93763998159640372	0.89998365906372912
p329	xtts	0	cosy	1	A	ecapa	exp210/clones/cosy__from_xtts__seedA/p329_t1.wav	0.55701305227641651	0.56528394276952187
p329	xtts	0	cosy	1	A	wavlmsv	exp210/clones/cosy__from_xtts__seedA/p329_t1.wav	0.87657516485676901	0.91820078828796525
p329	xtts	0	cosy	1	B	ecapa	exp210/clones/cosy__from_xtts__seedB/p329_t1.wav	0.48755569425479595	0.42170110930183363
p329	xtts	0	cosy	1	B	wavlmsv	exp210/clones/cosy__from_xtts__seedB/p329_t1.wav	0.93891234890342368	0.90200460105958502
p329	xtts	1	cosy	2	A	ecapa	exp210/clones/cosy__from_xtts__seedA/p329_t2.wav	0.62375025371956316	0.55619024445418008
p329	xtts	1	cosy	2	A	wavlmsv	exp210/clones/cosy__from_xtts__seedA/p329_t2.wav	0.90133313817692784	0.92795535192267575
p329	xtts	1	cosy	2	B	ecapa	exp210/clones/cosy__from_xtts__seedB/p329_t2.wav	0.51685185211478379	0.42919983127707212
p329	xtts	1	cosy	2	B	wavlmsv	exp210/clones/cosy__from_xtts__seedB/p329_t2.wav	0.92233734414026425	0.89924253708444024
p329	xtts	2	cosy	3	A	ecapa	exp210/clones/cosy__from_xtts__seedA/p329_t3.wav	0.58158091786922106	0.530914379767226
p329	xtts	2	cosy	3	A	wavlmsv	exp210/clones/cosy__from_xtts__seedA/p329_t3.wav	0.9180946003373851	0.94732907462752847
p329	xtts	2	cosy	3	B	ecapa	exp210/clones/cosy__from_xtts__seedB/p329_t3.wav	0.50870205197043383	0.37201691133716563
p329	xtts	2	cosy	3	B	wavlmsv	exp210/clones/cosy__from_xtts__seedB/p329_t3.wav	0.95270796043837924	0.91977608507113073
p329	xtts	3	cosy	0	A	ecapa	exp210/clones/cosy__from_xtts__seedA/p329_t0.wav	0.54326710024157743	0.56708979209743471
p329	xtts	3	cosy	0	A	wavlmsv	exp210/clones/cosy__from_xtts__seedA/p329_t0.wav	0.91835473548342972	0.94774822388461855
p329	xtts	3	cosy	0	B	ecapa	exp210/clones/cosy__from_xtts__seedB/p329_t0.wav	0.48232366717761921	0.35043268955976026
p329	xtts	3	cosy	0	B	wavlmsv	exp210/clones/cosy__from_xtts__seedB/p329_t0.wav	0.9152831711299374	0.87923773478378942
p329	cosy	0	seedvc	1	A	ecapa	exp210/clones/seedvc__from_cosy__seedA/p329_t1.wav	0.59584514414807521	0.55500864451576315
p329	cosy	0	seedvc	1	A	wavlmsv	exp210/clones/seedvc__from_cosy__seedA/p329_t1.wav	0.88097923405044976	0.89962420238193186
p329	cosy	0	seedvc	1	B	ecapa	exp210/clones/seedvc__from_cosy__seedB/p329_t1.wav	0.58965449504553602	0.36006243841354435
p329	cosy	0	seedvc	1	B	wavlmsv	exp210/clones/seedvc__from_cosy__seedB/p329_t1.wav	0.93160830268700145	0.88476649528895734
p329	cosy	1	seedvc	2	A	ecapa	exp210/clones/seedvc__from_cosy__seedA/p329_t2.wav	0.67830469690346051	0.65638798672181764
p329	cosy	1	seedvc	2	A	wavlmsv	exp210/clones/seedvc__from_cosy__seedA/p329_t2.wav	0.89603095426891954	0.90708245941751386
p329	cosy	1	seedvc	2	B	ecapa	exp210/clones/seedvc__from_cosy__seedB/p329_t2.wav	0.59792700686850386	0.4167127865955792
p329	cosy	1	seedvc	2	B	wavlmsv	exp210/clones/seedvc__from_cosy__seedB/p329_t2.wav	0.89783352003430261	0.85815695586062457
p329	cosy	2	seedvc	3	A	ecapa	exp210/clones/seedvc__from_cosy__seedA/p329_t3.wav	0.70766390739164875	0.57208508953536852
p329	cosy	2	seedvc	3	A	wavlmsv	exp210/clones/seedvc__from_cosy__seedA/p329_t3.wav	0.93817734920712037	0.931062543840664
p329	cosy	2	seedvc	3	B	ecapa	exp210/clones/seedvc__from_cosy__seedB/p329_t3.wav	0.62923853916363637	0.44143019987744325
p329	cosy	2	seedvc	3	B	wavlmsv	exp210/clones/seedvc__from_cosy__seedB/p329_t3.wav	0.9175413996306081	0.87960766306470939
p329	cosy	3	seedvc	0	A	ecapa	exp210/clones/seedvc__from_cosy__seedA/p329_t0.wav	0.60565151936371009	0.5065514580672319
p329	cosy	3	seedvc	0	A	wavlmsv	exp210/clones/seedvc__from_cosy__seedA/p329_t0.wav	0.89038627591718833	0.90184395388519922
p329	cosy	3	seedvc	0	B	ecapa	exp210/clones/seedvc__from_cosy__seedB/p329_t0.wav	0.52874675617938682	0.38473453258670021
p329	cosy	3	seedvc	0	B	wavlmsv	exp210/clones/seedvc__from_cosy__seedB/p329_t0.wav	0.89777978060110253	0.84647105162039393
p329	seedvc	0	f5	1	A	ecapa	exp210/clones/f5__from_seedvc__seedA/p329_t1.wav	0.65388123700188205	0.54808837082713979
p329	seedvc	0	f5	1	A	wavlmsv	exp210/clones/f5__from_seedvc__seedA/p329_t1.wav	0.8294732647536831	0.85010343957343981
p329	seedvc	0	f5	1	B	ecapa	exp210/clones/f5__from_seedvc__seedB/p329_t1.wav	0.53957951086257894	0.36370837350318197
p329	seedvc	0	f5	1	B	wavlmsv	exp210/clones/f5__from_seedvc__seedB/p329_t1.wav	0.86361846650943475	0.81299038216423614
p329	seedvc	1	f5	2	A	ecapa	exp210/clones/f5__from_seedvc__seedA/p329_t2.wav	0.59911270546336481	0.48199259854495047
p329	seedvc	1	f5	2	A	wavlmsv	exp210/clones/f5__from_seedvc__seedA/p329_t2.wav	0.90993064458677497	0.90782242226591681
p329	seedvc	1	f5	2	B	ecapa	exp210/clones/f5__from_seedvc__seedB/p329_t2.wav	0.52912728371389628	0.33419905095621771
p329	seedvc	1	f5	2	B	wavlmsv	exp210/clones/f5__from_seedvc__seedB/p329_t2.wav	0.91179567436194575	0.86613818343254723
p329	seedvc	2	f5	3	A	ecapa	exp210/clones/f5__from_seedvc__seedA/p329_t3.wav	0.57857661866634069	0.44181808521955113
p329	seedvc	2	f5	3	A	wavlmsv	exp210/clones/f5__from_seedvc__seedA/p329_t3.wav	0.91275792098009956	0.90893181172137072
p329	seedvc	2	f5	3	B	ecapa	exp210/clones/f5__from_seedvc__seedB/p329_t3.wav	0.48455044803783176	0.33457946906492864
p329	seedvc	2	f5	3	B	wavlmsv	exp210/clones/f5__from_seedvc__seedB/p329_t3.wav	0.92411294986044124	0.87882370189150782
p329	seedvc	3	f5	0	A	ecapa	exp210/clones/f5__from_seedvc__seedA/p329_t0.wav	0.60364504410092712	0.50248647133724678
p329	seedvc	3	f5	0	A	wavlmsv	exp210/clones/f5__from_seedvc__seedA/p329_t0.wav	0.87381232677597065	0.87465036899912496
p329	seedvc	3	f5	0	B	ecapa	exp210/clones/f5__from_seedvc__seedB/p329_t0.wav	0.52249465397618355	0.32935339891602111
p329	seedvc	3	f5	0	B	wavlmsv	exp210/clones/f5__from_seedvc__seedB/p329_t0.wav	0.88068439388663311	0.8472391177223586
p333	f5	0	xtts	1	A	ecapa	exp210/clones/xtts__from_f5__seedA/p333_t1.wav	0.55790143696808947	0.52719404668661063
p333	f5	0	xtts	1	A	wavlmsv	exp210/clones/xtts__from_f5__seedA/p333_t1.wav	0.93015778796224646	0.95885514388868109
p333	f5	0	xtts	1	B	ecapa	exp210/clones/xtts__from_f5__seedB/p333_t1.wav	0.50921754382033568	0.40600040493900053
p333	f5	0	xtts	1	B	wavlmsv	exp210/clones/xtts__from_f5__seedB/p333_t1.wav	0.93345086638036734	0.9146554109591194
p333	f5	1	xtts	2	A	ecapa	exp210/clones/xtts__from_f5__seedA/p333_t2.wav	0.57662441193193981	0.54580732659011788
p333	f5	1	xtts	2	A	wavlmsv	exp210/clones/xtts__from_f5__seedA/p333_t2.wav	0.93540533498191136	0.93144959667313598
p333	f5	1	xtts	2	B	ecapa	exp210/clones/xtts__from_f5__seedB/p333_t2.wav	0.60895769162771718	0.52798584877231491
p333	f5	1	xtts	2	B	wavlmsv	exp210/clones/xtts__from_f5__seedB/p333_t2.wav	0.9690024764934293	0.95185234301267108
p333	f5	2	xtts	3	A	ecapa	exp210/clones/xtts__from_f5__seedA/p333_t3.wav	0.49347328584675276	0.49097751992294031
p333	f5	2	xtts	3	A	wavlmsv	exp210/clones/xtts__from_f5__seedA/p333_t3.wav	0.89849958843226108	0.91327950647354172
p333	f5	2	xtts	3	B	ecapa	exp210/clones/xtts__from_f5__seedB/p333_t3.wav	0.60646076108102109	0.47835386758706061
p333	f5	2	xtts	3	B	wavlmsv	exp210/clones/xtts__from_f5__seedB/p333_t3.wav	0.96809696201570161	0.93900753557441297
p333	f5	3	xtts	0	A	ecapa	exp210/clones/xtts__from_f5__seedA/p333_t0.wav	0.55604136721427122	0.49400632170930925
p333	f5	3	xtts	0	A	wavlmsv	exp210/clones/xtts__from_f5__seedA/p333_t0.wav	0.92297646303232139	0.94378210835295351
p333	f5	3	xtts	0	B	ecapa	exp210/clones/xtts__from_f5__seedB/p333_t0.wav	0.54678394071234404	0.45411448515218233
p333	f5	3	xtts	0	B	wavlmsv	exp210/clones/xtts__from_f5__seedB/p333_t0.wav	0.9477504763296023	0.92046090771037614
p333	xtts	0	cosy	1	A	ecapa	exp210/clones/cosy__from_xtts__seedA/p333_t1.wav	0.62195557756478659	0.51472168303678467
p333	xtts	0	cosy	1	A	wavlmsv	exp210/clones/cosy__from_xtts__seedA/p333_t1.wav	0.91361297909803496	0.92398757532701969
p333	xtts	0	cosy	1	B	ecapa	exp210/clones/cosy__from_xtts__seedB/p333_t1.wav	0.50242178347791899	0.52083746909349049
p333	xtts	0	cosy	1	B	wavlmsv	exp210/clones/cosy__from_xtts__seedB/p333_t1.wav	0.91831962817191326	0.91014738915886906
p333	xtts	1	cosy	2	A	ecapa	exp210/clones/cosy__from_xtts__seedA/p333_t2.wav	0.61171447391345279	0.561420528556135
p333	xtts	1	cosy	2	A	wavlmsv	exp210/clones/cosy__from_xtts__seedA/p333_t2.wav	0.92578515217737611	0.93929844654129069
p333	xtts	1	cosy	2	B	ecapa	exp210/clones/cosy__from_xtts__seedB/p333_t2.wav	0.65406985183530586	0.54987574343147361
p333	xtts	1	cosy	2	B	wavlmsv	exp210/clones/cosy__from_xtts__seedB/p333_t2.wav	0.92745691846808009	0.91853106001912022
p333	xtts	2	cosy	3	A	ecapa	exp210/clones/cosy__from_xtts__seedA/p333_t3.wav	0.6170286389025097	0.53838522162742342
p333	xtts	2	cosy	3	A	wavlmsv	exp210/clones/cosy__from_xtts__seedA/p333_t3.wav	0.91100067420211772	0.9247710095940177
p333	xtts	2	cosy	3	B	ecapa	exp210/clones/cosy__from_xtts__seedB/p333_t3.wav	0.61378129372916268	0.51931961182291941
p333	xtts	2	cosy	3	B	wavlmsv	exp210/clones/cosy__from_xtts__seedB/p333_t3.wav	0.9300013708637298	0.9069059378535711
p333	xtts	3	cosy	0	A	ecapa	exp210/clones/cosy__from_xtts__seedA/p333_t0.wav	0.58582148618567653	0.53968824129749127
p333	xtts	3	cosy	0	A	wavlmsv	exp210/clones/cosy__from_xtts__seedA/p333_t0.wav	0.94997536355519241	0.9609800998057465
p333	xtts	3	cosy	0	B	ecapa	exp210/clones/cosy__from_xtts__seedB/p333_t0.wav	0.67258465391798405	0.57513688554898779
p333	xtts	3	cosy	0	B	wavlmsv	exp210/clones/cosy__from_xtts__seedB/p333_t0.wav	0.95349504418208264	0.93121736145768097
p333	cosy	0	seedvc	1	A	ecapa	exp210/clones/seedvc__from_cosy__seedA/p333_t1.wav	0.73669095054342582	0.58499431389265077
p333	cosy	0	seedvc	1	A	wavlmsv	exp210/clones/seedvc__from_cosy__seedA/p333_t1.wav	0.95924918652522395	0.9463976423298418
p333	cosy	0	seedvc	1	B	ecapa	exp210/clones/seedvc__from_cosy__seedB/p333_t1.wav	0.76266534294477317	0.65299616153197138
p333	cosy	0	seedvc	1	B	wavlmsv	exp210/clones/seedvc__from_cosy__seedB/p333_t1.wav	0.96137713892670051	0.94760031285226665
p333	cosy	1	seedvc	2	A	ecapa	exp210/clones/seedvc__from_cosy__seedA/p333_t2.wav	0.76148565102742605	0.66344485357511596
p333	cosy	1	seedvc	2	A	wavlmsv	exp210/clones/seedvc__from_cosy__seedA/p333_t2.wav	0.95380694096727803	0.95550929387016159
p333	cosy	1	seedvc	2	B	ecapa	exp210/clones/seedvc__from_cosy__seedB/p333_t2.wav	0.73991308767106911	0.68584394490157163
p333	cosy	1	seedvc	2	B	wavlmsv	exp210/clones/seedvc__from_cosy__seedB/p333_t2.wav	0.92974018936125369	0.92747975341811006
p333	cosy	2	seedvc	3	A	ecapa	exp210/clones/seedvc__from_cosy__seedA/p333_t3.wav	0.70753630501164577	0.67656622608510508
p333	cosy	2	seedvc	3	A	wavlmsv	exp210/clones/seedvc__from_cosy__seedA/p333_t3.wav	0.93040529337341282	0.93221417229538273
p333	cosy	2	seedvc	3	B	ecapa	exp210/clones/seedvc__from_cosy__seedB/p333_t3.wav	0.78718403360806444	0.67506955062391349
p333	cosy	2	seedvc	3	B	wavlmsv	exp210/clones/seedvc__from_cosy__seedB/p333_t3.wav	0.95349274043226528	0.94001609567947153
p333	cosy	3	seedvc	0	A	ecapa	exp210/clones/seedvc__from_cosy__seedA/p333_t0.wav	0.72700520072956887	0.67482117335226488
p333	cosy	3	seedvc	0	A	wavlmsv	exp210/clones/seedvc__from_cosy__seedA/p333_t0.wav	0.94537040036659037	0.94525895709197139
p333	cosy	3	seedvc	0	B	ecapa	exp210/clones/seedvc__from_cosy__seedB/p333_t0.wav	0.76984319004248647	0.62513981612327196
p333	cosy	3	seedvc	0	B	wavlmsv	exp210/clones/seedvc__from_cosy__seedB/p333_t0.wav	0.93008737129661434	0.93796419606615355
p333	seedvc	0	f5	1	A	ecapa	exp210/clones/f5__from_seedvc__seedA/p333_t1.wav	0.68471267215282072	0.61201370570914237
p333	seedvc	0	f5	1	A	wavlmsv	exp210/clones/f5__from_seedvc__seedA/p333_t1.wav	0.93953588902515806	0.91317562560354959
p333	seedvc	0	f5	1	B	ecapa	exp210/clones/f5__from_seedvc__seedB/p333_t1.wav	0.70112585157037377	0.51910776760693356
p333	seedvc	0	f5	1	B	wavlmsv	exp210/clones/f5__from_seedvc__seedB/p333_t1.wav	0.90065099312640662	0.90450929925342183
p333	seedvc	1	f5	2	A	ecapa	exp210/clones/f5__from_seedvc__seedA/p333_t2.wav	0.72672491366960268	0.61542084431242794
p333	seedvc	1	f5	2	A	wavlmsv	exp210/clones/f5__from_seedvc__seedA/p333_t2.wav	0.97133020676598947	0.94625177261904447
p333	seedvc	1	f5	2	B	ecapa	exp210/clones/f5__from_seedvc__seedB/p333_t2.wav	0.74777602420471367	0.57128454360523018
p333	seedvc	1	f5	2	B	wavlmsv	exp210/clones/f5__from_seedvc__seedB/p333_t2.wav	0.94123529477099521	0.96083510095881686
p333	seedvc	2	f5	3	A	ecapa	exp210/clones/f5__from_seedvc__seedA/p333_t3.wav	0.73469613660861421	0.65887811650721517
p333	seedvc	2	f5	3	A	wavlmsv	exp210/clones/f5__from_seedvc__seedA/p333_t3.wav	0.94837718769592261	0.94290650748379512
p333	seedvc	2	f5	3	B	ecapa	exp210/clones/f5__from_seedvc__seedB/p333_t3.wav	0.73301104557816443	0.60502194011093413
p333	seedvc	2	f5	3	B	wavlmsv	exp210/clones/f5__from_seedvc__seedB/p333_t3.wav	0.94793501784875311	0.93936576392787041
p333	seedvc	3	f5	0	A	ecapa	exp210/clones/f5__from_seedvc__seedA/p333_t0.wav	0.70739000596816815	0.60645325873300537
p333	seedvc	3	f5	0	A	wavlmsv	exp210/clones/f5__from_seedvc__seedA/p333_t0.wav	0.91697209665481061	0.91510669510984954
p333	seedvc	3	f5	0	B	ecapa	exp210/clones/f5__from_seedvc__seedB/p333_t0.wav	0.72618355686162916	0.56547466680406211
p333	seedvc	3	f5	0	B	wavlmsv	exp210/clones/f5__from_seedvc__seedB/p333_t0.wav	0.87238153830756771	0.89506209827112115
p334	f5	0	xtts	1	A	ecapa	exp210/clones/xtts__from_f5__seedA/p334_t1.wav	0.52218027864671535	0.58653144660000955
p334	f5	0	xtts	1	A	wavlmsv	exp210/clones/xtts__from_f5__seedA/p334_t1.wav	0.9625798029410132	0.96722665727873802
p334	f5	0	xtts	1	B	ecapa	exp210/clones/xtts__from_f5__seedB/p334_t1.wav	0.64495362942979551	0.55304281030910718
p334	f5	0	xtts	1	B	wavlmsv	exp210/clones/xtts__from_f5__seedB/p334_t1.wav	0.96408971985539049	0.9487336285289516
p334	f5	1	xtts	2	A	ecapa	exp210/clones/xtts__from_f5__seedA/p334_t2.wav	0.56201837036476709	0.57460119383726926
p334	f5	1	xtts	2	A	wavlmsv	exp210/clones/xtts__from_f5__seedA/p334_t2.wav	0.96998298946803307	0.95362427205652189
p334	f5	1	xtts	2	B	ecapa	exp210/clones/xtts__from_f5__seedB/p334_t2.wav	0.56548365699577108	0.52150209007328829
p334	f5	1	xtts	2	B	wavlmsv	exp210/clones/xtts__from_f5__seedB/p334_t2.wav	0.95957711523152289	0.96297502013199776
p334	f5	2	xtts	3	A	ecapa	exp210/clones/xtts__from_f5__seedA/p334_t3.wav	0.62221040778253223	0.66921443340371778
p334	f5	2	xtts	3	A	wavlmsv	exp210/clones/xtts__from_f5__seedA/p334_t3.wav	0.97367886849880803	0.97086133027647126
p334	f5	2	xtts	3	B	ecapa	exp210/clones/xtts__from_f5__seedB/p334_t3.wav	0.66293314796319758	0.6144840228643218
p334	f5	2	xtts	3	B	wavlmsv	exp210/clones/xtts__from_f5__seedB/p334_t3.wav	0.95806463038615586	0.93286310802500838
p334	f5	3	xtts	0	A	ecapa	exp210/clones/xtts__from_f5__seedA/p334_t0.wav	0.46458834008135619	0.54238331142924379
p334	f5	3	xtts	0	A	wavlmsv	exp210/clones/xtts__from_f5__seedA/p334_t0.wav	0.96469020733790911	0.93684217852679019
p334	f5	3	xtts	0	B	ecapa	exp210/clones/xtts__from_f5__seedB/p334_t0.wav	0.48820805928632438	0.35022081286379719
p334	f5	3	xtts	0	B	wavlmsv	exp210/clones/xtts__from_f5__seedB/p334_t0.wav	0.93645149406678807	0.94366059864098828
p334	xtts	0	cosy	1	A	ecapa	exp210/clones/cosy__from_xtts__seedA/p334_t1.wav	0.56261689261279846	0.5324936078797613
p334	xtts	0	cosy	1	A	wavlmsv	exp210/clones/cosy__from_xtts__seedA/p334_t1.wav	0.9409031885907575	0.91604002464451684
p334	xtts	0	cosy	1	B	ecapa	exp210/clones/cosy__from_xtts__seedB/p334_t1.wav	0.61106517730722365	0.55137027809516859
p334	xtts	0	cosy	1	B	wavlmsv	exp210/clones/cosy__from_xtts__seedB/p334_t1.wav	0.96702852772742653	0.9577783109666278
p334	xtts	1	cosy	2	A	ecapa	exp210/clones/cosy__from_xtts__seedA/p334_t2.wav	0.61968991586172217	0.57544455665414773
p334	xtts	1	cosy	2	A	wavlmsv	exp210/clones/cosy__from_xtts__seedA/p334_t2.wav	0.95598882978589683	0.92676685527256353
p334	xtts	1	cosy	2	B	ecapa	exp210/clones/cosy__from_xtts__seedB/p334_t2.wav	0.5797231850538358	0.60519343637097611
p334	xtts	1	cosy	2	B	wavlmsv	exp210/clones/cosy__from_xtts__seedB/p334_t2.wav	0.92993872348983064	0.93715977871947997
p334	xtts	2	cosy	3	A	ecapa	exp210/clones/cosy__from_xtts__seedA/p334_t3.wav	0.52554530958078238	0.51212522526101267
p334	xtts	2	cosy	3	A	wavlmsv	exp210/clones/cosy__from_xtts__seedA/p334_t3.wav	0.93206543068193282	0.88506054588899474
p334	xtts	2	cosy	3	B	ecapa	exp210/clones/cosy__from_xtts__seedB/p334_t3.wav	0.51064672382004472	0.48770544434645835
p334	xtts	2	cosy	3	B	wavlmsv	exp210/clones/cosy__from_xtts__seedB/p334_t3.wav	0.95502843908545765	0.958125021277346
p334	xtts	3	cosy	0	A	ecapa	exp210/clones/cosy__from_xtts__seedA/p334_t0.wav	0.6204619626589738	0.55710382614529141
p334	xtts	3	cosy	0	A	wavlmsv	exp210/clones/cosy__from_xtts__seedA/p334_t0.wav	0.91132354607412402	0.87759174813621876
p334	xtts	3	cosy	0	B	ecapa	exp210/clones/cosy__from_xtts__seedB/p334_t0.wav	0.53458147038930348	0.57925365055214517
p334	xtts	3	cosy	0	B	wavlmsv	exp210/clones/cosy__from_xtts__seedB/p334_t0.wav	0.92929617241858908	0.94466598144994474
p334	cosy	0	seedvc	1	A	ecapa	exp210/clones/seedvc__from_cosy__seedA/p334_t1.wav	0.67842131049525478	0.6710097547481999
p334	cosy	0	seedvc	1	A	wavlmsv	exp210/clones/seedvc__from_cosy__seedA/p334_t1.wav	0.96351840837347136	0.96587138675991779
p334	cosy	0	seedvc	1	B	ecapa	exp210/clones/seedvc__from_cosy__seedB/p334_t1.wav	0.77436938156204316	0.72959978970670458
p334	cosy	0	seedvc	1	B	wavlmsv	exp210/clones/seedvc__from_cosy__seedB/p334_t1.wav	0.9676239796441386	0.97246456670535486
p334	cosy	1	seedvc	2	A	ecapa	exp210/clones/seedvc__from_cosy__seedA/p334_t2.wav	0.67157845183062737	0.62738130074706333
p334	cosy	1	seedvc	2	A	wavlmsv	exp210/clones/seedvc__from_cosy__seedA/p334_t2.wav	0.96754549057525374	0.95902887613477794
p334	cosy	1	seedvc	2	B	ecapa	exp210/clones/seedvc__from_cosy__seedB/p334_t2.wav	0.73498008440800899	0.67257990691759217
p334	cosy	1	seedvc	2	B	wavlmsv	exp210/clones/seedvc__from_cosy__seedB/p334_t2.wav	0.96641277238965662	0.95781783375510887
p334	cosy	2	seedvc	3	A	ecapa	exp210/clones/seedvc__from_cosy__seedA/p334_t3.wav	0.66771476079113656	0.68148172502058602
p334	cosy	2	seedvc	3	A	wavlmsv	exp210/clones/seedvc__from_cosy__seedA/p334_t3.wav	0.96095623132683183	0.95355940275735929
p334	cosy	2	seedvc	3	B	ecapa	exp210/clones/seedvc__from_cosy__seedB/p334_t3.wav	0.69017090890204036	0.61269336729251234
p334	cosy	2	seedvc	3	B	wavlmsv	exp210/clones/seedvc__from_cosy__seedB/p334_t3.wav	0.94747613936288566	0.94535039279942135
p334	cosy	3	seedvc	0	A	ecapa	exp210/clones/seedvc__from_cosy__seedA/p334_t0.wav	0.61218668832485568	0.60928107019507349
p334	cosy	3	seedvc	0	A	wavlmsv	exp210/clones/seedvc__from_cosy__seedA/p334_t0.wav	0.9234717679914175	0.93015386231840724
p334	cosy	3	seedvc	0	B	ecapa	exp210/clones/seedvc__from_cosy__seedB/p334_t0.wav	0.64304625152861328	0.6012696253074612
p334	cosy	3	seedvc	0	B	wavlmsv	exp210/clones/seedvc__from_cosy__seedB/p334_t0.wav	0.93912825362743946	0.93553900628788678
p334	seedvc	0	f5	1	A	ecapa	exp210/clones/f5__from_seedvc__seedA/p334_t1.wav	0.60595152012395137	0.60096725652707694
p334	seedvc	0	f5	1	A	wavlmsv	exp210/clones/f5__from_seedvc__seedA/p334_t1.wav	0.93034033870406851	0.90423520049524808
p334	seedvc	0	f5	1	B	ecapa	exp210/clones/f5__from_seedvc__seedB/p334_t1.wav	0.61825573773835807	0.56200619104637384
p334	seedvc	0	f5	1	B	wavlmsv	exp210/clones/f5__from_seedvc__seedB/p334_t1.wav	0.92692488453339528	0.92877098359083921
p334	seedvc	1	f5	2	A	ecapa	exp210/clones/f5__from_seedvc__seedA/p334_t2.wav	0.6422977612371481	0.6668364834439513
p334	seedvc	1	f5	2	A	wavlmsv	exp210/clones/f5__from_seedvc__seedA/p334_t2.wav	0.97121976298452362	0.95836179970206725
p334	seedvc	1	f5	2	B	ecapa	exp210/clones/f5__from_seedvc__seedB/p334_t2.wav	0.70916701515049163	0.61011637755792525
p334	seedvc	1	f5	2	B	wavlmsv	exp210/clones/f5__from_seedvc__seedB/p334_t2.wav	0.95343185551650167	0.96118175525509453
p334	seedvc	2	f5	3	A	ecapa	exp210/clones/f5__from_seedvc__seedA/p334_t3.wav	0.5873707349545696	0.5953804338999511
p334	seedvc	2	f5	3	A	wavlmsv	exp210/clones/f5__from_seedvc__seedA/p334_t3.wav	0.94973510777467074	0.93092006258749049
p334	seedvc	2	f5	3	B	ecapa	exp210/clones/f5__from_seedvc__seedB/p334_t3.wav	0.63093734382737665	0.56412497988090704
p334	seedvc	2	f5	3	B	wavlmsv	exp210/clones/f5__from_seedvc__seedB/p334_t3.wav	0.94947978268298205	0.95608862322713017
p334	seedvc	3	f5	0	A	ecapa	exp210/clones/f5__from_seedvc__seedA/p334_t0.wav	0.62981106929319042	0.61647289271203287
p334	seedvc	3	f5	0	A	wavlmsv	exp210/clones/f5__from_seedvc__seedA/p334_t0.wav	0.97462768186575621	0.94925113904930913
p334	seedvc	3	f5	0	B	ecapa	exp210/clones/f5__from_seedvc__seedB/p334_t0.wav	0.68586882654485271	0.6085453989545262
p334	seedvc	3	f5	0	B	wavlmsv	exp210/clones/f5__from_seedvc__seedB/p334_t0.wav	0.95269442530333659	0.96297016520152146
p335	f5	0	xtts	1	A	ecapa	exp210/clones/xtts__from_f5__seedA/p335_t1.wav	0.38961444603522122	0.3613742306693345
p335	f5	0	xtts	1	A	wavlmsv	exp210/clones/xtts__from_f5__seedA/p335_t1.wav	0.66338299568323433	0.8996216904453227
p335	f5	0	xtts	1	B	ecapa	exp210/clones/xtts__from_f5__seedB/p335_t1.wav	0.45971468516959169	0.36168277246717973
p335	f5	0	xtts	1	B	wavlmsv	exp210/clones/xtts__from_f5__seedB/p335_t1.wav	0.89705782874423101	0.70597734283659497
p335	f5	1	xtts	2	A	ecapa	exp210/clones/xtts__from_f5__seedA/p335_t2.wav	0.41849880270394069	0.34799356391486647
p335	f5	1	xtts	2	A	wavlmsv	exp210/clones/xtts__from_f5__seedA/p335_t2.wav	0.68077998668806472	0.84392389106768717
p335	f5	1	xtts	2	B	ecapa	exp210/clones/xtts__from_f5__seedB/p335_t2.wav	0.44548759137600946	0.38468499397744094
p335	f5	1	xtts	2	B	wavlmsv	exp210/clones/xtts__from_f5__seedB/p335_t2.wav	0.92534346199272244	0.67241485014293934
p335	f5	2	xtts	3	A	ecapa	exp210/clones/xtts__from_f5__seedA/p335_t3.wav	0.4910476816772229	0.42543336745064103
p335	f5	2	xtts	3	A	wavlmsv	exp210/clones/xtts__from_f5__seedA/p335_t3.wav	0.73290235596940123	0.93498700155574987
p335	f5	2	xtts	3	B	ecapa	exp210/clones/xtts__from_f5__seedB/p335_t3.wav	0.46363686773933976	0.38833017594941155
p335	f5	2	xtts	3	B	wavlmsv	exp210/clones/xtts__from_f5__seedB/p335_t3.wav	0.93622790919866572	0.67990681589777791
p335	f5	3	xtts	0	A	ecapa	exp210/clones/xtts__from_f5__seedA/p335_t0.wav	0.29693839659809906	0.22916468457900818
p335	f5	3	xtts	0	A	wavlmsv	exp210/clones/xtts__from_f5__seedA/p335_t0.wav	0.71462900221736358	0.92216775232958015
p335	f5	3	xtts	0	B	ecapa	exp210/clones/xtts__from_f5__seedB/p335_t0.wav	0.29789598688012092	0.20955057433655866
p335	f5	3	xtts	0	B	wavlmsv	exp210/clones/xtts__from_f5__seedB/p335_t0.wav	0.92602227462902276	0.72359816685634326
p335	xtts	0	cosy	1	A	ecapa	exp210/clones/cosy__from_xtts__seedA/p335_t1.wav	0.51097325440360919	0.54413053391926192
p335	xtts	0	cosy	1	A	wavlmsv	exp210/clones/cosy__from_xtts__seedA/p335_t1.wav	0.7184989483639892	0.90863003084686633
p335	xtts	0	cosy	1	B	ecapa	exp210/clones/cosy__from_xtts__seedB/p335_t1.wav	0.4976077265179058	0.39565984092445738
p335	xtts	0	cosy	1	B	wavlmsv	exp210/clones/cosy__from_xtts__seedB/p335_t1.wav	0.86661380442349034	0.65011968818694899
p335	xtts	1	cosy	2	A	ecapa	exp210/clones/cosy__from_xtts__seedA/p335_t2.wav	0.42593064856084101	0.57870103253171701
p335	xtts	1	cosy	2	A	wavlmsv	exp210/clones/cosy__from_xtts__seedA/p335_t2.wav	0.68699748234619373	0.93812575128720221
p335	xtts	1	cosy	2	B	ecapa	exp210/clones/cosy__from_xtts__seedB/p335_t2.wav	0.53179356109963694	0.41962533262074209
p335	xtts	1	cosy	2	B	wavlmsv	exp210/clones/cosy__from_xtts__seedB/p335_t2.wav	0.90981526043190475	0.71623186416609586
p335	xtts	2	cosy	3	A	ecapa	exp210/clones/cosy__from_xtts__seedA/p335_t3.wav	0.52599947514227385	0.54512505997483096
p335	xtts	2	cosy	3	A	wavlmsv	exp210/clones/cosy__from_xtts__seedA/p335_t3.wav	0.72020767616531145	0.93756767331133684
p335	xtts	2	cosy	3	B	ecapa	exp210/clones/cosy__from_xtts__seedB/p335_t3.wav	0.44293597944028651	0.38636570471216447
p335	xtts	2	cosy	3	B	wavlmsv	exp210/clones/cosy__from_xtts__seedB/p335_t3.wav	0.85279384506685962	0.66303816742474597
p335	xtts	3	cosy	0	A	ecapa	exp210/clones/cosy__from_xtts__seedA/p335_t0.wav	0.36384233612465627	0.437707660825565
p335	xtts	3	cosy	0	A	wavlmsv	exp210/clones/cosy__from_xtts__seedA/p335_t0.wav	0.72831492614235194	0.92938754165374149
p335	xtts	3	cosy	0	B	ecapa	exp210/clones/cosy__from_xtts__seedB/p335_t0.wav	0.4860093440307669	0.37712203351226614
p335	xtts	3	cosy	0	B	wavlmsv	exp210/clones/cosy__from_xtts__seedB/p335_t0.wav	0.91313537389908161	0.70022672882170256
p335	cosy	0	seedvc	1	A	ecapa	exp210/clones/seedvc__from_cosy__seedA/p335_t1.wav	0.44390925355548277	0.40663304508200565
p335	cosy	0	seedvc	1	A	wavlmsv	exp210/clones/seedvc__from_cosy__seedA/p335_t1.wav	0.71134332395054178	0.93166210540578898
p335	cosy	0	seedvc	1	B	ecapa	exp210/clones/seedvc__from_cosy__seedB/p335_t1.wav	0.60516746771833874	0.54252104694593306
p335	cosy	0	seedvc	1	B	wavlmsv	exp210/clones/seedvc__from_cosy__seedB/p335_t1.wav	0.94765074769356628	0.67696755254218255
p335	cosy	1	seedvc	2	A	ecapa	exp210/clones/seedvc__from_cosy__seedA/p335_t2.wav	0.507104603117015	0.45480959107935359
p335	cosy	1	seedvc	2	A	wavlmsv	exp210/clones/seedvc__from_cosy__seedA/p335_t2.wav	0.72095551222797727	0.91249022379409639
p335	cosy	1	seedvc	2	B	ecapa	exp210/clones/seedvc__from_cosy__seedB/p335_t2.wav	0.6274878275254745	0.50076578988658793
p335	cosy	1	seedvc	2	B	wavlmsv	exp210/clones/seedvc__from_cosy__seedB/p335_t2.wav	0.90085246860475954	0.73903512327475251
p335	cosy	2	seedvc	3	A	ecapa	exp210/clones/seedvc__from_cosy__seedA/p335_t3.wav	0.46936962233531099	0.41218974951587806
p335	cosy	2	seedvc	3	A	wavlmsv	exp210/clones/seedvc__from_cosy__seedA/p335_t3.wav	0.72256242970791862	0.91211551816730141
p335	cosy	2	seedvc	3	B	ecapa	exp210/clones/seedvc__from_cosy__seedB/p335_t3.wav	0.54015874098431671	0.48970054937680363
p335	cosy	2	seedvc	3	B	wavlmsv	exp210/clones/seedvc__from_cosy__seedB/p335_t3.wav	0.93700178186762595	0.73354501503471115
p335	cosy	3	seedvc	0	A	ecapa	exp210/clones/seedvc__from_cosy__seedA/p335_t0.wav	0.49181834159941029	0.4674173615864568
p335	cosy	3	seedvc	0	A	wavlmsv	exp210/clones/seedvc__from_cosy__seedA/p335_t0.wav	0.71147456339701165	0.89407831358083634
p335	cosy	3	seedvc	0	B	ecapa	exp210/clones/seedvc__from_cosy__seedB/p335_t0.wav	0.48821140010606201	0.39907628399881645
p335	cosy	3	seedvc	0	B	wavlmsv	exp210/clones/seedvc__from_cosy__seedB/p335_t0.wav	0.90118992798586894	0.70692386134396612
p335	seedvc	0	f5	1	A	ecapa	exp210/clones/f5__from_seedvc__seedA/p335_t1.wav	0.39304499505452417	0.33458315725774246
p335	seedvc	0	f5	1	A	wavlmsv	exp210/clones/f5__from_seedvc__seedA/p335_t1.wav	0.67829008760060017	0.85702150714013259
p335	seedvc	0	f5	1	B	ecapa	exp210/clones/f5__from_seedvc__seedB/p335_t1.wav	0.4281283701820407	0.36599977612234569
p335	seedvc	0	f5	1	B	wavlmsv	exp210/clones/f5__from_seedvc__seedB/p335_t1.wav	0.90101299806795032	0.67769873146328519
p335	seedvc	1	f5	2	A	ecapa	exp210/clones/f5__from_seedvc__seedA/p335_t2.wav	0.45465060436235183	0.35485858369506063
p335	seedvc	1	f5	2	A	wavlmsv	exp210/clones/f5__from_seedvc__seedA/p335_t2.wav	0.71876819760520072	0.87425501971204533
p335	seedvc	1	f5	2	B	ecapa	exp210/clones/f5__from_seedvc__seedB/p335_t2.wav	0.49150432002063371	0.43223579486435115
p335	seedvc	1	f5	2	B	wavlmsv	exp210/clones/f5__from_seedvc__seedB/p335_t2.wav	0.93979958814336872	0.71815193610620698
p335	seedvc	2	f5	3	A	ecapa	exp210/clones/f5__from_seedvc__seedA/p335_t3.wav	0.38833372436975516	0.2443555160708322
p335	seedvc	2	f5	3	A	wavlmsv	exp210/clones/f5__from_seedvc__seedA/p335_t3.wav	0.68282564224198672	0.88243831711900733
p335	seedvc	2	f5	3	B	ecapa	exp210/clones/f5__from_seedvc__seedB/p335_t3.wav	0.46238383426526286	0.38221101962840542
p335	seedvc	2	f5	3	B	wavlmsv	exp210/clones/f5__from_seedvc__seedB/p335_t3.wav	0.90857914326651157	0.67989822796876798
p335	seedvc	3	f5	0	A	ecapa	exp210/clones/f5__from_seedvc__seedA/p335_t0.wav	0.37473021759405745	0.3133477746418345
p335	seedvc	3	f5	0	A	wavlmsv	exp210/clones/f5__from_seedvc__seedA/p335_t0.wav	0.64222137362335263	0.85360622174576362
p335	seedvc	3	f5	0	B	ecapa	exp210/clones/f5__from_seedvc__seedB/p335_t0.wav	0.46306379289180682	0.35444016844242476
p335	seedvc	3	f5	0	B	wavlmsv	exp210/clones/f5__from_seedvc__seedB/p335_t0.wav	0.93283236605495123	0.67371919078249065
p336	f5	0	xtts	1	A	ecapa	exp210/clones/xtts__from_f5__seedA/p336_t1.wav	0.56646720892971625	0.40600976264229882
p336	f5	0	xtts	1	A	wavlmsv	exp210/clones/xtts__from_f5__seedA/p336_t1.wav	0.8893433343333853	0.8831056863937774
p336	f5	0	xtts	1	B	ecapa	exp210/clones/xtts__from_f5__seedB/p336_t1.wav	0.38618739018307446	0.48138265662454693
p336	f5	0	xtts	1	B	wavlmsv	exp210/clones/xtts__from_f5__seedB/p336_t1.wav	0.92261961037861928	0.90929344664171219
p336	f5	1	xtts	2	A	ecapa	exp210/clones/xtts__from_f5__seedA/p336_t2.wav	0.57828962701406261	0.5156660274473025
p336	f5	1	xtts	2	A	wavlmsv	exp210/clones/xtts__from_f5__seedA/p336_t2.wav	0.92041497989944232	0.90883575766217906
p336	f5	1	xtts	2	B	ecapa	exp210/clones/xtts__from_f5__seedB/p336_t2.wav	0.48939167210181922	0.53216326910332368
p336	f5	1	xtts	2	B	wavlmsv	exp210/clones/xtts__from_f5__seedB/p336_t2.wav	0.91707757467006812	0.9140879016884742
p336	f5	2	xtts	3	A	ecapa	exp210/clones/xtts__from_f5__seedA/p336_t3.wav	0.54747617351567057	0.45870358242270781
p336	f5	2	xtts	3	A	wavlmsv	exp210/clones/xtts__from_f5__seedA/p336_t3.wav	0.90988240759732442	0.93126203882504555
p336	f5	2	xtts	3	B	ecapa	exp210/clones/xtts__from_f5__seedB/p336_t3.wav	0.41908056480546718	0.51817392069626811
p336	f5	2	xtts	3	B	wavlmsv	exp210/clones/xtts__from_f5__seedB/p336_t3.wav	0.93649905054772231	0.92582816888949571
p336	f5	3	xtts	0	A	ecapa	exp210/clones/xtts__from_f5__seedA/p336_t0.wav	0.40297195714989542	0.33028797803641841
p336	f5	3	xtts	0	A	wavlmsv	exp210/clones/xtts__from_f5__seedA/p336_t0.wav	0.91434818261897255	0.92678911124502361
p336	f5	3	xtts	0	B	ecapa	exp210/clones/xtts__from_f5__seedB/p336_t0.wav	0.33160370757474594	0.42220982312208516
p336	f5	3	xtts	0	B	wavlmsv	exp210/clones/xtts__from_f5__seedB/p336_t0.wav	0.93197684171778961	0.90518818851327754
p336	xtts	0	cosy	1	A	ecapa	exp210/clones/cosy__from_xtts__seedA/p336_t1.wav	0.67147913005962356	0.50941089556842023
p336	xtts	0	cosy	1	A	wavlmsv	exp210/clones/cosy__from_xtts__seedA/p336_t1.wav	0.91260650278886879	0.93050276598868642
p336	xtts	0	cosy	1	B	ecapa	exp210/clones/cosy__from_xtts__seedB/p336_t1.wav	0.45436012354451866	0.5198133612718091
p336	xtts	0	cosy	1	B	wavlmsv	exp210/clones/cosy__from_xtts__seedB/p336_t1.wav	0.92326210799297526	0.9070055646441888
p336	xtts	1	cosy	2	A	ecapa	exp210/clones/cosy__from_xtts__seedA/p336_t2.wav	0.58350884209217435	0.48078487549087989
p336	xtts	1	cosy	2	A	wavlmsv	exp210/clones/cosy__from_xtts__seedA/p336_t2.wav	0.91045488986131196	0.91585670505045702
p336	xtts	1	cosy	2	B	ecapa	exp210/clones/cosy__from_xtts__seedB/p336_t2.wav	0.45194860238045997	0.49482880039263843
p336	xtts	1	cosy	2	B	wavlmsv	exp210/clones/cosy__from_xtts__seedB/p336_t2.wav	0.92599160205831454	0.90874518464755583
p336	xtts	2	cosy	3	A	ecapa	exp210/clones/cosy__from_xtts__seedA/p336_t3.wav	0.59905059425060192	0.49372120445002388
p336	xtts	2	cosy	3	A	wavlmsv	exp210/clones/cosy__from_xtts__seedA/p336_t3.wav	0.90764276763550722	0.90792772036738378
p336	xtts	2	cosy	3	B	ecapa	exp210/clones/cosy__from_xtts__seedB/p336_t3.wav	0.49063997252612168	0.53443048475064137
p336	xtts	2	cosy	3	B	wavlmsv	exp210/clones/cosy__from_xtts__seedB/p336_t3.wav	0.91534645763290323	0.9277395274470831
p336	xtts	3	cosy	0	A	ecapa	exp210/clones/cosy__from_xtts__seedA/p336_t0.wav	0.61171287552780362	0.46238108269302974
p336	xtts	3	cosy	0	A	wavlmsv	exp210/clones/cosy__from_xtts__seedA/p336_t0.wav	0.91979326180285348	0.93596811706044958
p336	xtts	3	cosy	0	B	ecapa	exp210/clones/cosy__from_xtts__seedB/p336_t0.wav	0.60331198687114052	0.59827422921761886
p336	xtts	3	cosy	0	B	wavlmsv	exp210/clones/cosy__from_xtts__seedB/p336_t0.wav	0.94051551413305901	0.95425141438093997
p336	cosy	0	seedvc	1	A	ecapa	exp210/clones/seedvc__from_cosy__seedA/p336_t1.wav	0.72982509975473597	0.55549307924142466
p336	cosy	0	seedvc	1	A	wavlmsv	exp210/clones/seedvc__from_cosy__seedA/p336_t1.wav	0.92055256341926872	0.94864138723547786
p336	cosy	0	seedvc	1	B	ecapa	exp210/clones/seedvc__from_cosy__seedB/p336_t1.wav	0.55695117644510261	0.68018445740143552
p336	cosy	0	seedvc	1	B	wavlmsv	exp210/clones/seedvc__from_cosy__seedB/p336_t1.wav	0.95022882015383292	0.90799492370204327
p336	cosy	1	seedvc	2	A	ecapa	exp210/clones/seedvc__from_cosy__seedA/p336_t2.wav	0.75564582724644191	0.58498207535181423
p336	cosy	1	seedvc	2	A	wavlmsv	exp210/clones/seedvc__from_cosy__seedA/p336_t2.wav	0.88704495966989927	0.89237927942643092
p336	cosy	1	seedvc	2	B	ecapa	exp210/clones/seedvc__from_cosy__seedB/p336_t2.wav	0.62124426123015519	0.69772938630602677
p336	cosy	1	seedvc	2	B	wavlmsv	exp210/clones/seedvc__from_cosy__seedB/p336_t2.wav	0.93193578315355396	0.91192752357727092
p336	cosy	2	seedvc	3	A	ecapa	exp210/clones/seedvc__from_cosy__seedA/p336_t3.wav	0.76387248932997909	0.53234400565470308
p336	cosy	2	seedvc	3	A	wavlmsv	exp210/clones/seedvc__from_cosy__seedA/p336_t3.wav	0.93626201366224204	0.92653318321404976
p336	cosy	2	seedvc	3	B	ecapa	exp210/clones/seedvc__from_cosy__seedB/p336_t3.wav	0.56472760675657718	0.68579722498148632
p336	cosy	2	seedvc	3	B	wavlmsv	exp210/clones/seedvc__from_cosy__seedB/p336_t3.wav	0.95413148084876509	0.94679187958350619
p336	cosy	3	seedvc	0	A	ecapa	exp210/clones/seedvc__from_cosy__seedA/p336_t0.wav	0.77152211941718662	0.57839408677768134
p336	cosy	3	seedvc	0	A	wavlmsv	exp210/clones/seedvc__from_cosy__seedA/p336_t0.wav	0.88497878069977043	0.90649712540589711
p336	cosy	3	seedvc	0	B	ecapa	exp210/clones/seedvc__from_cosy__seedB/p336_t0.wav	0.63103892176935361	0.6924026603474015
p336	cosy	3	seedvc	0	B	wavlmsv	exp210/clones/seedvc__from_cosy__seedB/p336_t0.wav	0.93730419564638257	0.90663366968164272
p336	seedvc	0	f5	1	A	ecapa	exp210/clones/f5__from_seedvc__seedA/p336_t1.wav	0.72593371160164455	0.49767687189520643
p336	seedvc	0	f5	1	A	wavlmsv	exp210/clones/f5__from_seedvc__seedA/p336_t1.wav	0.86330267513245706	0.91266684532543862
p336	seedvc	0	f5	1	B	ecapa	exp210/clones/f5__from_seedvc__seedB/p336_t1.wav	0.56903909633950367	0.6962277185122312
p336	seedvc	0	f5	1	B	wavlmsv	exp210/clones/f5__from_seedvc__seedB/p336_t1.wav	0.93450322517040996	0.88699490498228251
p336	seedvc	1	f5	2	A	ecapa	exp210/clones/f5__from_seedvc__seedA/p336_t2.wav	0.67602402110211801	0.50915390901336166
p336	seedvc	1	f5	2	A	wavlmsv	exp210/clones/f5__from_seedvc__seedA/p336_t2.wav	0.90786729301916735	0.91282120949086154
p336	seedvc	1	f5	2	B	ecapa	exp210/clones/f5__from_seedvc__seedB/p336_t2.wav	0.5247722019463511	0.60035447453112201
p336	seedvc	1	f5	2	B	wavlmsv	exp210/clones/f5__from_seedvc__seedB/p336_t2.wav	0.93119287242154969	0.92337050121348119
p336	seedvc	2	f5	3	A	ecapa	exp210/clones/f5__from_seedvc__seedA/p336_t3.wav	0.68420835225017063	0.4576687518953737
p336	seedvc	2	f5	3	A	wavlmsv	exp210/clones/f5__from_seedvc__seedA/p336_t3.wav	0.88546743556247731	0.87883874657480221
p336	seedvc	2	f5	3	B	ecapa	exp210/clones/f5__from_seedvc__seedB/p336_t3.wav	0.48500549363661005	0.64198978299187903
p336	seedvc	2	f5	3	B	wavlmsv	exp210/clones/f5__from_seedvc__seedB/p336_t3.wav	0.92721520606718555	0.90511268154156088
p336	seedvc	3	f5	0	A	ecapa	exp210/clones/f5__from_seedvc__seedA/p336_t0.wav	0.72593881719866604	0.4805814602139597
p336	seedvc	3	f5	0	A	wavlmsv	exp210/clones/f5__from_seedvc__seedA/p336_t0.wav	0.88695203051554705	0.90267610081324212
p336	seedvc	3	f5	0	B	ecapa	exp210/clones/f5__from_seedvc__seedB/p336_t0.wav	0.52620555215959686	0.63798599867809369
p336	seedvc	3	f5	0	B	wavlmsv	exp210/clones/f5__from_seedvc__seedB/p336_t0.wav	0.90529179845022179	0.88308328611788234
p339	f5	0	xtts	1	A	ecapa	exp210/clones/xtts__from_f5__seedA/p339_t1.wav	0.57481484579276454	0.55099080307974213
p339	f5	0	xtts	1	A	wavlmsv	exp210/clones/xtts__from_f5__seedA/p339_t1.wav	0.97394817777844733	0.96480550433248835
p339	f5	0	xtts	1	B	ecapa	exp210/clones/xtts__from_f5__seedB/p339_t1.wav	0.60290752055208707	0.49355933654009565
p339	f5	0	xtts	1	B	wavlmsv	exp210/clones/xtts__from_f5__seedB/p339_t1.wav	0.95038112516094397	0.94562197062837872
p339	f5	1	xtts	2	A	ecapa	exp210/clones/xtts__from_f5__seedA/p339_t2.wav	0.56614597190304194	0.56402221981226863
p339	f5	1	xtts	2	A	wavlmsv	exp210/clones/xtts__from_f5__seedA/p339_t2.wav	0.95849336989623968	0.94855433547203361
p339	f5	1	xtts	2	B	ecapa	exp210/clones/xtts__from_f5__seedB/p339_t2.wav	0.57464984937691788	0.49271497244570123
p339	f5	1	xtts	2	B	wavlmsv	exp210/clones/xtts__from_f5__seedB/p339_t2.wav	0.95852178771183083	0.97126330044090559
p339	f5	2	xtts	3	A	ecapa	exp210/clones/xtts__from_f5__seedA/p339_t3.wav	0.58389612921345069	0.54950071796393241
p339	f5	2	xtts	3	A	wavlmsv	exp210/clones/xtts__from_f5__seedA/p339_t3.wav	0.97244919980117794	0.94082742230915106
p339	f5	2	xtts	3	B	ecapa	exp210/clones/xtts__from_f5__seedB/p339_t3.wav	0.58841607637490434	0.45983758162019495
p339	f5	2	xtts	3	B	wavlmsv	exp210/clones/xtts__from_f5__seedB/p339_t3.wav	0.94265195317083117	0.97556825397048419
p339	f5	3	xtts	0	A	ecapa	exp210/clones/xtts__from_f5__seedA/p339_t0.wav	0.56238763790352886	0.60179423318676828
p339	f5	3	xtts	0	A	wavlmsv	exp210/clones/xtts__from_f5__seedA/p339_t0.wav	0.95112943266685379	0.94433924152267801
p339	f5	3	xtts	0	B	ecapa	exp210/clones/xtts__from_f5__seedB/p339_t0.wav	0.52119063332999727	0.42014092333989905
p339	f5	3	xtts	0	B	wavlmsv	exp210/clones/xtts__from_f5__seedB/p339_t0.wav	0.94680976460612687	0.96853027808591441
p339	xtts	0	cosy	1	A	ecapa	exp210/clones/cosy__from_xtts__seedA/p339_t1.wav	0.59693436213259798	0.47384324426897362
p339	xtts	0	cosy	1	A	wavlmsv	exp210/clones/cosy__from_xtts__seedA/p339_t1.wav	0.94238649807210173	0.92072476796268821
p339	xtts	0	cosy	1	B	ecapa	exp210/clones/cosy__from_xtts__seedB/p339_t1.wav	0.54952787942133619	0.49110593426942689
p339	xtts	0	cosy	1	B	wavlmsv	exp210/clones/cosy__from_xtts__seedB/p339_t1.wav	0.96428591334903568	0.94889529888984669
p339	xtts	1	cosy	2	A	ecapa	exp210/clones/cosy__from_xtts__seedA/p339_t2.wav	0.58814545207312197	0.4959412547503344
p339	xtts	1	cosy	2	A	wavlmsv	exp210/clones/cosy__from_xtts__seedA/p339_t2.wav	0.9477105577660907	0.93529538454308403
p339	xtts	1	cosy	2	B	ecapa	exp210/clones/cosy__from_xtts__seedB/p339_t2.wav	0.49734345697636884	0.48491197451833945
p339	xtts	1	cosy	2	B	wavlmsv	exp210/clones/cosy__from_xtts__seedB/p339_t2.wav	0.96064626883709658	0.94632412941319632
p339	xtts	2	cosy	3	A	ecapa	exp210/clones/cosy__from_xtts__seedA/p339_t3.wav	0.58228157931387237	0.52466415697766811
p339	xtts	2	cosy	3	A	wavlmsv	exp210/clones/cosy__from_xtts__seedA/p339_t3.wav	0.96959670280066368	0.94962120273948636
p339	xtts	2	cosy	3	B	ecapa	exp210/clones/cosy__from_xtts__seedB/p339_t3.wav	0.5683160322122961	0.41626153068080829
p339	xtts	2	cosy	3	B	wavlmsv	exp210/clones/cosy__from_xtts__seedB/p339_t3.wav	0.9462907087600203	0.96631491250442192
p339	xtts	3	cosy	0	A	ecapa	exp210/clones/cosy__from_xtts__seedA/p339_t0.wav	0.54005446835568138	0.47317995445660943
p339	xtts	3	cosy	0	A	wavlmsv	exp210/clones/cosy__from_xtts__seedA/p339_t0.wav	0.96828643008472493	0.94248608762570951
p339	xtts	3	cosy	0	B	ecapa	exp210/clones/cosy__from_xtts__seedB/p339_t0.wav	0.55860639647622956	0.43003193219413982
p339	xtts	3	cosy	0	B	wavlmsv	exp210/clones/cosy__from_xtts__seedB/p339_t0.wav	0.96777430241682749	0.95512426364170722
p339	cosy	0	seedvc	1	A	ecapa	exp210/clones/seedvc__from_cosy__seedA/p339_t1.wav	0.5888841717681641	0.51810388723440037
p339	cosy	0	seedvc	1	A	wavlmsv	exp210/clones/seedvc__from_cosy__seedA/p339_t1.wav	0.95028285999582018	0.95240078574400266
p339	cosy	0	seedvc	1	B	ecapa	exp210/clones/seedvc__from_cosy__seedB/p339_t1.wav	0.63965916739502982	0.44426413195230097
p339	cosy	0	seedvc	1	B	wavlmsv	exp210/clones/seedvc__from_cosy__seedB/p339_t1.wav	0.96127230214137005	0.95430646346678516
p339	cosy	1	seedvc	2	A	ecapa	exp210/clones/seedvc__from_cosy__seedA/p339_t2.wav	0.60970684862560864	0.48566835498730182
p339	cosy	1	seedvc	2	A	wavlmsv	exp210/clones/seedvc__from_cosy__seedA/p339_t2.wav	0.93321279180839467	0.93482547444335484
p339	cosy	1	seedvc	2	B	ecapa	exp210/clones/seedvc__from_cosy__seedB/p339_t2.wav	0.5974143749035814	0.463618109872797
p339	cosy	1	seedvc	2	B	wavlmsv	exp210/clones/seedvc__from_cosy__seedB/p339_t2.wav	0.95355731945088906	0.94778729310341625
p339	cosy	2	seedvc	3	A	ecapa	exp210/clones/seedvc__from_cosy__seedA/p339_t3.wav	0.55058899898284563	0.51270993943612675
p339	cosy	2	seedvc	3	A	wavlmsv	exp210/clones/seedvc__from_cosy__seedA/p339_t3.wav	0.92647416382482239	0.93909227683687035
p339	cosy	2	seedvc	3	B	ecapa	exp210/clones/seedvc__from_cosy__seedB/p339_t3.wav	0.66115600266936037	0.49383663957216511
p339	cosy	2	seedvc	3	B	wavlmsv	exp210/clones/seedvc__from_cosy__seedB/p339_t3.wav	0.95591722742317242	0.94175161195718871
p339	cosy	3	seedvc	0	A	ecapa	exp210/clones/seedvc__from_cosy__seedA/p339_t0.wav	0.52236474391301813	0.52008229363475966
p339	cosy	3	seedvc	0	A	wavlmsv	exp210/clones/seedvc__from_cosy__seedA/p339_t0.wav	0.91310489461479838	0.86696768557876391
p339	cosy	3	seedvc	0	B	ecapa	exp210/clones/seedvc__from_cosy__seedB/p339_t0.wav	0.69221829376935662	0.46117902640846042
p339	cosy	3	seedvc	0	B	wavlmsv	exp210/clones/seedvc__from_cosy__seedB/p339_t0.wav	0.94458842138211663	0.95550493047551854
p339	seedvc	0	f5	1	A	ecapa	exp210/clones/f5__from_seedvc__seedA/p339_t1.wav	0.5502537175211345	0.54787239441174229
p339	seedvc	0	f5	1	A	wavlmsv	exp210/clones/f5__from_seedvc__seedA/p339_t1.wav	0.92884163492663518	0.89274565263210615
p339	seedvc	0	f5	1	B	ecapa	exp210/clones/f5__from_seedvc__seedB/p339_t1.wav	0.68121282853565468	0.43357351630333207
p339	seedvc	0	f5	1	B	wavlmsv	exp210/clones/f5__from_seedvc__seedB/p339_t1.wav	0.91055471059532866	0.95264709682890625
p339	seedvc	1	f5	2	A	ecapa	exp210/clones/f5__from_seedvc__seedA/p339_t2.wav	0.58059142914860695	0.51193289027123956
p339	seedvc	1	f5	2	A	wavlmsv	exp210/clones/f5__from_seedvc__seedA/p339_t2.wav	0.93744558920102738	0.95832297872110017
p339	seedvc	1	f5	2	B	ecapa	exp210/clones/f5__from_seedvc__seedB/p339_t2.wav	0.64726182600639515	0.44495225577888614
p339	seedvc	1	f5	2	B	wavlmsv	exp210/clones/f5__from_seedvc__seedB/p339_t2.wav	0.92652175717704566	0.92487763391666111
p339	seedvc	2	f5	3	A	ecapa	exp210/clones/f5__from_seedvc__seedA/p339_t3.wav	0.60080611132697825	0.52128338355238069
p339	seedvc	2	f5	3	A	wavlmsv	exp210/clones/f5__from_seedvc__seedA/p339_t3.wav	0.93006767154388048	0.94144560281620204
p339	seedvc	2	f5	3	B	ecapa	exp210/clones/f5__from_seedvc__seedB/p339_t3.wav	0.59366464844108002	0.4289848385161894
p339	seedvc	2	f5	3	B	wavlmsv	exp210/clones/f5__from_seedvc__seedB/p339_t3.wav	0.95283059866452702	0.93843353229694348
p339	seedvc	3	f5	0	A	ecapa	exp210/clones/f5__from_seedvc__seedA/p339_t0.wav	0.62957064918819727	0.55801495917798194
p339	seedvc	3	f5	0	A	wavlmsv	exp210/clones/f5__from_seedvc__seedA/p339_t0.wav	0.95011774819704398	0.93836052195169928
p339	seedvc	3	f5	0	B	ecapa	exp210/clones/f5__from_seedvc__seedB/p339_t0.wav	0.62266833783070852	0.44211350065411076
p339	seedvc	3	f5	0	B	wavlmsv	exp210/clones/f5__from_seedvc__seedB/p339_t0.wav	0.93924518460966244	0.93290089627263872
p340	f5	0	xtts	1	A	ecapa	exp210/clones/xtts__from_f5__seedA/p340_t1.wav	0.5848571890973423	0.51261354684452143
p340	f5	0	xtts	1	A	wavlmsv	exp210/clones/xtts__from_f5__seedA/p340_t1.wav	0.90442028591592993	0.8790573559204049
p340	f5	0	xtts	1	B	ecapa	exp210/clones/xtts__from_f5__seedB/p340_t1.wav	0.50787692415776475	0.45408835776850748
p340	f5	0	xtts	1	B	wavlmsv	exp210/clones/xtts__from_f5__seedB/p340_t1.wav	0.90529991616728123	0.91307960854395809
p340	f5	1	xtts	2	A	ecapa	exp210/clones/xtts__from_f5__seedA/p340_t2.wav	0.699875015346898	0.61084495091450586
p340	f5	1	xtts	2	A	wavlmsv	exp210/clones/xtts__from_f5__seedA/p340_t2.wav	0.92645064258812693	0.87758021401449837
p340	f5	1	xtts	2	B	ecapa	exp210/clones/xtts__from_f5__seedB/p340_t2.wav	0.58765710831337115	0.56226272767822261
p340	f5	1	xtts	2	B	wavlmsv	exp210/clones/xtts__from_f5__seedB/p340_t2.wav	0.93730089336584133	0.94798612373535529
p340	f5	2	xtts	3	A	ecapa	exp210/clones/xtts__from_f5__seedA/p340_t3.wav	0.67021947569795215	0.58664662874715101
p340	f5	2	xtts	3	A	wavlmsv	exp210/clones/xtts__from_f5__seedA/p340_t3.wav	0.94009102493051377	0.93450293580612476
p340	f5	2	xtts	3	B	ecapa	exp210/clones/xtts__from_f5__seedB/p340_t3.wav	0.64371048530177766	0.5795011081863658
p340	f5	2	xtts	3	B	wavlmsv	exp210/clones/xtts__from_f5__seedB/p340_t3.wav	0.97371752536334011	0.9561829430161306
p340	f5	3	xtts	0	A	ecapa	exp210/clones/xtts__from_f5__seedA/p340_t0.wav	0.63789865619951558	0.51429810714557744
p340	f5	3	xtts	0	A	wavlmsv	exp210/clones/xtts__from_f5__seedA/p340_t0.wav	0.91560964101829501	0.89195295706026256
p340	f5	3	xtts	0	B	ecapa	exp210/clones/xtts__from_f5__seedB/p340_t0.wav	0.56468458055090087	0.60717820907847297
p340	f5	3	xtts	0	B	wavlmsv	exp210/clones/xtts__from_f5__seedB/p340_t0.wav	0.90434358337362764	0.93225987723372983
p340	xtts	0	cosy	1	A	ecapa	exp210/clones/cosy__from_xtts__seedA/p340_t1.wav	0.6477662870775579	0.52715821715714872
p340	xtts	0	cosy	1	A	wavlmsv	exp210/clones/cosy__from_xtts__seedA/p340_t1.wav	0.92073124699098008	0.87817680049016988
p340	xtts	0	cosy	1	B	ecapa	exp210/clones/cosy__from_xtts__seedB/p340_t1.wav	0.56865227059081569	0.50807482767386536
p340	xtts	0	cosy	1	B	wavlmsv	exp210/clones/cosy__from_xtts__seedB/p340_t1.wav	0.89935421881042199	0.9109033524447343
p340	xtts	1	cosy	2	A	ecapa	exp210/clones/cosy__from_xtts__seedA/p340_t2.wav	0.66580055141207284	0.54784520389113367
p340	xtts	1	cosy	2	A	wavlmsv	exp210/clones/cosy__from_xtts__seedA/p340_t2.wav	0.91172634116147666	0.86810184031567705
p340	xtts	1	cosy	2	B	ecapa	exp210/clones/cosy__from_xtts__seedB/p340_t2.wav	0.52783458346716161	0.50595762922931198
p340	xtts	1	cosy	2	B	wavlmsv	exp210/clones/cosy__from_xtts__seedB/p340_t2.wav	0.88028698051020515	0.90226722643235091
p340	xtts	2	cosy	3	A	ecapa	exp210/clones/cosy__from_xtts__seedA/p340_t3.wav	0.60449197407179422	0.50432688258483382
p340	xtts	2	cosy	3	A	wavlmsv	exp210/clones/cosy__from_xtts__seedA/p340_t3.wav	0.92901728218177504	0.87580210699300709
p340	xtts	2	cosy	3	B	ecapa	exp210/clones/cosy__from_xtts__seedB/p340_t3.wav	0.47738095594945384	0.42466069958897773
p340	xtts	2	cosy	3	B	wavlmsv	exp210/clones/cosy__from_xtts__seedB/p340_t3.wav	0.89034408085178485	0.90049945593427738
p340	xtts	3	cosy	0	A	ecapa	exp210/clones/cosy__from_xtts__seedA/p340_t0.wav	0.65683618514527786	0.55217613724125325
p340	xtts	3	cosy	0	A	wavlmsv	exp210/clones/cosy__from_xtts__seedA/p340_t0.wav	0.94164204087741787	0.89218417774758763
p340	xtts	3	cosy	0	B	ecapa	exp210/clones/cosy__from_xtts__seedB/p340_t0.wav	0.53271842040784423	0.49431663571294737
p340	xtts	3	cosy	0	B	wavlmsv	exp210/clones/cosy__from_xtts__seedB/p340_t0.wav	0.90181990984450744	0.92523711457741165
p340	cosy	0	seedvc	1	A	ecapa	exp210/clones/seedvc__from_cosy__seedA/p340_t1.wav	0.70693845624389906	0.5554926550505056
p340	cosy	0	seedvc	1	A	wavlmsv	exp210/clones/seedvc__from_cosy__seedA/p340_t1.wav	0.8352537188170307	0.81473442237221316
p340	cosy	0	seedvc	1	B	ecapa	exp210/clones/seedvc__from_cosy__seedB/p340_t1.wav	0.66565672266850484	0.62553406350913132
p340	cosy	0	seedvc	1	B	wavlmsv	exp210/clones/seedvc__from_cosy__seedB/p340_t1.wav	0.88036285136896542	0.86728455027270224
p340	cosy	1	seedvc	2	A	ecapa	exp210/clones/seedvc__from_cosy__seedA/p340_t2.wav	0.71160802336888318	0.52671329568293357
p340	cosy	1	seedvc	2	A	wavlmsv	exp210/clones/seedvc__from_cosy__seedA/p340_t2.wav	0.86439954060316282	0.86320075523802475
p340	cosy	1	seedvc	2	B	ecapa	exp210/clones/seedvc__from_cosy__seedB/p340_t2.wav	0.63433372810012079	0.66898785047699083
p340	cosy	1	seedvc	2	B	wavlmsv	exp210/clones/seedvc__from_cosy__seedB/p340_t2.wav	0.91810226631081937	0.91692368462698437
p340	cosy	2	seedvc	3	A	ecapa	exp210/clones/seedvc__from_cosy__seedA/p340_t3.wav	0.71332866511358461	0.57826767853369687
p340	cosy	2	seedvc	3	A	wavlmsv	exp210/clones/seedvc__from_cosy__seedA/p340_t3.wav	0.87452366218635069	0.85673305493775342
p340	cosy	2	seedvc	3	B	ecapa	exp210/clones/seedvc__from_cosy__seedB/p340_t3.wav	0.61115734244745634	0.59282314535655356
p340	cosy	2	seedvc	3	B	wavlmsv	exp210/clones/seedvc__from_cosy__seedB/p340_t3.wav	0.9104321101252616	0.91406298013680121
p340	cosy	3	seedvc	0	A	ecapa	exp210/clones/seedvc__from_cosy__seedA/p340_t0.wav	0.71862247454772377	0.54495418010084973
p340	cosy	3	seedvc	0	A	wavlmsv	exp210/clones/seedvc__from_cosy__seedA/p340_t0.wav	0.89626538551466961	0.90578427862969568
p340	cosy	3	seedvc	0	B	ecapa	exp210/clones/seedvc__from_cosy__seedB/p340_t0.wav	0.5930511290115873	0.68369702532009402
p340	cosy	3	seedvc	0	B	wavlmsv	exp210/clones/seedvc__from_cosy__seedB/p340_t0.wav	0.89193238246963547	0.86032936578322095
p340	seedvc	0	f5	1	A	ecapa	exp210/clones/f5__from_seedvc__seedA/p340_t1.wav	0.74439612356199292	0.62509465721888757
p340	seedvc	0	f5	1	A	wavlmsv	exp210/clones/f5__from_seedvc__seedA/p340_t1.wav	0.8625508942533282	0.85884175769060733
p340	seedvc	0	f5	1	B	ecapa	exp210/clones/f5__from_seedvc__seedB/p340_t1.wav	0.67380275791725819	0.62107809508133949
p340	seedvc	0	f5	1	B	wavlmsv	exp210/clones/f5__from_seedvc__seedB/p340_t1.wav	0.89783796563492779	0.86856780004249456
p340	seedvc	1	f5	2	A	ecapa	exp210/clones/f5__from_seedvc__seedA/p340_t2.wav	0.65391357594629151	0.53035823842872198
p340	seedvc	1	f5	2	A	wavlmsv	exp210/clones/f5__from_seedvc__seedA/p340_t2.wav	0.90339253778851947	0.86580028299665623
p340	seedvc	1	f5	2	B	ecapa	exp210/clones/f5__from_seedvc__seedB/p340_t2.wav	0.62796528626374415	0.55705852368545827
p340	seedvc	1	f5	2	B	wavlmsv	exp210/clones/f5__from_seedvc__seedB/p340_t2.wav	0.90120811217012242	0.89261893985792662
p340	seedvc	2	f5	3	A	ecapa	exp210/clones/f5__from_seedvc__seedA/p340_t3.wav	0.62295852946377073	0.49019340940463968
p340	seedvc	2	f5	3	A	wavlmsv	exp210/clones/f5__from_seedvc__seedA/p340_t3.wav	0.86508077254995785	0.83665566383775325
p340	seedvc	2	f5	3	B	ecapa	exp210/clones/f5__from_seedvc__seedB/p340_t3.wav	0.57046204601705031	0.54383269063070172
p340	seedvc	2	f5	3	B	wavlmsv	exp210/clones/f5__from_seedvc__seedB/p340_t3.wav	0.89449030784912376	0.90224810692525192
p340	seedvc	3	f5	0	A	ecapa	exp210/clones/f5__from_seedvc__seedA/p340_t0.wav	0.65671593740862177	0.54931486472551105
p340	seedvc	3	f5	0	A	wavlmsv	exp210/clones/f5__from_seedvc__seedA/p340_t0.wav	0.82211979989369455	0.80772490499429928
p340	seedvc	3	f5	0	B	ecapa	exp210/clones/f5__from_seedvc__seedB/p340_t0.wav	0.61637183827226238	0.53281243664751243
p340	seedvc	3	f5	0	B	wavlmsv	exp210/clones/f5__from_seedvc__seedB/p340_t0.wav	0.86324742424709	0.82828956783441665
p343	f5	0	xtts	1	A	ecapa	exp210/clones/xtts__from_f5__seedA/p343_t1.wav	0.48528092353505581	0.38470700631540894
p343	f5	0	xtts	1	A	wavlmsv	exp210/clones/xtts__from_f5__seedA/p343_t1.wav	0.86410073389746422	0.81407957449124502
p343	f5	0	xtts	1	B	ecapa	exp210/clones/xtts__from_f5__seedB/p343_t1.wav	0.48141368056446976	0.18683103684078939
p343	f5	0	xtts	1	B	wavlmsv	exp210/clones/xtts__from_f5__seedB/p343_t1.wav	0.88284480409876154	0.91168514545432533
p343	f5	1	xtts	2	A	ecapa	exp210/clones/xtts__from_f5__seedA/p343_t2.wav	0.46709775180254071	0.40987024167741376
p343	f5	1	xtts	2	A	wavlmsv	exp210/clones/xtts__from_f5__seedA/p343_t2.wav	0.93119652149311127	0.89919706111372566
p343	f5	1	xtts	2	B	ecapa	exp210/clones/xtts__from_f5__seedB/p343_t2.wav	0.40838698684323482	0.16807562538975548
p343	f5	1	xtts	2	B	wavlmsv	exp210/clones/xtts__from_f5__seedB/p343_t2.wav	0.88153618100687536	0.9040872924323291
p343	f5	2	xtts	3	A	ecapa	exp210/clones/xtts__from_f5__seedA/p343_t3.wav	0.49446961595079558	0.4036214441577255
p343	f5	2	xtts	3	A	wavlmsv	exp210/clones/xtts__from_f5__seedA/p343_t3.wav	0.91096986145873782	0.85819076708558029
p343	f5	2	xtts	3	B	ecapa	exp210/clones/xtts__from_f5__seedB/p343_t3.wav	0.48310351871958612	0.26051652657800067
p343	f5	2	xtts	3	B	wavlmsv	exp210/clones/xtts__from_f5__seedB/p343_t3.wav	0.83297328608348764	0.86899626707153788
p343	f5	3	xtts	0	A	ecapa	exp210/clones/xtts__from_f5__seedA/p343_t0.wav	0.47515631135455405	0.40355276669754653
p343	f5	3	xtts	0	A	wavlmsv	exp210/clones/xtts__from_f5__seedA/p343_t0.wav	0.89738330173125691	0.86476185669811967
p343	f5	3	xtts	0	B	ecapa	exp210/clones/xtts__from_f5__seedB/p343_t0.wav	0.61706654447732356	0.49394303783016108
p343	f5	3	xtts	0	B	wavlmsv	exp210/clones/xtts__from_f5__seedB/p343_t0.wav	0.87856707383663402	0.91368098542952492
p343	xtts	0	cosy	1	A	ecapa	exp210/clones/cosy__from_xtts__seedA/p343_t1.wav	0.46229647929607731	0.49580149402699836
p343	xtts	0	cosy	1	A	wavlmsv	exp210/clones/cosy__from_xtts__seedA/p343_t1.wav	0.94602624373126543	0.9157374028135945
p343	xtts	0	cosy	1	B	ecapa	exp210/clones/cosy__from_xtts__seedB/p343_t1.wav	0.56915944349879721	0.35673275200678611
p343	xtts	0	cosy	1	B	wavlmsv	exp210/clones/cosy__from_xtts__seedB/p343_t1.wav	0.91401989296910879	0.92475857051243326
p343	xtts	1	cosy	2	A	ecapa	exp210/clones/cosy__from_xtts__seedA/p343_t2.wav	0.48760365506252434	0.50121133076324331
p343	xtts	1	cosy	2	A	wavlmsv	exp210/clones/cosy__from_xtts__seedA/p343_t2.wav	0.94792198973749175	0.91212948590347653
p343	xtts	1	cosy	2	B	ecapa	exp210/clones/cosy__from_xtts__seedB/p343_t2.wav	0.59924577105861165	0.45447596333746332
p343	xtts	1	cosy	2	B	wavlmsv	exp210/clones/cosy__from_xtts__seedB/p343_t2.wav	0.90140131630296105	0.9024183137606665
p343	xtts	2	cosy	3	A	ecapa	exp210/clones/cosy__from_xtts__seedA/p343_t3.wav	0.47773830909111081	0.46638566241149459
p343	xtts	2	cosy	3	A	wavlmsv	exp210/clones/cosy__from_xtts__seedA/p343_t3.wav	0.94088321859880164	0.91305722338686657
p343	xtts	2	cosy	3	B	ecapa	exp210/clones/cosy__from_xtts__seedB/p343_t3.wav	0.58401666097007443	0.38493483658695227
p343	xtts	2	cosy	3	B	wavlmsv	exp210/clones/cosy__from_xtts__seedB/p343_t3.wav	0.91754554028514557	0.93452642363747773
p343	xtts	3	cosy	0	A	ecapa	exp210/clones/cosy__from_xtts__seedA/p343_t0.wav	0.480453854045786	0.52725330203536458
p343	xtts	3	cosy	0	A	wavlmsv	exp210/clones/cosy__from_xtts__seedA/p343_t0.wav	0.9321072518160769	0.89679949015722416
p343	xtts	3	cosy	0	B	ecapa	exp210/clones/cosy__from_xtts__seedB/p343_t0.wav	0.53249818321858045	0.21696731188582763
p343	xtts	3	cosy	0	B	wavlmsv	exp210/clones/cosy__from_xtts__seedB/p343_t0.wav	0.93127250878377854	0.92248347923602325
p343	cosy	0	seedvc	1	A	ecapa	exp210/clones/seedvc__from_cosy__seedA/p343_t1.wav	0.49808480613448253	0.48646147106018667
p343	cosy	0	seedvc	1	A	wavlmsv	exp210/clones/seedvc__from_cosy__seedA/p343_t1.wav	0.93463709283027163	0.89061138149306407
p343	cosy	0	seedvc	1	B	ecapa	exp210/clones/seedvc__from_cosy__seedB/p343_t1.wav	0.6566387065621424	0.40739591454114427
p343	cosy	0	seedvc	1	B	wavlmsv	exp210/clones/seedvc__from_cosy__seedB/p343_t1.wav	0.92297507853635752	0.95087175679826574
p343	cosy	1	seedvc	2	A	ecapa	exp210/clones/seedvc__from_cosy__seedA/p343_t2.wav	0.59333703061077681	0.53163091087492986
p343	cosy	1	seedvc	2	A	wavlmsv	exp210/clones/seedvc__from_cosy__seedA/p343_t2.wav	0.91315015159855251	0.87025970157701926
p343	cosy	1	seedvc	2	B	ecapa	exp210/clones/seedvc__from_cosy__seedB/p343_t2.wav	0.61562983655705561	0.52432151827308537
p343	cosy	1	seedvc	2	B	wavlmsv	exp210/clones/seedvc__from_cosy__seedB/p343_t2.wav	0.91034345919710757	0.93549121183520878
p343	cosy	2	seedvc	3	A	ecapa	exp210/clones/seedvc__from_cosy__seedA/p343_t3.wav	0.59765863978487199	0.62792007751166334
p343	cosy	2	seedvc	3	A	wavlmsv	exp210/clones/seedvc__from_cosy__seedA/p343_t3.wav	0.94767395313648684	0.89842400108112264
p343	cosy	2	seedvc	3	B	ecapa	exp210/clones/seedvc__from_cosy__seedB/p343_t3.wav	0.69727766370786781	0.49100128150251043
p343	cosy	2	seedvc	3	B	wavlmsv	exp210/clones/seedvc__from_cosy__seedB/p343_t3.wav	0.90933380197899583	0.94459983481987475
p343	cosy	3	seedvc	0	A	ecapa	exp210/clones/seedvc__from_cosy__seedA/p343_t0.wav	0.539633791803945	0.51715359865001964
p343	cosy	3	seedvc	0	A	wavlmsv	exp210/clones/seedvc__from_cosy__seedA/p343_t0.wav	0.95006010143425113	0.90967791692652988
p343	cosy	3	seedvc	0	B	ecapa	exp210/clones/seedvc__from_cosy__seedB/p343_t0.wav	0.60859354653299336	0.46101104231200696
p343	cosy	3	seedvc	0	B	wavlmsv	exp210/clones/seedvc__from_cosy__seedB/p343_t0.wav	0.91978025851965828	0.96005584547946077
p343	seedvc	0	f5	1	A	ecapa	exp210/clones/f5__from_seedvc__seedA/p343_t1.wav	0.43424675077662089	0.42596916910843602
p343	seedvc	0	f5	1	A	wavlmsv	exp210/clones/f5__from_seedvc__seedA/p343_t1.wav	0.89517422250345025	0.84565884775274114
p343	seedvc	0	f5	1	B	ecapa	exp210/clones/f5__from_seedvc__seedB/p343_t1.wav	0.60818594038875606	0.39199650610186065
p343	seedvc	0	f5	1	B	wavlmsv	exp210/clones/f5__from_seedvc__seedB/p343_t1.wav	0.9057512309000515	0.932659619239121
p343	seedvc	1	f5	2	A	ecapa	exp210/clones/f5__from_seedvc__seedA/p343_t2.wav	0.44323320492223606	0.45647057849342587
p343	seedvc	1	f5	2	A	wavlmsv	exp210/clones/f5__from_seedvc__seedA/p343_t2.wav	0.96680663976816827	0.91749462336751453
p343	seedvc	1	f5	2	B	ecapa	exp210/clones/f5__from_seedvc__seedB/p343_t2.wav	0.5650446169555875	0.35973010476208434
p343	seedvc	1	f5	2	B	wavlmsv	exp210/clones/f5__from_seedvc__seedB/p343_t2.wav	0.90637169613918611	0.94831626782018552
p343	seedvc	2	f5	3	A	ecapa	exp210/clones/f5__from_seedvc__seedA/p343_t3.wav	0.4771302506883347	0.49473886021177493
p343	seedvc	2	f5	3	A	wavlmsv	exp210/clones/f5__from_seedvc__seedA/p343_t3.wav	0.92870311638850089	0.870447683875053
p343	seedvc	2	f5	3	B	ecapa	exp210/clones/f5__from_seedvc__seedB/p343_t3.wav	0.60339251789746373	0.36100621748745748
p343	seedvc	2	f5	3	B	wavlmsv	exp210/clones/f5__from_seedvc__seedB/p343_t3.wav	0.90457239893331876	0.92122479832158088
p343	seedvc	3	f5	0	A	ecapa	exp210/clones/f5__from_seedvc__seedA/p343_t0.wav	0.5483520218301805	0.4938949425113911
p343	seedvc	3	f5	0	A	wavlmsv	exp210/clones/f5__from_seedvc__seedA/p343_t0.wav	0.93491081375829488	0.86214845187285083
p343	seedvc	3	f5	0	B	ecapa	exp210/clones/f5__from_seedvc__seedB/p343_t0.wav	0.60931954165928381	0.44866013452557107
p343	seedvc	3	f5	0	B	wavlmsv	exp210/clones/f5__from_seedvc__seedB/p343_t0.wav	0.89933671944814875	0.93864119907751753
p347	f5	0	xtts	1	A	ecapa	exp210/clones/xtts__from_f5__seedA/p347_t1.wav	0.57179441968691636	0.4812504071573615
p347	f5	0	xtts	1	A	wavlmsv	exp210/clones/xtts__from_f5__seedA/p347_t1.wav	0.86679317963309899	0.89837138053188736
p347	f5	0	xtts	1	B	ecapa	exp210/clones/xtts__from_f5__seedB/p347_t1.wav	0.59834298468558522	0.63135630125788
p347	f5	0	xtts	1	B	wavlmsv	exp210/clones/xtts__from_f5__seedB/p347_t1.wav	0.94030824144350733	0.85290966950684455
p347	f5	1	xtts	2	A	ecapa	exp210/clones/xtts__from_f5__seedA/p347_t2.wav	0.70656280755724932	0.62870931088781323
p347	f5	1	xtts	2	A	wavlmsv	exp210/clones/xtts__from_f5__seedA/p347_t2.wav	0.94033661084154252	0.93171776010365281
p347	f5	1	xtts	2	B	ecapa	exp210/clones/xtts__from_f5__seedB/p347_t2.wav	0.67030121624800765	0.70581308030222445
p347	f5	1	xtts	2	B	wavlmsv	exp210/clones/xtts__from_f5__seedB/p347_t2.wav	0.92385233081786411	0.81168059048456431
p347	f5	2	xtts	3	A	ecapa	exp210/clones/xtts__from_f5__seedA/p347_t3.wav	0.65833133999181537	0.57756635947532742
p347	f5	2	xtts	3	A	wavlmsv	exp210/clones/xtts__from_f5__seedA/p347_t3.wav	0.93190594696767926	0.94382855502053908
p347	f5	2	xtts	3	B	ecapa	exp210/clones/xtts__from_f5__seedB/p347_t3.wav	0.65760993708351934	0.63939490146212385
p347	f5	2	xtts	3	B	wavlmsv	exp210/clones/xtts__from_f5__seedB/p347_t3.wav	0.97109655496261849	0.93388731412291215
p347	f5	3	xtts	0	A	ecapa	exp210/clones/xtts__from_f5__seedA/p347_t0.wav	0.67717939668304106	0.56128283260868961
p347	f5	3	xtts	0	A	wavlmsv	exp210/clones/xtts__from_f5__seedA/p347_t0.wav	0.90828869583795346	0.91816927167564422
p347	f5	3	xtts	0	B	ecapa	exp210/clones/xtts__from_f5__seedB/p347_t0.wav	0.66590167121845112	0.72884701279011854
p347	f5	3	xtts	0	B	wavlmsv	exp210/clones/xtts__from_f5__seedB/p347_t0.wav	0.94844186914482409	0.91570744441356977
p347	xtts	0	cosy	1	A	ecapa	exp210/clones/cosy__from_xtts__seedA/p347_t1.wav	0.62909161616419518	0.50459814555688376
p347	xtts	0	cosy	1	A	wavlmsv	exp210/clones/cosy__from_xtts__seedA/p347_t1.wav	0.88748953393080399	0.91133795441131271
p347	xtts	0	cosy	1	B	ecapa	exp210/clones/cosy__from_xtts__seedB/p347_t1.wav	0.61574706606197049	0.7185371410537913
p347	xtts	0	cosy	1	B	wavlmsv	exp210/clones/cosy__from_xtts__seedB/p347_t1.wav	0.90833845382638434	0.88449312035838834
p347	xtts	1	cosy	2	A	ecapa	exp210/clones/cosy__from_xtts__seedA/p347_t2.wav	0.71882356642780276	0.61825861902854018
p347	xtts	1	cosy	2	A	wavlmsv	exp210/clones/cosy__from_xtts__seedA/p347_t2.wav	0.9607197689625685	0.94802380710508194
p347	xtts	1	cosy	2	B	ecapa	exp210/clones/cosy__from_xtts__seedB/p347_t2.wav	0.69103297259168228	0.73361865980765506
p347	xtts	1	cosy	2	B	wavlmsv	exp210/clones/cosy__from_xtts__seedB/p347_t2.wav	0.93499692440624915	0.92287856105860488
p347	xtts	2	cosy	3	A	ecapa	exp210/clones/cosy__from_xtts__seedA/p347_t3.wav	0.65536936016666214	0.55633437446371314
p347	xtts	2	cosy	3	A	wavlmsv	exp210/clones/cosy__from_xtts__seedA/p347_t3.wav	0.95283995182273007	0.92993994300019134
p347	xtts	2	cosy	3	B	ecapa	exp210/clones/cosy__from_xtts__seedB/p347_t3.wav	0.66157908396697374	0.70274720842699745
p347	xtts	2	cosy	3	B	wavlmsv	exp210/clones/cosy__from_xtts__seedB/p347_t3.wav	0.93611207401404151	0.90106373405277629
p347	xtts	3	cosy	0	A	ecapa	exp210/clones/cosy__from_xtts__seedA/p347_t0.wav	0.71438896293595433	0.56586435823503867
p347	xtts	3	cosy	0	A	wavlmsv	exp210/clones/cosy__from_xtts__seedA/p347_t0.wav	0.89995147580899271	0.94962245675151591
p347	xtts	3	cosy	0	B	ecapa	exp210/clones/cosy__from_xtts__seedB/p347_t0.wav	0.65658502835786781	0.74568730187969279
p347	xtts	3	cosy	0	B	wavlmsv	exp210/clones/cosy__from_xtts__seedB/p347_t0.wav	0.93986045627601011	0.90792194919374702
p347	cosy	0	seedvc	1	A	ecapa	exp210/clones/seedvc__from_cosy__seedA/p347_t1.wav	0.62789830752095133	0.59103210319253008
p347	cosy	0	seedvc	1	A	wavlmsv	exp210/clones/seedvc__from_cosy__seedA/p347_t1.wav	0.80722501786808287	0.85202420443039772
p347	cosy	0	seedvc	1	B	ecapa	exp210/clones/seedvc__from_cosy__seedB/p347_t1.wav	0.63303323961070224	0.59222292252317354
p347	cosy	0	seedvc	1	B	wavlmsv	exp210/clones/seedvc__from_cosy__seedB/p347_t1.wav	0.83551368915796642	0.80034328422228029
p347	cosy	1	seedvc	2	A	ecapa	exp210/clones/seedvc__from_cosy__seedA/p347_t2.wav	0.63824446413794689	0.5843357613765876
p347	cosy	1	seedvc	2	A	wavlmsv	exp210/clones/seedvc__from_cosy__seedA/p347_t2.wav	0.77225596108568806	0.86435795604068755
p347	cosy	1	seedvc	2	B	ecapa	exp210/clones/seedvc__from_cosy__seedB/p347_t2.wav	0.65756988354779811	0.61365413802950708
p347	cosy	1	seedvc	2	B	wavlmsv	exp210/clones/seedvc__from_cosy__seedB/p347_t2.wav	0.85924616192003767	0.79696403515707093
p347	cosy	2	seedvc	3	A	ecapa	exp210/clones/seedvc__from_cosy__seedA/p347_t3.wav	0.65965060601575609	0.60454323470152649
p347	cosy	2	seedvc	3	A	wavlmsv	exp210/clones/seedvc__from_cosy__seedA/p347_t3.wav	0.8318599284905398	0.84212078647206567
p347	cosy	2	seedvc	3	B	ecapa	exp210/clones/seedvc__from_cosy__seedB/p347_t3.wav	0.56855331890318894	0.59043525932867191
p347	cosy	2	seedvc	3	B	wavlmsv	exp210/clones/seedvc__from_cosy__seedB/p347_t3.wav	0.85434064813990551	0.80702939182276578
p347	cosy	3	seedvc	0	A	ecapa	exp210/clones/seedvc__from_cosy__seedA/p347_t0.wav	0.65640440432170033	0.61606396031818123
p347	cosy	3	seedvc	0	A	wavlmsv	exp210/clones/seedvc__from_cosy__seedA/p347_t0.wav	0.86464197398352916	0.90281431867827566
p347	cosy	3	seedvc	0	B	ecapa	exp210/clones/seedvc__from_cosy__seedB/p347_t0.wav	0.63324799968809009	0.61479347233119674
p347	cosy	3	seedvc	0	B	wavlmsv	exp210/clones/seedvc__from_cosy__seedB/p347_t0.wav	0.91896023164148	0.89555697713911164
p347	seedvc	0	f5	1	A	ecapa	exp210/clones/f5__from_seedvc__seedA/p347_t1.wav	0.5445518915638603	0.51153202530976183
p347	seedvc	0	f5	1	A	wavlmsv	exp210/clones/f5__from_seedvc__seedA/p347_t1.wav	0.8272066499822972	0.87199810494259378
p347	seedvc	0	f5	1	B	ecapa	exp210/clones/f5__from_seedvc__seedB/p347_t1.wav	0.62046222677569107	0.60881523871500298
p347	seedvc	0	f5	1	B	wavlmsv	exp210/clones/f5__from_seedvc__seedB/p347_t1.wav	0.86897135414955762	0.83175703887972507
p347	seedvc	1	f5	2	A	ecapa	exp210/clones/f5__from_seedvc__seedA/p347_t2.wav	0.62240666712960535	0.59625978741287544
p347	seedvc	1	f5	2	A	wavlmsv	exp210/clones/f5__from_seedvc__seedA/p347_t2.wav	0.78624104457392496	0.86285637419138328
p347	seedvc	1	f5	2	B	ecapa	exp210/clones/f5__from_seedvc__seedB/p347_t2.wav	0.64999453243670269	0.57536435915999029
p347	seedvc	1	f5	2	B	wavlmsv	exp210/clones/f5__from_seedvc__seedB/p347_t2.wav	0.84377989570545564	0.78134347528503267
p347	seedvc	2	f5	3	A	ecapa	exp210/clones/f5__from_seedvc__seedA/p347_t3.wav	0.53507189823250778	0.53725022585251991
p347	seedvc	2	f5	3	A	wavlmsv	exp210/clones/f5__from_seedvc__seedA/p347_t3.wav	0.76602619350441381	0.84128360177335315
p347	seedvc	2	f5	3	B	ecapa	exp210/clones/f5__from_seedvc__seedB/p347_t3.wav	0.61404818565993358	0.51630319687162418
p347	seedvc	2	f5	3	B	wavlmsv	exp210/clones/f5__from_seedvc__seedB/p347_t3.wav	0.8027789263939783	0.71700813480320602
p347	seedvc	3	f5	0	A	ecapa	exp210/clones/f5__from_seedvc__seedA/p347_t0.wav	0.58966931167946068	0.54905441519533538
p347	seedvc	3	f5	0	A	wavlmsv	exp210/clones/f5__from_seedvc__seedA/p347_t0.wav	0.73620827682528889	0.82094887039830899
p347	seedvc	3	f5	0	B	ecapa	exp210/clones/f5__from_seedvc__seedB/p347_t0.wav	0.54103332762351353	0.49922079034650185
p347	seedvc	3	f5	0	B	wavlmsv	exp210/clones/f5__from_seedvc__seedB/p347_t0.wav	0.80740733039991774	0.76618905707409868
p351	f5	0	xtts	1	A	ecapa	exp210/clones/xtts__from_f5__seedA/p351_t1.wav	0.6003742720958456	0.56855387823676784
p351	f5	0	xtts	1	A	wavlmsv	exp210/clones/xtts__from_f5__seedA/p351_t1.wav	0.91659853873327002	0.90672604791114608
p351	f5	0	xtts	1	B	ecapa	exp210/clones/xtts__from_f5__seedB/p351_t1.wav	0.55020962343098234	0.54416959239842955
p351	f5	0	xtts	1	B	wavlmsv	exp210/clones/xtts__from_f5__seedB/p351_t1.wav	0.9170100680866542	0.91629647206627163
p351	f5	1	xtts	2	A	ecapa	exp210/clones/xtts__from_f5__seedA/p351_t2.wav	0.71696451440111408	0.6472563287777271
p351	f5	1	xtts	2	A	wavlmsv	exp210/clones/xtts__from_f5__seedA/p351_t2.wav	0.9426833480889163	0.91761418546970841
p351	f5	1	xtts	2	B	ecapa	exp210/clones/xtts__from_f5__seedB/p351_t2.wav	0.53691811181971427	0.56029569040093929
p351	f5	1	xtts	2	B	wavlmsv	exp210/clones/xtts__from_f5__seedB/p351_t2.wav	0.91578371514682166	0.91651201720990461
p351	f5	2	xtts	3	A	ecapa	exp210/clones/xtts__from_f5__seedA/p351_t3.wav	0.72840553542414721	0.64171715366655468
p351	f5	2	xtts	3	A	wavlmsv	exp210/clones/xtts__from_f5__seedA/p351_t3.wav	0.96364225283879845	0.94233091005922975
p351	f5	2	xtts	3	B	ecapa	exp210/clones/xtts__from_f5__seedB/p351_t3.wav	0.58561075537204532	0.63674084997395675
p351	f5	2	xtts	3	B	wavlmsv	exp210/clones/xtts__from_f5__seedB/p351_t3.wav	0.92442787365263279	0.92559730744016033
p351	f5	3	xtts	0	A	ecapa	exp210/clones/xtts__from_f5__seedA/p351_t0.wav	0.64190522225184177	0.5527141181965981
p351	f5	3	xtts	0	A	wavlmsv	exp210/clones/xtts__from_f5__seedA/p351_t0.wav	0.94122180797767363	0.92429001255503196
p351	f5	3	xtts	0	B	ecapa	exp210/clones/xtts__from_f5__seedB/p351_t0.wav	0.54251684977900849	0.55463271495149935
p351	f5	3	xtts	0	B	wavlmsv	exp210/clones/xtts__from_f5__seedB/p351_t0.wav	0.90904778487773141	0.91073938934795096
p351	xtts	0	cosy	1	A	ecapa	exp210/clones/cosy__from_xtts__seedA/p351_t1.wav	0.64593419704107535	0.61975312061050536
p351	xtts	0	cosy	1	A	wavlmsv	exp210/clones/cosy__from_xtts__seedA/p351_t1.wav	0.9090351376879845	0.9124159369715994
p351	xtts	0	cosy	1	B	ecapa	exp210/clones/cosy__from_xtts__seedB/p351_t1.wav	0.66331934452379748	0.6568522036425013
p351	xtts	0	cosy	1	B	wavlmsv	exp210/clones/cosy__from_xtts__seedB/p351_t1.wav	0.90131948981436871	0.8952439785930042
p351	xtts	1	cosy	2	A	ecapa	exp210/clones/cosy__from_xtts__seedA/p351_t2.wav	0.74156357651752958	0.67657508461022786
p351	xtts	1	cosy	2	A	wavlmsv	exp210/clones/cosy__from_xtts__seedA/p351_t2.wav	0.9081481300489137	0.91170089973985236
p351	xtts	1	cosy	2	B	ecapa	exp210/clones/cosy__from_xtts__seedB/p351_t2.wav	0.67479386324103641	0.69769325457433085
p351	xtts	1	cosy	2	B	wavlmsv	exp210/clones/cosy__from_xtts__seedB/p351_t2.wav	0.8819424480021496	0.88023729245538385
p351	xtts	2	cosy	3	A	ecapa	exp210/clones/cosy__from_xtts__seedA/p351_t3.wav	0.78268907121347342	0.73196477748925659
p351	xtts	2	cosy	3	A	wavlmsv	exp210/clones/cosy__from_xtts__seedA/p351_t3.wav	0.96231335496680792	0.95783035806164507
p351	xtts	2	cosy	3	B	ecapa	exp210/clones/cosy__from_xtts__seedB/p351_t3.wav	0.69322048193109642	0.73738674142532812
p351	xtts	2	cosy	3	B	wavlmsv	exp210/clones/cosy__from_xtts__seedB/p351_t3.wav	0.91127123416239009	0.91589950035301215
p351	xtts	3	cosy	0	A	ecapa	exp210/clones/cosy__from_xtts__seedA/p351_t0.wav	0.79734688397613984	0.69664464762745104
p351	xtts	3	cosy	0	A	wavlmsv	exp210/clones/cosy__from_xtts__seedA/p351_t0.wav	0.95502948124045028	0.95294585327452785
p351	xtts	3	cosy	0	B	ecapa	exp210/clones/cosy__from_xtts__seedB/p351_t0.wav	0.59778556921453707	0.62040387954244813
p351	xtts	3	cosy	0	B	wavlmsv	exp210/clones/cosy__from_xtts__seedB/p351_t0.wav	0.8686300697621725	0.87006183730021891
p351	cosy	0	seedvc	1	A	ecapa	exp210/clones/seedvc__from_cosy__seedA/p351_t1.wav	0.69379412375612992	0.64129726293565459
p351	cosy	0	seedvc	1	A	wavlmsv	exp210/clones/seedvc__from_cosy__seedA/p351_t1.wav	0.87126902890045055	0.8856335068081379
p351	cosy	0	seedvc	1	B	ecapa	exp210/clones/seedvc__from_cosy__seedB/p351_t1.wav	0.67283699552659937	0.63887275282447686
p351	cosy	0	seedvc	1	B	wavlmsv	exp210/clones/seedvc__from_cosy__seedB/p351_t1.wav	0.8714114682679428	0.86282323207986411
p351	cosy	1	seedvc	2	A	ecapa	exp210/clones/seedvc__from_cosy__seedA/p351_t2.wav	0.64624848049676464	0.60255336792188197
p351	cosy	1	seedvc	2	A	wavlmsv	exp210/clones/seedvc__from_cosy__seedA/p351_t2.wav	0.88541768101213991	0.88106862380487549
p351	cosy	1	seedvc	2	B	ecapa	exp210/clones/seedvc__from_cosy__seedB/p351_t2.wav	0.72313581984415887	0.70407565897302771
p351	cosy	1	seedvc	2	B	wavlmsv	exp210/clones/seedvc__from_cosy__seedB/p351_t2.wav	0.87690263646299682	0.87757931722141613
p351	cosy	2	seedvc	3	A	ecapa	exp210/clones/seedvc__from_cosy__seedA/p351_t3.wav	0.70729318237333783	0.62494447961314337
p351	cosy	2	seedvc	3	A	wavlmsv	exp210/clones/seedvc__from_cosy__seedA/p351_t3.wav	0.87090065499507752	0.88045780066908563
p351	cosy	2	seedvc	3	B	ecapa	exp210/clones/seedvc__from_cosy__seedB/p351_t3.wav	0.70976262950581681	0.71917122645720388
p351	cosy	2	seedvc	3	B	wavlmsv	exp210/clones/seedvc__from_cosy__seedB/p351_t3.wav	0.92023992176409652	0.9158759655037596
p351	cosy	3	seedvc	0	A	ecapa	exp210/clones/seedvc__from_cosy__seedA/p351_t0.wav	0.65462175345783535	0.57716096618027191
p351	cosy	3	seedvc	0	A	wavlmsv	exp210/clones/seedvc__from_cosy__seedA/p351_t0.wav	0.88695108748957041	0.87265866240120027
p351	cosy	3	seedvc	0	B	ecapa	exp210/clones/seedvc__from_cosy__seedB/p351_t0.wav	0.64045349989329869	0.64822528861148287
p351	cosy	3	seedvc	0	B	wavlmsv	exp210/clones/seedvc__from_cosy__seedB/p351_t0.wav	0.8506546703926281	0.86386887635265419
p351	seedvc	0	f5	1	A	ecapa	exp210/clones/f5__from_seedvc__seedA/p351_t1.wav	0.60888182722632722	0.62607276417642588
p351	seedvc	0	f5	1	A	wavlmsv	exp210/clones/f5__from_seedvc__seedA/p351_t1.wav	0.89175196465345952	0.87933612536529782
p351	seedvc	0	f5	1	B	ecapa	exp210/clones/f5__from_seedvc__seedB/p351_t1.wav	0.6415535631439957	0.58273508129021301
p351	seedvc	0	f5	1	B	wavlmsv	exp210/clones/f5__from_seedvc__seedB/p351_t1.wav	0.8880285407599966	0.88937477025972034
p351	seedvc	1	f5	2	A	ecapa	exp210/clones/f5__from_seedvc__seedA/p351_t2.wav	0.59612745415252755	0.56779009638500522
p351	seedvc	1	f5	2	A	wavlmsv	exp210/clones/f5__from_seedvc__seedA/p351_t2.wav	0.85104746760072825	0.85899921336187224
p351	seedvc	1	f5	2	B	ecapa	exp210/clones/f5__from_seedvc__seedB/p351_t2.wav	0.61566925804001515	0.60151493583090798
p351	seedvc	1	f5	2	B	wavlmsv	exp210/clones/f5__from_seedvc__seedB/p351_t2.wav	0.85424534786530237	0.85624818534656755
p351	seedvc	2	f5	3	A	ecapa	exp210/clones/f5__from_seedvc__seedA/p351_t3.wav	0.62996912924863291	0.56550801323933875
p351	seedvc	2	f5	3	A	wavlmsv	exp210/clones/f5__from_seedvc__seedA/p351_t3.wav	0.87211683707331411	0.86265594026706383
p351	seedvc	2	f5	3	B	ecapa	exp210/clones/f5__from_seedvc__seedB/p351_t3.wav	0.57279254780157918	0.58555513518228419
p351	seedvc	2	f5	3	B	wavlmsv	exp210/clones/f5__from_seedvc__seedB/p351_t3.wav	0.87108780369783478	0.87477550914133007
p351	seedvc	3	f5	0	A	ecapa	exp210/clones/f5__from_seedvc__seedA/p351_t0.wav	0.51059609260623273	0.48228958034321284
p351	seedvc	3	f5	0	A	wavlmsv	exp210/clones/f5__from_seedvc__seedA/p351_t0.wav	0.83549223605586975	0.8372923981401057
p351	seedvc	3	f5	0	B	ecapa	exp210/clones/f5__from_seedvc__seedB/p351_t0.wav	0.49722172352538607	0.49552519624853392
p351	seedvc	3	f5	0	B	wavlmsv	exp210/clones/f5__from_seedvc__seedB/p351_t0.wav	0.83008726242895059	0.82570956291038256
p360	f5	0	xtts	1	A	ecapa	exp210/clones/xtts__from_f5__seedA/p360_t1.wav	0.56126714921143495	0.60851367475130391
p360	f5	0	xtts	1	A	wavlmsv	exp210/clones/xtts__from_f5__seedA/p360_t1.wav	0.94822639529307606	0.94300667781308434
p360	f5	0	xtts	1	B	ecapa	exp210/clones/xtts__from_f5__seedB/p360_t1.wav	0.69156107555427471	0.58268211989394936
p360	f5	0	xtts	1	B	wavlmsv	exp210/clones/xtts__from_f5__seedB/p360_t1.wav	0.95854405898049311	0.94748670156860049
p360	f5	1	xtts	2	A	ecapa	exp210/clones/xtts__from_f5__seedA/p360_t2.wav	0.53425351776004226	0.52376043770796965
p360	f5	1	xtts	2	A	wavlmsv	exp210/clones/xtts__from_f5__seedA/p360_t2.wav	0.91798694186155472	0.91145733838494869
p360	f5	1	xtts	2	B	ecapa	exp210/clones/xtts__from_f5__seedB/p360_t2.wav	0.61546201139309031	0.56522439312988348
p360	f5	1	xtts	2	B	wavlmsv	exp210/clones/xtts__from_f5__seedB/p360_t2.wav	0.94886863090255102	0.95382112149577192
p360	f5	2	xtts	3	A	ecapa	exp210/clones/xtts__from_f5__seedA/p360_t3.wav	0.47838364789678123	0.47544045424050108
p360	f5	2	xtts	3	A	wavlmsv	exp210/clones/xtts__from_f5__seedA/p360_t3.wav	0.94595485778467536	0.94592164246269994
p360	f5	2	xtts	3	B	ecapa	exp210/clones/xtts__from_f5__seedB/p360_t3.wav	0.58344557924615537	0.50990587953271527
p360	f5	2	xtts	3	B	wavlmsv	exp210/clones/xtts__from_f5__seedB/p360_t3.wav	0.95664254346218969	0.94571034149395472
p360	f5	3	xtts	0	A	ecapa	exp210/clones/xtts__from_f5__seedA/p360_t0.wav	0.61081963572382747	0.57718697320549339
p360	f5	3	xtts	0	A	wavlmsv	exp210/clones/xtts__from_f5__seedA/p360_t0.wav	0.93933422226630769	0.93790233465211414
p360	f5	3	xtts	0	B	ecapa	exp210/clones/xtts__from_f5__seedB/p360_t0.wav	0.70729781790122914	0.61996401157702752
p360	f5	3	xtts	0	B	wavlmsv	exp210/clones/xtts__from_f5__seedB/p360_t0.wav	0.94735948264496628	0.94124012529658985
p360	xtts	0	cosy	1	A	ecapa	exp210/clones/cosy__from_xtts__seedA/p360_t1.wav	0.558555703663142	0.58933527148374998
p360	xtts	0	cosy	1	A	wavlmsv	exp210/clones/cosy__from_xtts__seedA/p360_t1.wav	0.94508636492822151	0.93997962340801688
p360	xtts	0	cosy	1	B	ecapa	exp210/clones/cosy__from_xtts__seedB/p360_t1.wav	0.59712895942004285	0.48834123205583019
p360	xtts	0	cosy	1	B	wavlmsv	exp210/clones/cosy__from_xtts__seedB/p360_t1.wav	0.95013118358089754	0.94118223373734033
p360	xtts	1	cosy	2	A	ecapa	exp210/clones/cosy__from_xtts__seedA/p360_t2.wav	0.60138097967418103	0.59603415745986177
p360	xtts	1	cosy	2	A	wavlmsv	exp210/clones/cosy__from_xtts__seedA/p360_t2.wav	0.93054843920406172	0.91975426680839178
p360	xtts	1	cosy	2	B	ecapa	exp210/clones/cosy__from_xtts__seedB/p360_t2.wav	0.62827374486522225	0.54535479047333379
p360	xtts	1	cosy	2	B	wavlmsv	exp210/clones/cosy__from_xtts__seedB/p360_t2.wav	0.92999928759638562	0.92146534165053517
p360	xtts	2	cosy	3	A	ecapa	exp210/clones/cosy__from_xtts__seedA/p360_t3.wav	0.47139581890904686	0.47348077042456355
p360	xtts	2	cosy	3	A	wavlmsv	exp210/clones/cosy__from_xtts__seedA/p360_t3.wav	0.95066708456237126	0.93756517410305795
p360	xtts	2	cosy	3	B	ecapa	exp210/clones/cosy__from_xtts__seedB/p360_t3.wav	0.59725712357091099	0.51604865901963259
p360	xtts	2	cosy	3	B	wavlmsv	exp210/clones/cosy__from_xtts__seedB/p360_t3.wav	0.97023763890263504	0.95848822588509053
p360	xtts	3	cosy	0	A	ecapa	exp210/clones/cosy__from_xtts__seedA/p360_t0.wav	0.557486629965951	0.56766935311381084
p360	xtts	3	cosy	0	A	wavlmsv	exp210/clones/cosy__from_xtts__seedA/p360_t0.wav	0.9488510956272167	0.94033158258019756
p360	xtts	3	cosy	0	B	ecapa	exp210/clones/cosy__from_xtts__seedB/p360_t0.wav	0.61937058794499511	0.54863722935321491
p360	xtts	3	cosy	0	B	wavlmsv	exp210/clones/cosy__from_xtts__seedB/p360_t0.wav	0.95745868167007142	0.94699586087525955
p360	cosy	0	seedvc	1	A	ecapa	exp210/clones/seedvc__from_cosy__seedA/p360_t1.wav	0.64356778891181565	0.59915695712163752
p360	cosy	0	seedvc	1	A	wavlmsv	exp210/clones/seedvc__from_cosy__seedA/p360_t1.wav	0.9429668426119171	0.91406023283815041
p360	cosy	0	seedvc	1	B	ecapa	exp210/clones/seedvc__from_cosy__seedB/p360_t1.wav	0.67010644791069374	0.64512116987374379
p360	cosy	0	seedvc	1	B	wavlmsv	exp210/clones/seedvc__from_cosy__seedB/p360_t1.wav	0.93030883002395504	0.94182580158398754
p360	cosy	1	seedvc	2	A	ecapa	exp210/clones/seedvc__from_cosy__seedA/p360_t2.wav	0.60263916179400234	0.57045335289357491
p360	cosy	1	seedvc	2	A	wavlmsv	exp210/clones/seedvc__from_cosy__seedA/p360_t2.wav	0.87775770036617584	0.8747314571050735
p360	cosy	1	seedvc	2	B	ecapa	exp210/clones/seedvc__from_cosy__seedB/p360_t2.wav	0.69670343226283959	0.63280079271603507
p360	cosy	1	seedvc	2	B	wavlmsv	exp210/clones/seedvc__from_cosy__seedB/p360_t2.wav	0.92972189983789555	0.91770515018744159
p360	cosy	2	seedvc	3	A	ecapa	exp210/clones/seedvc__from_cosy__seedA/p360_t3.wav	0.66458943057968756	0.62905365534660196
p360	cosy	2	seedvc	3	A	wavlmsv	exp210/clones/seedvc__from_cosy__seedA/p360_t3.wav	0.90606868359468318	0.88274922598681227
p360	cosy	2	seedvc	3	B	ecapa	exp210/clones/seedvc__from_cosy__seedB/p360_t3.wav	0.68013491397299386	0.63644004721752334
p360	cosy	2	seedvc	3	B	wavlmsv	exp210/clones/seedvc__from_cosy__seedB/p360_t3.wav	0.91851483531704581	0.92122107909458761
p360	cosy	3	seedvc	0	A	ecapa	exp210/clones/seedvc__from_cosy__seedA/p360_t0.wav	0.65937611100596838	0.5983406102499611
p360	cosy	3	seedvc	0	A	wavlmsv	exp210/clones/seedvc__from_cosy__seedA/p360_t0.wav	0.95394411615065589	0.93457842479406472
p360	cosy	3	seedvc	0	B	ecapa	exp210/clones/seedvc__from_cosy__seedB/p360_t0.wav	0.61513335173191364	0.62822902333353503
p360	cosy	3	seedvc	0	B	wavlmsv	exp210/clones/seedvc__from_cosy__seedB/p360_t0.wav	0.94355094417842889	0.93863854509071221
p360	seedvc	0	f5	1	A	ecapa	exp210/clones/f5__from_seedvc__seedA/p360_t1.wav	0.71372884846317808	0.61110278726549083
p360	seedvc	0	f5	1	A	wavlmsv	exp210/clones/f5__from_seedvc__seedA/p360_t1.wav	0.90149369556941905	0.88538407584165202
p360	seedvc	0	f5	1	B	ecapa	exp210/clones/f5__from_seedvc__seedB/p360_t1.wav	0.67358036648558084	0.6511567669520304
p360	seedvc	0	f5	1	B	wavlmsv	exp210/clones/f5__from_seedvc__seedB/p360_t1.wav	0.87955252888193969	0.8757074728013714
p360	seedvc	1	f5	2	A	ecapa	exp210/clones/f5__from_seedvc__seedA/p360_t2.wav	0.60521398291807327	0.59217040885665073
p360	seedvc	1	f5	2	A	wavlmsv	exp210/clones/f5__from_seedvc__seedA/p360_t2.wav	0.93062031579953663	0.90084100758211805
p360	seedvc	1	f5	2	B	ecapa	exp210/clones/f5__from_seedvc__seedB/p360_t2.wav	0.65840413855035607	0.57037801998377324
p360	seedvc	1	f5	2	B	wavlmsv	exp210/clones/f5__from_seedvc__seedB/p360_t2.wav	0.87391082760201411	0.88084958180831086
p360	seedvc	2	f5	3	A	ecapa	exp210/clones/f5__from_seedvc__seedA/p360_t3.wav	0.59364436032833701	0.55432632860437359
p360	seedvc	2	f5	3	A	wavlmsv	exp210/clones/f5__from_seedvc__seedA/p360_t3.wav	0.91031078907789109	0.9043771436280692
p360	seedvc	2	f5	3	B	ecapa	exp210/clones/f5__from_seedvc__seedB/p360_t3.wav	0.64320073246163245	0.60058450339100289
p360	seedvc	2	f5	3	B	wavlmsv	exp210/clones/f5__from_seedvc__seedB/p360_t3.wav	0.87129640882369552	0.85880852131335028
p360	seedvc	3	f5	0	A	ecapa	exp210/clones/f5__from_seedvc__seedA/p360_t0.wav	0.62270379295412814	0.56034288982075264
p360	seedvc	3	f5	0	A	wavlmsv	exp210/clones/f5__from_seedvc__seedA/p360_t0.wav	0.88537177706179004	0.86851025326168907
p360	seedvc	3	f5	0	B	ecapa	exp210/clones/f5__from_seedvc__seedB/p360_t0.wav	0.60742893541270737	0.54193530324482986
p360	seedvc	3	f5	0	B	wavlmsv	exp210/clones/f5__from_seedvc__seedB/p360_t0.wav	0.89782648023775535	0.89940611307444795
p361	f5	0	xtts	1	A	ecapa	exp210/clones/xtts__from_f5__seedA/p361_t1.wav	0.59133799229871098	0.60623687137421201
p361	f5	0	xtts	1	A	wavlmsv	exp210/clones/xtts__from_f5__seedA/p361_t1.wav	0.87322060306893157	0.94537508896502653
p361	f5	0	xtts	1	B	ecapa	exp210/clones/xtts__from_f5__seedB/p361_t1.wav	0.61165751709573191	0.52017863444824886
p361	f5	0	xtts	1	B	wavlmsv	exp210/clones/xtts__from_f5__seedB/p361_t1.wav	0.95389391707896265	0.89667835296848808
p361	f5	1	xtts	2	A	ecapa	exp210/clones/xtts__from_f5__seedA/p361_t2.wav	0.59924971851755404	0.57015903356104758
p361	f5	1	xtts	2	A	wavlmsv	exp210/clones/xtts__from_f5__seedA/p361_t2.wav	0.87712904924630553	0.94335751409669244
p361	f5	1	xtts	2	B	ecapa	exp210/clones/xtts__from_f5__seedB/p361_t2.wav	0.6285178657298286	0.48639745193919376
p361	f5	1	xtts	2	B	wavlmsv	exp210/clones/xtts__from_f5__seedB/p361_t2.wav	0.94979398308909269	0.8907189774856259
p361	f5	2	xtts	3	A	ecapa	exp210/clones/xtts__from_f5__seedA/p361_t3.wav	0.49898876990513541	0.57089035463526083
p361	f5	2	xtts	3	A	wavlmsv	exp210/clones/xtts__from_f5__seedA/p361_t3.wav	0.88456450347508508	0.94186326175385704
p361	f5	2	xtts	3	B	ecapa	exp210/clones/xtts__from_f5__seedB/p361_t3.wav	0.59789431145533767	0.50860326944867518
p361	f5	2	xtts	3	B	wavlmsv	exp210/clones/xtts__from_f5__seedB/p361_t3.wav	0.94052812402613162	0.86931179271184966
p361	f5	3	xtts	0	A	ecapa	exp210/clones/xtts__from_f5__seedA/p361_t0.wav	0.55674992778550414	0.56231756787871934
p361	f5	3	xtts	0	A	wavlmsv	exp210/clones/xtts__from_f5__seedA/p361_t0.wav	0.89485351143415848	0.90758846292656503
p361	f5	3	xtts	0	B	ecapa	exp210/clones/xtts__from_f5__seedB/p361_t0.wav	0.51637711304113387	0.48622171724370877
p361	f5	3	xtts	0	B	wavlmsv	exp210/clones/xtts__from_f5__seedB/p361_t0.wav	0.94850001106413417	0.91684213474928655
p361	xtts	0	cosy	1	A	ecapa	exp210/clones/cosy__from_xtts__seedA/p361_t1.wav	0.63082142141402131	0.59824872463229006
p361	xtts	0	cosy	1	A	wavlmsv	exp210/clones/cosy__from_xtts__seedA/p361_t1.wav	0.89244486245744592	0.90884201810507237
p361	xtts	0	cosy	1	B	ecapa	exp210/clones/cosy__from_xtts__seedB/p361_t1.wav	0.60990234647721886	0.52354228800145552
p361	xtts	0	cosy	1	B	wavlmsv	exp210/clones/cosy__from_xtts__seedB/p361_t1.wav	0.91779562963540418	0.90005711948098488
p361	xtts	1	cosy	2	A	ecapa	exp210/clones/cosy__from_xtts__seedA/p361_t2.wav	0.61973858585188901	0.5825147396750896
p361	xtts	1	cosy	2	A	wavlmsv	exp210/clones/cosy__from_xtts__seedA/p361_t2.wav	0.90770764118187408	0.93544525746548635
p361	xtts	1	cosy	2	B	ecapa	exp210/clones/cosy__from_xtts__seedB/p361_t2.wav	0.6229072980764625	0.5559775612202964
p361	xtts	1	cosy	2	B	wavlmsv	exp210/clones/cosy__from_xtts__seedB/p361_t2.wav	0.9171629951200484	0.8964070855643399
p361	xtts	2	cosy	3	A	ecapa	exp210/clones/cosy__from_xtts__seedA/p361_t3.wav	0.53827619658242098	0.58534784016402008
p361	xtts	2	cosy	3	A	wavlmsv	exp210/clones/cosy__from_xtts__seedA/p361_t3.wav	0.88320506092769691	0.9352765812194912
p361	xtts	2	cosy	3	B	ecapa	exp210/clones/cosy__from_xtts__seedB/p361_t3.wav	0.57526778500291043	0.43428159814935197
p361	xtts	2	cosy	3	B	wavlmsv	exp210/clones/cosy__from_xtts__seedB/p361_t3.wav	0.94657995086932445	0.86911731596274155
p361	xtts	3	cosy	0	A	ecapa	exp210/clones/cosy__from_xtts__seedA/p361_t0.wav	0.6394740015723317	0.59488792780639477
p361	xtts	3	cosy	0	A	wavlmsv	exp210/clones/cosy__from_xtts__seedA/p361_t0.wav	0.88959423870744614	0.93576786316260363
p361	xtts	3	cosy	0	B	ecapa	exp210/clones/cosy__from_xtts__seedB/p361_t0.wav	0.65058363818475762	0.55107422304075215
p361	xtts	3	cosy	0	B	wavlmsv	exp210/clones/cosy__from_xtts__seedB/p361_t0.wav	0.94865105988518617	0.90127643930660939
p361	cosy	0	seedvc	1	A	ecapa	exp210/clones/seedvc__from_cosy__seedA/p361_t1.wav	0.70884173574623865	0.63278053840374771
p361	cosy	0	seedvc	1	A	wavlmsv	exp210/clones/seedvc__from_cosy__seedA/p361_t1.wav	0.91239358819992189	0.92889725163442649
p361	cosy	0	seedvc	1	B	ecapa	exp210/clones/seedvc__from_cosy__seedB/p361_t1.wav	0.6066036089303255	0.50676123124263128
p361	cosy	0	seedvc	1	B	wavlmsv	exp210/clones/seedvc__from_cosy__seedB/p361_t1.wav	0.93412750661590405	0.89620462576632165
p361	cosy	1	seedvc	2	A	ecapa	exp210/clones/seedvc__from_cosy__seedA/p361_t2.wav	0.62260041184449366	0.64179429414829459
p361	cosy	1	seedvc	2	A	wavlmsv	exp210/clones/seedvc__from_cosy__seedA/p361_t2.wav	0.90181967940940022	0.95096029583933728
p361	cosy	1	seedvc	2	B	ecapa	exp210/clones/seedvc__from_cosy__seedB/p361_t2.wav	0.63931205369697097	0.50550316930880157
p361	cosy	1	seedvc	2	B	wavlmsv	exp210/clones/seedvc__from_cosy__seedB/p361_t2.wav	0.93818923676415	0.88849817670250775
p361	cosy	2	seedvc	3	A	ecapa	exp210/clones/seedvc__from_cosy__seedA/p361_t3.wav	0.58339978502555279	0.56409858134719992
p361	cosy	2	seedvc	3	A	wavlmsv	exp210/clones/seedvc__from_cosy__seedA/p361_t3.wav	0.90730665286519385	0.95039265890084179
p361	cosy	2	seedvc	3	B	ecapa	exp210/clones/seedvc__from_cosy__seedB/p361_t3.wav	0.59163308674408921	0.5556273806538139
p361	cosy	2	seedvc	3	B	wavlmsv	exp210/clones/seedvc__from_cosy__seedB/p361_t3.wav	0.96182085084630242	0.92185050284388104
p361	cosy	3	seedvc	0	A	ecapa	exp210/clones/seedvc__from_cosy__seedA/p361_t0.wav	0.53828003403207247	0.58082643780930243
p361	cosy	3	seedvc	0	A	wavlmsv	exp210/clones/seedvc__from_cosy__seedA/p361_t0.wav	0.93760332966821147	0.96755111758213286
p361	cosy	3	seedvc	0	B	ecapa	exp210/clones/seedvc__from_cosy__seedB/p361_t0.wav	0.62433185997308904	0.46543152780056718
p361	cosy	3	seedvc	0	B	wavlmsv	exp210/clones/seedvc__from_cosy__seedB/p361_t0.wav	0.95588451670704599	0.94161511347417026
p361	seedvc	0	f5	1	A	ecapa	exp210/clones/f5__from_seedvc__seedA/p361_t1.wav	0.6295112642772418	0.53144187481930483
p361	seedvc	0	f5	1	A	wavlmsv	exp210/clones/f5__from_seedvc__seedA/p361_t1.wav	0.96315683332867896	0.94091406878833728
p361	seedvc	0	f5	1	B	ecapa	exp210/clones/f5__from_seedvc__seedB/p361_t1.wav	0.68338103511606074	0.51957209917565961
p361	seedvc	0	f5	1	B	wavlmsv	exp210/clones/f5__from_seedvc__seedB/p361_t1.wav	0.92957028596322067	0.94156502570333001
p361	seedvc	1	f5	2	A	ecapa	exp210/clones/f5__from_seedvc__seedA/p361_t2.wav	0.43967569869023082	0.53859696914024924
p361	seedvc	1	f5	2	A	wavlmsv	exp210/clones/f5__from_seedvc__seedA/p361_t2.wav	0.91606982883576515	0.95106741004719542
p361	seedvc	1	f5	2	B	ecapa	exp210/clones/f5__from_seedvc__seedB/p361_t2.wav	0.62317916528195549	0.40885753667071778
p361	seedvc	1	f5	2	B	wavlmsv	exp210/clones/f5__from_seedvc__seedB/p361_t2.wav	0.95155014069892829	0.93478639632986693
p361	seedvc	2	f5	3	A	ecapa	exp210/clones/f5__from_seedvc__seedA/p361_t3.wav	0.59257521301623695	0.60523168742120614
p361	seedvc	2	f5	3	A	wavlmsv	exp210/clones/f5__from_seedvc__seedA/p361_t3.wav	0.92026817122158278	0.94897312864711325
p361	seedvc	2	f5	3	B	ecapa	exp210/clones/f5__from_seedvc__seedB/p361_t3.wav	0.61373883410610186	0.45228149188195188
p361	seedvc	2	f5	3	B	wavlmsv	exp210/clones/f5__from_seedvc__seedB/p361_t3.wav	0.96432395723373809	0.93545105051573318
p361	seedvc	3	f5	0	A	ecapa	exp210/clones/f5__from_seedvc__seedA/p361_t0.wav	0.61463405755194911	0.57575797904391079
p361	seedvc	3	f5	0	A	wavlmsv	exp210/clones/f5__from_seedvc__seedA/p361_t0.wav	0.93049935413086715	0.96121356593046192
p361	seedvc	3	f5	0	B	ecapa	exp210/clones/f5__from_seedvc__seedB/p361_t0.wav	0.58006402176400662	0.40990527324794784
p361	seedvc	3	f5	0	B	wavlmsv	exp210/clones/f5__from_seedvc__seedB/p361_t0.wav	0.96086362003731407	0.89014531522863782
p362	f5	0	xtts	1	A	ecapa	exp210/clones/xtts__from_f5__seedA/p362_t1.wav	0.36873336881218333	0.33618151967780441
p362	f5	0	xtts	1	A	wavlmsv	exp210/clones/xtts__from_f5__seedA/p362_t1.wav	0.85084876970152856	0.85452321272205745
p362	f5	0	xtts	1	B	ecapa	exp210/clones/xtts__from_f5__seedB/p362_t1.wav	0.50879559548156572	0.51963108658095503
p362	f5	0	xtts	1	B	wavlmsv	exp210/clones/xtts__from_f5__seedB/p362_t1.wav	0.91487386497912992	0.90249175313806773
p362	f5	1	xtts	2	A	ecapa	exp210/clones/xtts__from_f5__seedA/p362_t2.wav	0.55086022430263581	0.47034899396925112
p362	f5	1	xtts	2	A	wavlmsv	exp210/clones/xtts__from_f5__seedA/p362_t2.wav	0.91957955666116054	0.91997861200750708
p362	f5	1	xtts	2	B	ecapa	exp210/clones/xtts__from_f5__seedB/p362_t2.wav	0.44960603077966205	0.47734391724684327
p362	f5	1	xtts	2	B	wavlmsv	exp210/clones/xtts__from_f5__seedB/p362_t2.wav	0.85822048975153498	0.84637416636267959
p362	f5	2	xtts	3	A	ecapa	exp210/clones/xtts__from_f5__seedA/p362_t3.wav	0.45796093147252348	0.42100198708658215
p362	f5	2	xtts	3	A	wavlmsv	exp210/clones/xtts__from_f5__seedA/p362_t3.wav	0.85647231795069168	0.86355952723988183
p362	f5	2	xtts	3	B	ecapa	exp210/clones/xtts__from_f5__seedB/p362_t3.wav	0.47795662314030546	0.49988560346265332
p362	f5	2	xtts	3	B	wavlmsv	exp210/clones/xtts__from_f5__seedB/p362_t3.wav	0.87568260199308412	0.87895085013795482
p362	f5	3	xtts	0	A	ecapa	exp210/clones/xtts__from_f5__seedA/p362_t0.wav	0.42482262613078159	0.41063984256392672
p362	f5	3	xtts	0	A	wavlmsv	exp210/clones/xtts__from_f5__seedA/p362_t0.wav	0.9090415433639536	0.91765659171351832
p362	f5	3	xtts	0	B	ecapa	exp210/clones/xtts__from_f5__seedB/p362_t0.wav	0.40726457962473905	0.45901440413023875
p362	f5	3	xtts	0	B	wavlmsv	exp210/clones/xtts__from_f5__seedB/p362_t0.wav	0.91439532390775402	0.89923320570455401
p362	xtts	0	cosy	1	A	ecapa	exp210/clones/cosy__from_xtts__seedA/p362_t1.wav	0.52957973651242485	0.52322422162342141
p362	xtts	0	cosy	1	A	wavlmsv	exp210/clones/cosy__from_xtts__seedA/p362_t1.wav	0.90218314509899988	0.93389872863949142
p362	xtts	0	cosy	1	B	ecapa	exp210/clones/cosy__from_xtts__seedB/p362_t1.wav	0.60916880528714734	0.60946875065345463
p362	xtts	0	cosy	1	B	wavlmsv	exp210/clones/cosy__from_xtts__seedB/p362_t1.wav	0.93508020184963681	0.93470143208342216
p362	xtts	1	cosy	2	A	ecapa	exp210/clones/cosy__from_xtts__seedA/p362_t2.wav	0.57965443105530368	0.5111488433797271
p362	xtts	1	cosy	2	A	wavlmsv	exp210/clones/cosy__from_xtts__seedA/p362_t2.wav	0.90364227865001556	0.91874040016761516
p362	xtts	1	cosy	2	B	ecapa	exp210/clones/cosy__from_xtts__seedB/p362_t2.wav	0.4989017010689541	0.57486340185216123
p362	xtts	1	cosy	2	B	wavlmsv	exp210/clones/cosy__from_xtts__seedB/p362_t2.wav	0.90446543937523338	0.88679939401912777
p362	xtts	2	cosy	3	A	ecapa	exp210/clones/cosy__from_xtts__seedA/p362_t3.wav	0.59030719841548585	0.55579579718631389
p362	xtts	2	cosy	3	A	wavlmsv	exp210/clones/cosy__from_xtts__seedA/p362_t3.wav	0.89032647190456893	0.91501401862606158
p362	xtts	2	cosy	3	B	ecapa	exp210/clones/cosy__from_xtts__seedB/p362_t3.wav	0.54165307533645068	0.5158394746595053
p362	xtts	2	cosy	3	B	wavlmsv	exp210/clones/cosy__from_xtts__seedB/p362_t3.wav	0.94774821688120192	0.93327451907021608
p362	xtts	3	cosy	0	A	ecapa	exp210/clones/cosy__from_xtts__seedA/p362_t0.wav	0.52298373756116945	0.52263472708160363
p362	xtts	3	cosy	0	A	wavlmsv	exp210/clones/cosy__from_xtts__seedA/p362_t0.wav	0.92148291742508881	0.92573234107176616
p362	xtts	3	cosy	0	B	ecapa	exp210/clones/cosy__from_xtts__seedB/p362_t0.wav	0.57633589998399248	0.580953525933255
p362	xtts	3	cosy	0	B	wavlmsv	exp210/clones/cosy__from_xtts__seedB/p362_t0.wav	0.93283701440698685	0.92773298343622101
p362	cosy	0	seedvc	1	A	ecapa	exp210/clones/seedvc__from_cosy__seedA/p362_t1.wav	0.60931933821158712	0.57099241567889492
p362	cosy	0	seedvc	1	A	wavlmsv	exp210/clones/seedvc__from_cosy__seedA/p362_t1.wav	0.95171026461127484	0.9388653697577507
p362	cosy	0	seedvc	1	B	ecapa	exp210/clones/seedvc__from_cosy__seedB/p362_t1.wav	0.67312980559703439	0.63353864836872353
p362	cosy	0	seedvc	1	B	wavlmsv	exp210/clones/seedvc__from_cosy__seedB/p362_t1.wav	0.96713177139462225	0.94152425900375336
p362	cosy	1	seedvc	2	A	ecapa	exp210/clones/seedvc__from_cosy__seedA/p362_t2.wav	0.67766261627487967	0.59468339553077865
p362	cosy	1	seedvc	2	A	wavlmsv	exp210/clones/seedvc__from_cosy__seedA/p362_t2.wav	0.93988685898741009	0.9331154702606046
p362	cosy	1	seedvc	2	B	ecapa	exp210/clones/seedvc__from_cosy__seedB/p362_t2.wav	0.57910671381918843	0.5977171292004877
p362	cosy	1	seedvc	2	B	wavlmsv	exp210/clones/seedvc__from_cosy__seedB/p362_t2.wav	0.92761436287151933	0.91466228133128946
p362	cosy	2	seedvc	3	A	ecapa	exp210/clones/seedvc__from_cosy__seedA/p362_t3.wav	0.7167189462363186	0.65398274009743873
p362	cosy	2	seedvc	3	A	wavlmsv	exp210/clones/seedvc__from_cosy__seedA/p362_t3.wav	0.95790720796598494	0.94836241521961595
p362	cosy	2	seedvc	3	B	ecapa	exp210/clones/seedvc__from_cosy__seedB/p362_t3.wav	0.59228494828494671	0.5774714961426719
p362	cosy	2	seedvc	3	B	wavlmsv	exp210/clones/seedvc__from_cosy__seedB/p362_t3.wav	0.96157000319214125	0.94558766647435277
p362	cosy	3	seedvc	0	A	ecapa	exp210/clones/seedvc__from_cosy__seedA/p362_t0.wav	0.58650476412789654	0.58503804180602148
p362	cosy	3	seedvc	0	A	wavlmsv	exp210/clones/seedvc__from_cosy__seedA/p362_t0.wav	0.93261078951340415	0.9246945372838099
p362	cosy	3	seedvc	0	B	ecapa	exp210/clones/seedvc__from_cosy__seedB/p362_t0.wav	0.55594951690063921	0.53299365099140494
p362	cosy	3	seedvc	0	B	wavlmsv	exp210/clones/seedvc__from_cosy__seedB/p362_t0.wav	0.96116442644595024	0.94735955492271628
p362	seedvc	0	f5	1	A	ecapa	exp210/clones/f5__from_seedvc__seedA/p362_t1.wav	0.538469404945358	0.53818637478606379
p362	seedvc	0	f5	1	A	wavlmsv	exp210/clones/f5__from_seedvc__seedA/p362_t1.wav	0.96196331121922973	0.94905156353058473
p362	seedvc	0	f5	1	B	ecapa	exp210/clones/f5__from_seedvc__seedB/p362_t1.wav	0.52972163464253896	0.50487921239411393
p362	seedvc	0	f5	1	B	wavlmsv	exp210/clones/f5__from_seedvc__seedB/p362_t1.wav	0.95723989312275182	0.95217106428805154
p362	seedvc	1	f5	2	A	ecapa	exp210/clones/f5__from_seedvc__seedA/p362_t2.wav	0.55190199330287926	0.53717136733902449
p362	seedvc	1	f5	2	A	wavlmsv	exp210/clones/f5__from_seedvc__seedA/p362_t2.wav	0.9591661728964207	0.9643652551285824
p362	seedvc	1	f5	2	B	ecapa	exp210/clones/f5__from_seedvc__seedB/p362_t2.wav	0.57791666776304318	0.57323429590548447
p362	seedvc	1	f5	2	B	wavlmsv	exp210/clones/f5__from_seedvc__seedB/p362_t2.wav	0.96293427672687382	0.95306591569346188
p362	seedvc	2	f5	3	A	ecapa	exp210/clones/f5__from_seedvc__seedA/p362_t3.wav	0.54499812723192043	0.49253940914918076
p362	seedvc	2	f5	3	A	wavlmsv	exp210/clones/f5__from_seedvc__seedA/p362_t3.wav	0.91996197226460497	0.89793822232446796
p362	seedvc	2	f5	3	B	ecapa	exp210/clones/f5__from_seedvc__seedB/p362_t3.wav	0.52491924452344929	0.53572501266005557
p362	seedvc	2	f5	3	B	wavlmsv	exp210/clones/f5__from_seedvc__seedB/p362_t3.wav	0.9281886238983007	0.91798070101322216
p362	seedvc	3	f5	0	A	ecapa	exp210/clones/f5__from_seedvc__seedA/p362_t0.wav	0.49618014988730291	0.45870924831482929
p362	seedvc	3	f5	0	A	wavlmsv	exp210/clones/f5__from_seedvc__seedA/p362_t0.wav	0.89110683416607506	0.91229959119854986
p362	seedvc	3	f5	0	B	ecapa	exp210/clones/f5__from_seedvc__seedB/p362_t0.wav	0.51101290222402862	0.49721788239100229
p362	seedvc	3	f5	0	B	wavlmsv	exp210/clones/f5__from_seedvc__seedB/p362_t0.wav	0.93049029979014719	0.89974077001274599
p363	f5	0	xtts	1	A	ecapa	exp210/clones/xtts__from_f5__seedA/p363_t1.wav	0.61272517334693277	0.64939666125786077
p363	f5	0	xtts	1	A	wavlmsv	exp210/clones/xtts__from_f5__seedA/p363_t1.wav	0.92636039978651463	0.88912740719151695
p363	f5	0	xtts	1	B	ecapa	exp210/clones/xtts__from_f5__seedB/p363_t1.wav	0.70387771252047537	0.62867210393470996
p363	f5	0	xtts	1	B	wavlmsv	exp210/clones/xtts__from_f5__seedB/p363_t1.wav	0.9239860015778828	0.94457765402807436
p363	f5	1	xtts	2	A	ecapa	exp210/clones/xtts__from_f5__seedA/p363_t2.wav	0.62098163748555257	0.62899384292319294
p363	f5	1	xtts	2	A	wavlmsv	exp210/clones/xtts__from_f5__seedA/p363_t2.wav	0.94470569721244968	0.93247371739626483
p363	f5	1	xtts	2	B	ecapa	exp210/clones/xtts__from_f5__seedB/p363_t2.wav	0.69495227913037416	0.64177029455512002
p363	f5	1	xtts	2	B	wavlmsv	exp210/clones/xtts__from_f5__seedB/p363_t2.wav	0.92470745486659012	0.94886105386179587
p363	f5	2	xtts	3	A	ecapa	exp210/clones/xtts__from_f5__seedA/p363_t3.wav	0.57984732596192035	0.64014134723855731
p363	f5	2	xtts	3	A	wavlmsv	exp210/clones/xtts__from_f5__seedA/p363_t3.wav	0.96782978379875373	0.9480436145758695
p363	f5	2	xtts	3	B	ecapa	exp210/clones/xtts__from_f5__seedB/p363_t3.wav	0.63391917922393037	0.55278648629523097
p363	f5	2	xtts	3	B	wavlmsv	exp210/clones/xtts__from_f5__seedB/p363_t3.wav	0.94445693129198061	0.96199183508258845
p363	f5	3	xtts	0	A	ecapa	exp210/clones/xtts__from_f5__seedA/p363_t0.wav	0.60035952513843438	0.64689163475787292
p363	f5	3	xtts	0	A	wavlmsv	exp210/clones/xtts__from_f5__seedA/p363_t0.wav	0.9631516702304983	0.93894430097452464
p363	f5	3	xtts	0	B	ecapa	exp210/clones/xtts__from_f5__seedB/p363_t0.wav	0.69436928254272678	0.62104892180109705
p363	f5	3	xtts	0	B	wavlmsv	exp210/clones/xtts__from_f5__seedB/p363_t0.wav	0.9088756836294547	0.92778020154121965
p363	xtts	0	cosy	1	A	ecapa	exp210/clones/cosy__from_xtts__seedA/p363_t1.wav	0.65789941013231568	0.67728315312644838
p363	xtts	0	cosy	1	A	wavlmsv	exp210/clones/cosy__from_xtts__seedA/p363_t1.wav	0.96694326295050992	0.95475101481636793
p363	xtts	0	cosy	1	B	ecapa	exp210/clones/cosy__from_xtts__seedB/p363_t1.wav	0.67134236338692455	0.58502097573995704
p363	xtts	0	cosy	1	B	wavlmsv	exp210/clones/cosy__from_xtts__seedB/p363_t1.wav	0.96070500673093462	0.95269488019052151
p363	xtts	1	cosy	2	A	ecapa	exp210/clones/cosy__from_xtts__seedA/p363_t2.wav	0.60974115849811106	0.649475884184885
p363	xtts	1	cosy	2	A	wavlmsv	exp210/clones/cosy__from_xtts__seedA/p363_t2.wav	0.9742078904742173	0.95906243198793606
p363	xtts	1	cosy	2	B	ecapa	exp210/clones/cosy__from_xtts__seedB/p363_t2.wav	0.72125006691515647	0.65403264141108319
p363	xtts	1	cosy	2	B	wavlmsv	exp210/clones/cosy__from_xtts__seedB/p363_t2.wav	0.96415042773915272	0.97172848757323005
p363	xtts	2	cosy	3	A	ecapa	exp210/clones/cosy__from_xtts__seedA/p363_t3.wav	0.61176772941616975	0.64146788364440144
p363	xtts	2	cosy	3	A	wavlmsv	exp210/clones/cosy__from_xtts__seedA/p363_t3.wav	0.95390111201594696	0.93724879760950619
p363	xtts	2	cosy	3	B	ecapa	exp210/clones/cosy__from_xtts__seedB/p363_t3.wav	0.63623851913345142	0.55479011039971327
p363	xtts	2	cosy	3	B	wavlmsv	exp210/clones/cosy__from_xtts__seedB/p363_t3.wav	0.96719455504763707	0.97374353647740564
p363	xtts	3	cosy	0	A	ecapa	exp210/clones/cosy__from_xtts__seedA/p363_t0.wav	0.60069686540969713	0.64431300490399646
p363	xtts	3	cosy	0	A	wavlmsv	exp210/clones/cosy__from_xtts__seedA/p363_t0.wav	0.95589846524705047	0.94271322016221337
p363	xtts	3	cosy	0	B	ecapa	exp210/clones/cosy__from_xtts__seedB/p363_t0.wav	0.71503543065401232	0.58999262216096415
p363	xtts	3	cosy	0	B	wavlmsv	exp210/clones/cosy__from_xtts__seedB/p363_t0.wav	0.95827093273627351	0.96775713859300672
p363	cosy	0	seedvc	1	A	ecapa	exp210/clones/seedvc__from_cosy__seedA/p363_t1.wav	0.7345470556899828	0.76566799542727848
p363	cosy	0	seedvc	1	A	wavlmsv	exp210/clones/seedvc__from_cosy__seedA/p363_t1.wav	0.9685148008392086	0.9546160933626856
p363	cosy	0	seedvc	1	B	ecapa	exp210/clones/seedvc__from_cosy__seedB/p363_t1.wav	0.72324415032543721	0.68180041595241303
p363	cosy	0	seedvc	1	B	wavlmsv	exp210/clones/seedvc__from_cosy__seedB/p363_t1.wav	0.9769428921201837	0.97684632486137379
p363	cosy	1	seedvc	2	A	ecapa	exp210/clones/seedvc__from_cosy__seedA/p363_t2.wav	0.70634265422492504	0.68946658136402661
p363	cosy	1	seedvc	2	A	wavlmsv	exp210/clones/seedvc__from_cosy__seedA/p363_t2.wav	0.95378776641410756	0.95737386148425174
p363	cosy	1	seedvc	2	B	ecapa	exp210/clones/seedvc__from_cosy__seedB/p363_t2.wav	0.74905469211332365	0.69724398965684964
p363	cosy	1	seedvc	2	B	wavlmsv	exp210/clones/seedvc__from_cosy__seedB/p363_t2.wav	0.95258494142016792	0.94458482080052586
p363	cosy	2	seedvc	3	A	ecapa	exp210/clones/seedvc__from_cosy__seedA/p363_t3.wav	0.68222513869908008	0.66261798111757142
p363	cosy	2	seedvc	3	A	wavlmsv	exp210/clones/seedvc__from_cosy__seedA/p363_t3.wav	0.94385430773797019	0.9499935454073789
p363	cosy	2	seedvc	3	B	ecapa	exp210/clones/seedvc__from_cosy__seedB/p363_t3.wav	0.70224180420312377	0.64930837926465679
p363	cosy	2	seedvc	3	B	wavlmsv	exp210/clones/seedvc__from_cosy__seedB/p363_t3.wav	0.95705071907837702	0.958043500221055
p363	cosy	3	seedvc	0	A	ecapa	exp210/clones/seedvc__from_cosy__seedA/p363_t0.wav	0.70545183008173962	0.71623016145269736
p363	cosy	3	seedvc	0	A	wavlmsv	exp210/clones/seedvc__from_cosy__seedA/p363_t0.wav	0.95937624837638191	0.98011837060670359
p363	cosy	3	seedvc	0	B	ecapa	exp210/clones/seedvc__from_cosy__seedB/p363_t0.wav	0.68933044470903138	0.64071359463901578
p363	cosy	3	seedvc	0	B	wavlmsv	exp210/clones/seedvc__from_cosy__seedB/p363_t0.wav	0.95394611610432123	0.92743317145961401
p363	seedvc	0	f5	1	A	ecapa	exp210/clones/f5__from_seedvc__seedA/p363_t1.wav	0.74838459186773032	0.74368497633514064
p363	seedvc	0	f5	1	A	wavlmsv	exp210/clones/f5__from_seedvc__seedA/p363_t1.wav	0.95791877045343987	0.96484605285373171
p363	seedvc	0	f5	1	B	ecapa	exp210/clones/f5__from_seedvc__seedB/p363_t1.wav	0.77452729740564774	0.73855038106726867
p363	seedvc	0	f5	1	B	wavlmsv	exp210/clones/f5__from_seedvc__seedB/p363_t1.wav	0.96972949603592584	0.94826681396790213
p363	seedvc	1	f5	2	A	ecapa	exp210/clones/f5__from_seedvc__seedA/p363_t2.wav	0.72559583320847454	0.73408893257657015
p363	seedvc	1	f5	2	A	wavlmsv	exp210/clones/f5__from_seedvc__seedA/p363_t2.wav	0.96672876379209705	0.96082262051150602
p363	seedvc	1	f5	2	B	ecapa	exp210/clones/f5__from_seedvc__seedB/p363_t2.wav	0.76321747552642938	0.70109092524196537
p363	seedvc	1	f5	2	B	wavlmsv	exp210/clones/f5__from_seedvc__seedB/p363_t2.wav	0.96387068834964484	0.96725473148478613
p363	seedvc	2	f5	3	A	ecapa	exp210/clones/f5__from_seedvc__seedA/p363_t3.wav	0.65510120620629364	0.64527266350790913
p363	seedvc	2	f5	3	A	wavlmsv	exp210/clones/f5__from_seedvc__seedA/p363_t3.wav	0.93494793279866983	0.94883809173858213
p363	seedvc	2	f5	3	B	ecapa	exp210/clones/f5__from_seedvc__seedB/p363_t3.wav	0.71396979468494071	0.6736302596375906
p363	seedvc	2	f5	3	B	wavlmsv	exp210/clones/f5__from_seedvc__seedB/p363_t3.wav	0.95937031683732299	0.9513422389359425
p363	seedvc	3	f5	0	A	ecapa	exp210/clones/f5__from_seedvc__seedA/p363_t0.wav	0.71017415985183763	0.7273084398144094
p363	seedvc	3	f5	0	A	wavlmsv	exp210/clones/f5__from_seedvc__seedA/p363_t0.wav	0.96418414152908949	0.96341761201607823
p363	seedvc	3	f5	0	B	ecapa	exp210/clones/f5__from_seedvc__seedB/p363_t0.wav	0.73526813097301935	0.69705643146165142
p363	seedvc	3	f5	0	B	wavlmsv	exp210/clones/f5__from_seedvc__seedB/p363_t0.wav	0.96336383320582786	0.96099219591987561
p364	f5	0	xtts	1	A	ecapa	exp210/clones/xtts__from_f5__seedA/p364_t1.wav	0.53294161824224173	0.51634176603082238
p364	f5	0	xtts	1	A	wavlmsv	exp210/clones/xtts__from_f5__seedA/p364_t1.wav	0.74468072745260261	0.74977780151895757
p364	f5	0	xtts	1	B	ecapa	exp210/clones/xtts__from_f5__seedB/p364_t1.wav	0.62065139840331085	0.60089681122481164
p364	f5	0	xtts	1	B	wavlmsv	exp210/clones/xtts__from_f5__seedB/p364_t1.wav	0.75669204531258338	0.74977550944061555
p364	f5	1	xtts	2	A	ecapa	exp210/clones/xtts__from_f5__seedA/p364_t2.wav	0.55207422098527614	0.53669756797310808
p364	f5	1	xtts	2	A	wavlmsv	exp210/clones/xtts__from_f5__seedA/p364_t2.wav	0.85320853049677658	0.85129772349204724
p364	f5	1	xtts	2	B	ecapa	exp210/clones/xtts__from_f5__seedB/p364_t2.wav	0.57895864353963344	0.55472250293221392
p364	f5	1	xtts	2	B	wavlmsv	exp210/clones/xtts__from_f5__seedB/p364_t2.wav	0.81500772709865066	0.82859921241422441
p364	f5	2	xtts	3	A	ecapa	exp210/clones/xtts__from_f5__seedA/p364_t3.wav	0.63694444870353006	0.63668763290358343
p364	f5	2	xtts	3	A	wavlmsv	exp210/clones/xtts__from_f5__seedA/p364_t3.wav	0.90412431460496356	0.93271196367446962
p364	f5	2	xtts	3	B	ecapa	exp210/clones/xtts__from_f5__seedB/p364_t3.wav	0.63177392472230276	0.59063351194647462
p364	f5	2	xtts	3	B	wavlmsv	exp210/clones/xtts__from_f5__seedB/p364_t3.wav	0.90404543945603577	0.89654203229378737
p364	f5	3	xtts	0	A	ecapa	exp210/clones/xtts__from_f5__seedA/p364_t0.wav	0.64785593252893903	0.58334451730374259
p364	f5	3	xtts	0	A	wavlmsv	exp210/clones/xtts__from_f5__seedA/p364_t0.wav	0.8679413829884538	0.89030644447662932
p364	f5	3	xtts	0	B	ecapa	exp210/clones/xtts__from_f5__seedB/p364_t0.wav	0.64528866296370802	0.62707757587262436
p364	f5	3	xtts	0	B	wavlmsv	exp210/clones/xtts__from_f5__seedB/p364_t0.wav	0.88226307765991874	0.89391581304478607
p364	xtts	0	cosy	1	A	ecapa	exp210/clones/cosy__from_xtts__seedA/p364_t1.wav	0.56865123670797435	0.57370336299559821
p364	xtts	0	cosy	1	A	wavlmsv	exp210/clones/cosy__from_xtts__seedA/p364_t1.wav	0.84812494140577588	0.85589346604398786
p364	xtts	0	cosy	1	B	ecapa	exp210/clones/cosy__from_xtts__seedB/p364_t1.wav	0.59810363253931509	0.57884721273416073
p364	xtts	0	cosy	1	B	wavlmsv	exp210/clones/cosy__from_xtts__seedB/p364_t1.wav	0.82790128754357939	0.81250076284084904
p364	xtts	1	cosy	2	A	ecapa	exp210/clones/cosy__from_xtts__seedA/p364_t2.wav	0.62249921508321759	0.59440940108339957
p364	xtts	1	cosy	2	A	wavlmsv	exp210/clones/cosy__from_xtts__seedA/p364_t2.wav	0.83421310967874818	0.84464970482067825
p364	xtts	1	cosy	2	B	ecapa	exp210/clones/cosy__from_xtts__seedB/p364_t2.wav	0.64540416561994252	0.65804753954436479
p364	xtts	1	cosy	2	B	wavlmsv	exp210/clones/cosy__from_xtts__seedB/p364_t2.wav	0.85404159417722991	0.84510364480165334
p364	xtts	2	cosy	3	A	ecapa	exp210/clones/cosy__from_xtts__seedA/p364_t3.wav	0.59478126345183346	0.59269519152864458
p364	xtts	2	cosy	3	A	wavlmsv	exp210/clones/cosy__from_xtts__seedA/p364_t3.wav	0.85369665970113406	0.85910615760778164
p364	xtts	2	cosy	3	B	ecapa	exp210/clones/cosy__from_xtts__seedB/p364_t3.wav	0.68669725539715143	0.66618994370864471
p364	xtts	2	cosy	3	B	wavlmsv	exp210/clones/cosy__from_xtts__seedB/p364_t3.wav	0.86407214955609479	0.84073515947071398
p364	xtts	3	cosy	0	A	ecapa	exp210/clones/cosy__from_xtts__seedA/p364_t0.wav	0.62001217017858168	0.61563472471056624
p364	xtts	3	cosy	0	A	wavlmsv	exp210/clones/cosy__from_xtts__seedA/p364_t0.wav	0.89314687993212782	0.90980075246788705
p364	xtts	3	cosy	0	B	ecapa	exp210/clones/cosy__from_xtts__seedB/p364_t0.wav	0.698356888228442	0.70014310477298691
p364	xtts	3	cosy	0	B	wavlmsv	exp210/clones/cosy__from_xtts__seedB/p364_t0.wav	0.93184580519672799	0.91212625249659229
p364	cosy	0	seedvc	1	A	ecapa	exp210/clones/seedvc__from_cosy__seedA/p364_t1.wav	0.7275683712245089	0.65304449332961212
p364	cosy	0	seedvc	1	A	wavlmsv	exp210/clones/seedvc__from_cosy__seedA/p364_t1.wav	0.87915013527424524	0.90175900678475773
p364	cosy	0	seedvc	1	B	ecapa	exp210/clones/seedvc__from_cosy__seedB/p364_t1.wav	0.69722018603978109	0.72622819982340747
p364	cosy	0	seedvc	1	B	wavlmsv	exp210/clones/seedvc__from_cosy__seedB/p364_t1.wav	0.92985169491026176	0.91698232220970821
p364	cosy	1	seedvc	2	A	ecapa	exp210/clones/seedvc__from_cosy__seedA/p364_t2.wav	0.70994596218656247	0.63338605691126026
p364	cosy	1	seedvc	2	A	wavlmsv	exp210/clones/seedvc__from_cosy__seedA/p364_t2.wav	0.89815721980180419	0.93746358404288266
p364	cosy	1	seedvc	2	B	ecapa	exp210/clones/seedvc__from_cosy__seedB/p364_t2.wav	0.67164961928583022	0.65614068547305393
p364	cosy	1	seedvc	2	B	wavlmsv	exp210/clones/seedvc__from_cosy__seedB/p364_t2.wav	0.9402691727098913	0.9191946113567423
p364	cosy	2	seedvc	3	A	ecapa	exp210/clones/seedvc__from_cosy__seedA/p364_t3.wav	0.69793740266789084	0.61981739686271387
p364	cosy	2	seedvc	3	A	wavlmsv	exp210/clones/seedvc__from_cosy__seedA/p364_t3.wav	0.89263019903974339	0.92545256180881985
p364	cosy	2	seedvc	3	B	ecapa	exp210/clones/seedvc__from_cosy__seedB/p364_t3.wav	0.64396297080252429	0.64696766504318703
p364	cosy	2	seedvc	3	B	wavlmsv	exp210/clones/seedvc__from_cosy__seedB/p364_t3.wav	0.92099576469421007	0.89777972968063358
p364	cosy	3	seedvc	0	A	ecapa	exp210/clones/seedvc__from_cosy__seedA/p364_t0.wav	0.77205606425311935	0.66189112174983211
p364	cosy	3	seedvc	0	A	wavlmsv	exp210/clones/seedvc__from_cosy__seedA/p364_t0.wav	0.88256237064823284	0.91827586117627202
p364	cosy	3	seedvc	0	B	ecapa	exp210/clones/seedvc__from_cosy__seedB/p364_t0.wav	0.71480479930132335	0.73739136815897455
p364	cosy	3	seedvc	0	B	wavlmsv	exp210/clones/seedvc__from_cosy__seedB/p364_t0.wav	0.94159671352949792	0.94541532184779098
p364	seedvc	0	f5	1	A	ecapa	exp210/clones/f5__from_seedvc__seedA/p364_t1.wav	0.77880445369674722	0.64652845628892985
p364	seedvc	0	f5	1	A	wavlmsv	exp210/clones/f5__from_seedvc__seedA/p364_t1.wav	0.92478182812524734	0.93151877804161565
p364	seedvc	0	f5	1	B	ecapa	exp210/clones/f5__from_seedvc__seedB/p364_t1.wav	0.70863220180535547	0.70363550001192054
p364	seedvc	0	f5	1	B	wavlmsv	exp210/clones/f5__from_seedvc__seedB/p364_t1.wav	0.91139130049628236	0.88383646782441327
p364	seedvc	1	f5	2	A	ecapa	exp210/clones/f5__from_seedvc__seedA/p364_t2.wav	0.68649564605338587	0.5820614941913772
p364	seedvc	1	f5	2	A	wavlmsv	exp210/clones/f5__from_seedvc__seedA/p364_t2.wav	0.9091869715676506	0.93284831256177347
p364	seedvc	1	f5	2	B	ecapa	exp210/clones/f5__from_seedvc__seedB/p364_t2.wav	0.64723777958560447	0.62294495411018269
p364	seedvc	1	f5	2	B	wavlmsv	exp210/clones/f5__from_seedvc__seedB/p364_t2.wav	0.93798475996058095	0.91139462569093221
p364	seedvc	2	f5	3	A	ecapa	exp210/clones/f5__from_seedvc__seedA/p364_t3.wav	0.64851066741058916	0.57623507069137958
p364	seedvc	2	f5	3	A	wavlmsv	exp210/clones/f5__from_seedvc__seedA/p364_t3.wav	0.86382455912705325	0.89989187049106001
p364	seedvc	2	f5	3	B	ecapa	exp210/clones/f5__from_seedvc__seedB/p364_t3.wav	0.67878606506600203	0.68627492821889002
p364	seedvc	2	f5	3	B	wavlmsv	exp210/clones/f5__from_seedvc__seedB/p364_t3.wav	0.94721233688192497	0.92186703261879832
p364	seedvc	3	f5	0	A	ecapa	exp210/clones/f5__from_seedvc__seedA/p364_t0.wav	0.74666370561329742	0.66137387494477384
p364	seedvc	3	f5	0	A	wavlmsv	exp210/clones/f5__from_seedvc__seedA/p364_t0.wav	0.91293136365821037	0.93498238335174821
p364	seedvc	3	f5	0	B	ecapa	exp210/clones/f5__from_seedvc__seedB/p364_t0.wav	0.6760866619747723	0.65932341679951678
p364	seedvc	3	f5	0	B	wavlmsv	exp210/clones/f5__from_seedvc__seedB/p364_t0.wav	0.9287867056537793	0.89398025984937779
p374	f5	0	xtts	1	A	ecapa	exp210/clones/xtts__from_f5__seedA/p374_t1.wav	0.63826095443025233	0.59426265887212315
p374	f5	0	xtts	1	A	wavlmsv	exp210/clones/xtts__from_f5__seedA/p374_t1.wav	0.93577546683811264	0.92074937920879951
p374	f5	0	xtts	1	B	ecapa	exp210/clones/xtts__from_f5__seedB/p374_t1.wav	0.5257435465605157	0.54300921213997189
p374	f5	0	xtts	1	B	wavlmsv	exp210/clones/xtts__from_f5__seedB/p374_t1.wav	0.92550146307371728	0.90768423259429964
p374	f5	1	xtts	2	A	ecapa	exp210/clones/xtts__from_f5__seedA/p374_t2.wav	0.53179402097944095	0.57435430403396659
p374	f5	1	xtts	2	A	wavlmsv	exp210/clones/xtts__from_f5__seedA/p374_t2.wav	0.80745523299288502	0.81211051776432519
p374	f5	1	xtts	2	B	ecapa	exp210/clones/xtts__from_f5__seedB/p374_t2.wav	0.61855183149047399	0.59879086717327867
p374	f5	1	xtts	2	B	wavlmsv	exp210/clones/xtts__from_f5__seedB/p374_t2.wav	0.95289777556858235	0.93107417644298474
p374	f5	2	xtts	3	A	ecapa	exp210/clones/xtts__from_f5__seedA/p374_t3.wav	0.63004374254015505	0.58932904764188665
p374	f5	2	xtts	3	A	wavlmsv	exp210/clones/xtts__from_f5__seedA/p374_t3.wav	0.92999585386928763	0.94626811545196898
p374	f5	2	xtts	3	B	ecapa	exp210/clones/xtts__from_f5__seedB/p374_t3.wav	0.58387915659918899	0.6266156491560485
p374	f5	2	xtts	3	B	wavlmsv	exp210/clones/xtts__from_f5__seedB/p374_t3.wav	0.94830036652640837	0.91573512925583245
p374	f5	3	xtts	0	A	ecapa	exp210/clones/xtts__from_f5__seedA/p374_t0.wav	0.51153899705291705	0.59420534837783567
p374	f5	3	xtts	0	A	wavlmsv	exp210/clones/xtts__from_f5__seedA/p374_t0.wav	0.90353189119589583	0.89458147357923568
p374	f5	3	xtts	0	B	ecapa	exp210/clones/xtts__from_f5__seedB/p374_t0.wav	0.52391775418725628	0.46674092608526807
p374	f5	3	xtts	0	B	wavlmsv	exp210/clones/xtts__from_f5__seedB/p374_t0.wav	0.91294321525295752	0.91850915684475842
p374	xtts	0	cosy	1	A	ecapa	exp210/clones/cosy__from_xtts__seedA/p374_t1.wav	0.47656119201689867	0.54396644228576119
p374	xtts	0	cosy	1	A	wavlmsv	exp210/clones/cosy__from_xtts__seedA/p374_t1.wav	0.80012844994208043	0.83664294135556616
p374	xtts	0	cosy	1	B	ecapa	exp210/clones/cosy__from_xtts__seedB/p374_t1.wav	0.55431044386849604	0.44104042468372701
p374	xtts	0	cosy	1	B	wavlmsv	exp210/clones/cosy__from_xtts__seedB/p374_t1.wav	0.84581055861877763	0.8348570919245093
p374	xtts	1	cosy	2	A	ecapa	exp210/clones/cosy__from_xtts__seedA/p374_t2.wav	0.45980608259668149	0.53351528568382922
p374	xtts	1	cosy	2	A	wavlmsv	exp210/clones/cosy__from_xtts__seedA/p374_t2.wav	0.79949445906722993	0.81551282512363021
p374	xtts	1	cosy	2	B	ecapa	exp210/clones/cosy__from_xtts__seedB/p374_t2.wav	0.68179544610597631	0.55217936253699174
p374	xtts	1	cosy	2	B	wavlmsv	exp210/clones/cosy__from_xtts__seedB/p374_t2.wav	0.9364300653002593	0.91819751784050196
p374	xtts	2	cosy	3	A	ecapa	exp210/clones/cosy__from_xtts__seedA/p374_t3.wav	0.46146003750721831	0.51765230387877159
p374	xtts	2	cosy	3	A	wavlmsv	exp210/clones/cosy__from_xtts__seedA/p374_t3.wav	0.85258898673652173	0.8523381543113564
p374	xtts	2	cosy	3	B	ecapa	exp210/clones/cosy__from_xtts__seedB/p374_t3.wav	0.55560921514072015	0.45269650865124705
p374	xtts	2	cosy	3	B	wavlmsv	exp210/clones/cosy__from_xtts__seedB/p374_t3.wav	0.86740483535283763	0.84379368665318999
p374	xtts	3	cosy	0	A	ecapa	exp210/clones/cosy__from_xtts__seedA/p374_t0.wav	0.44483991826450675	0.50691647979264631
p374	xtts	3	cosy	0	A	wavlmsv	exp210/clones/cosy__from_xtts__seedA/p374_t0.wav	0.84648523758421834	0.85631634541517432
p374	xtts	3	cosy	0	B	ecapa	exp210/clones/cosy__from_xtts__seedB/p374_t0.wav	0.54634733888011855	0.40749110663368243
p374	xtts	3	cosy	0	B	wavlmsv	exp210/clones/cosy__from_xtts__seedB/p374_t0.wav	0.82488969756439268	0.80205191148254318
p374	cosy	0	seedvc	1	A	ecapa	exp210/clones/seedvc__from_cosy__seedA/p374_t1.wav	0.57464205069411867	0.590681398174145
p374	cosy	0	seedvc	1	A	wavlmsv	exp210/clones/seedvc__from_cosy__seedA/p374_t1.wav	0.86489992035750696	0.87311148804761241
p374	cosy	0	seedvc	1	B	ecapa	exp210/clones/seedvc__from_cosy__seedB/p374_t1.wav	0.67386341545873485	0.54324638640438205
p374	cosy	0	seedvc	1	B	wavlmsv	exp210/clones/seedvc__from_cosy__seedB/p374_t1.wav	0.86396322221378341	0.82843741644814362
p374	cosy	1	seedvc	2	A	ecapa	exp210/clones/seedvc__from_cosy__seedA/p374_t2.wav	0.48297376629246774	0.55344006798935141
p374	cosy	1	seedvc	2	A	wavlmsv	exp210/clones/seedvc__from_cosy__seedA/p374_t2.wav	0.78066048267624888	0.80614238931747928
p374	cosy	1	seedvc	2	B	ecapa	exp210/clones/seedvc__from_cosy__seedB/p374_t2.wav	0.65872028130848959	0.50748172517523293
p374	cosy	1	seedvc	2	B	wavlmsv	exp210/clones/seedvc__from_cosy__seedB/p374_t2.wav	0.78469704728368816	0.71545282312786274
p374	cosy	2	seedvc	3	A	ecapa	exp210/clones/seedvc__from_cosy__seedA/p374_t3.wav	0.61457922530737963	0.63767629301128781
p374	cosy	2	seedvc	3	A	wavlmsv	exp210/clones/seedvc__from_cosy__seedA/p374_t3.wav	0.87311493455229183	0.89244548767196208
p374	cosy	2	seedvc	3	B	ecapa	exp210/clones/seedvc__from_cosy__seedB/p374_t3.wav	0.63803383672258496	0.49611875776932768
p374	cosy	2	seedvc	3	B	wavlmsv	exp210/clones/seedvc__from_cosy__seedB/p374_t3.wav	0.85684218566744097	0.80054664737331227
p374	cosy	3	seedvc	0	A	ecapa	exp210/clones/seedvc__from_cosy__seedA/p374_t0.wav	0.5748608470337655	0.60938438978239906
p374	cosy	3	seedvc	0	A	wavlmsv	exp210/clones/seedvc__from_cosy__seedA/p374_t0.wav	0.85040532655138668	0.89410299619495648
p374	cosy	3	seedvc	0	B	ecapa	exp210/clones/seedvc__from_cosy__seedB/p374_t0.wav	0.60096158462920102	0.47644687541919173
p374	cosy	3	seedvc	0	B	wavlmsv	exp210/clones/seedvc__from_cosy__seedB/p374_t0.wav	0.88724360257585955	0.83447048520595968
p374	seedvc	0	f5	1	A	ecapa	exp210/clones/f5__from_seedvc__seedA/p374_t1.wav	0.49546561091093516	0.52480530566825689
p374	seedvc	0	f5	1	A	wavlmsv	exp210/clones/f5__from_seedvc__seedA/p374_t1.wav	0.82507675862225893	0.84667397796938793
p374	seedvc	0	f5	1	B	ecapa	exp210/clones/f5__from_seedvc__seedB/p374_t1.wav	0.57347150185039442	0.47933837692803083
p374	seedvc	0	f5	1	B	wavlmsv	exp210/clones/f5__from_seedvc__seedB/p374_t1.wav	0.83748792199398325	0.79061937557798001
p374	seedvc	1	f5	2	A	ecapa	exp210/clones/f5__from_seedvc__seedA/p374_t2.wav	0.49202818779884966	0.55138032347164245
p374	seedvc	1	f5	2	A	wavlmsv	exp210/clones/f5__from_seedvc__seedA/p374_t2.wav	0.81165835392569075	0.83276200821315993
p374	seedvc	1	f5	2	B	ecapa	exp210/clones/f5__from_seedvc__seedB/p374_t2.wav	0.59834289914560013	0.44473080971202772
p374	seedvc	1	f5	2	B	wavlmsv	exp210/clones/f5__from_seedvc__seedB/p374_t2.wav	0.81783609764689935	0.78151860964718844
p374	seedvc	2	f5	3	A	ecapa	exp210/clones/f5__from_seedvc__seedA/p374_t3.wav	0.4914990773188147	0.47883489329267426
p374	seedvc	2	f5	3	A	wavlmsv	exp210/clones/f5__from_seedvc__seedA/p374_t3.wav	0.79278474955239164	0.81634238790809133
p374	seedvc	2	f5	3	B	ecapa	exp210/clones/f5__from_seedvc__seedB/p374_t3.wav	0.56102292427383682	0.45448939937431687
p374	seedvc	2	f5	3	B	wavlmsv	exp210/clones/f5__from_seedvc__seedB/p374_t3.wav	0.81747132067843453	0.78038345213509464
p374	seedvc	3	f5	0	A	ecapa	exp210/clones/f5__from_seedvc__seedA/p374_t0.wav	0.47620595349427275	0.53569051085632702
p374	seedvc	3	f5	0	A	wavlmsv	exp210/clones/f5__from_seedvc__seedA/p374_t0.wav	0.80432817582136718	0.83030106817709437
p374	seedvc	3	f5	0	B	ecapa	exp210/clones/f5__from_seedvc__seedB/p374_t0.wav	0.56146761528187528	0.40921725824387567
p374	seedvc	3	f5	0	B	wavlmsv	exp210/clones/f5__from_seedvc__seedB/p374_t0.wav	0.82567234278293511	0.76640980275006398
p376	f5	0	xtts	1	A	ecapa	exp210/clones/xtts__from_f5__seedA/p376_t1.wav	0.49739428474454661	0.50805003269835691
p376	f5	0	xtts	1	A	wavlmsv	exp210/clones/xtts__from_f5__seedA/p376_t1.wav	0.87964235696134663	0.88549527691306917
p376	f5	0	xtts	1	B	ecapa	exp210/clones/xtts__from_f5__seedB/p376_t1.wav	0.68781926726218345	0.60955262983445646
p376	f5	0	xtts	1	B	wavlmsv	exp210/clones/xtts__from_f5__seedB/p376_t1.wav	0.90859545174896206	0.887807374447803
p376	f5	1	xtts	2	A	ecapa	exp210/clones/xtts__from_f5__seedA/p376_t2.wav	0.5006268973245448	0.44659409526200489
p376	f5	1	xtts	2	A	wavlmsv	exp210/clones/xtts__from_f5__seedA/p376_t2.wav	0.90279995930157086	0.90564070581375311
p376	f5	1	xtts	2	B	ecapa	exp210/clones/xtts__from_f5__seedB/p376_t2.wav	0.63469521013322105	0.57808964193299195
p376	f5	1	xtts	2	B	wavlmsv	exp210/clones/xtts__from_f5__seedB/p376_t2.wav	0.94252822485556753	0.92378120878254788
p376	f5	2	xtts	3	A	ecapa	exp210/clones/xtts__from_f5__seedA/p376_t3.wav	0.58906074210379256	0.59097024228136097
p376	f5	2	xtts	3	A	wavlmsv	exp210/clones/xtts__from_f5__seedA/p376_t3.wav	0.91456011720140196	0.93108957770619827
p376	f5	2	xtts	3	B	ecapa	exp210/clones/xtts__from_f5__seedB/p376_t3.wav	0.70223903742381144	0.67071048994371529
p376	f5	2	xtts	3	B	wavlmsv	exp210/clones/xtts__from_f5__seedB/p376_t3.wav	0.9520980864090649	0.95518560539371089
p376	f5	3	xtts	0	A	ecapa	exp210/clones/xtts__from_f5__seedA/p376_t0.wav	0.63109985280648151	0.61848057367911313
p376	f5	3	xtts	0	A	wavlmsv	exp210/clones/xtts__from_f5__seedA/p376_t0.wav	0.89344238073768834	0.89793895576300464
p376	f5	3	xtts	0	B	ecapa	exp210/clones/xtts__from_f5__seedB/p376_t0.wav	0.67670354048531101	0.58825209343468177
p376	f5	3	xtts	0	B	wavlmsv	exp210/clones/xtts__from_f5__seedB/p376_t0.wav	0.9422818434846123	0.93006126161030633
p376	xtts	0	cosy	1	A	ecapa	exp210/clones/cosy__from_xtts__seedA/p376_t1.wav	0.55551311295074079	0.51003337499998835
p376	xtts	0	cosy	1	A	wavlmsv	exp210/clones/cosy__from_xtts__seedA/p376_t1.wav	0.90858477530392767	0.91208065148588047
p376	xtts	0	cosy	1	B	ecapa	exp210/clones/cosy__from_xtts__seedB/p376_t1.wav	0.69098146758156842	0.55546952996303789
p376	xtts	0	cosy	1	B	wavlmsv	exp210/clones/cosy__from_xtts__seedB/p376_t1.wav	0.93514528766335903	0.91660890018964014
p376	xtts	1	cosy	2	A	ecapa	exp210/clones/cosy__from_xtts__seedA/p376_t2.wav	0.61276971776469247	0.5610244227048955
p376	xtts	1	cosy	2	A	wavlmsv	exp210/clones/cosy__from_xtts__seedA/p376_t2.wav	0.90938461557771999	0.92826452282866012
p376	xtts	1	cosy	2	B	ecapa	exp210/clones/cosy__from_xtts__seedB/p376_t2.wav	0.68977822683723211	0.55465540544190084
p376	xtts	1	cosy	2	B	wavlmsv	exp210/clones/cosy__from_xtts__seedB/p376_t2.wav	0.9400146256426446	0.90571877398933909
p376	xtts	2	cosy	3	A	ecapa	exp210/clones/cosy__from_xtts__seedA/p376_t3.wav	0.551252123242711	0.53994365662015154
p376	xtts	2	cosy	3	A	wavlmsv	exp210/clones/cosy__from_xtts__seedA/p376_t3.wav	0.91010973081274171	0.9154536116231986
p376	xtts	2	cosy	3	B	ecapa	exp210/clones/cosy__from_xtts__seedB/p376_t3.wav	0.71494380453590867	0.59579930230502576
p376	xtts	2	cosy	3	B	wavlmsv	exp210/clones/cosy__from_xtts__seedB/p376_t3.wav	0.94796967414899758	0.92160394355181485
p376	xtts	3	cosy	0	A	ecapa	exp210/clones/cosy__from_xtts__seedA/p376_t0.wav	0.61390275956969376	0.57519627588106159
p376	xtts	3	cosy	0	A	wavlmsv	exp210/clones/cosy__from_xtts__seedA/p376_t0.wav	0.90184343439061176	0.91457368232428049
p376	xtts	3	cosy	0	B	ecapa	exp210/clones/cosy__from_xtts__seedB/p376_t0.wav	0.73941087380683368	0.63733708928978483
p376	xtts	3	cosy	0	B	wavlmsv	exp210/clones/cosy__from_xtts__seedB/p376_t0.wav	0.95567963883860529	0.9373545577931609
p376	cosy	0	seedvc	1	A	ecapa	exp210/clones/seedvc__from_cosy__seedA/p376_t1.wav	0.67753290386031928	0.5338651418124265
p376	cosy	0	seedvc	1	A	wavlmsv	exp210/clones/seedvc__from_cosy__seedA/p376_t1.wav	0.9667983184192579	0.94876858733471781
p376	cosy	0	seedvc	1	B	ecapa	exp210/clones/seedvc__from_cosy__seedB/p376_t1.wav	0.69680192500050941	0.6644163547042784
p376	cosy	0	seedvc	1	B	wavlmsv	exp210/clones/seedvc__from_cosy__seedB/p376_t1.wav	0.96416085615839298	0.95910673768775423
p376	cosy	1	seedvc	2	A	ecapa	exp210/clones/seedvc__from_cosy__seedA/p376_t2.wav	0.73113520480123873	0.63751406963040635
p376	cosy	1	seedvc	2	A	wavlmsv	exp210/clones/seedvc__from_cosy__seedA/p376_t2.wav	0.95759319819810529	0.94783030399078838
p376	cosy	1	seedvc	2	B	ecapa	exp210/clones/seedvc__from_cosy__seedB/p376_t2.wav	0.74861123927272266	0.67811989725184829
p376	cosy	1	seedvc	2	B	wavlmsv	exp210/clones/seedvc__from_cosy__seedB/p376_t2.wav	0.95461566636675022	0.93739457055507747
p376	cosy	2	seedvc	3	A	ecapa	exp210/clones/seedvc__from_cosy__seedA/p376_t3.wav	0.69165351468773717	0.59382750512907556
p376	cosy	2	seedvc	3	A	wavlmsv	exp210/clones/seedvc__from_cosy__seedA/p376_t3.wav	0.96529907137312132	0.96097917911097364
p376	cosy	2	seedvc	3	B	ecapa	exp210/clones/seedvc__from_cosy__seedB/p376_t3.wav	0.72005800586807012	0.65541106512022462
p376	cosy	2	seedvc	3	B	wavlmsv	exp210/clones/seedvc__from_cosy__seedB/p376_t3.wav	0.96777771432414395	0.95583040005137043
p376	cosy	3	seedvc	0	A	ecapa	exp210/clones/seedvc__from_cosy__seedA/p376_t0.wav	0.69016481381693806	0.52785662674962164
p376	cosy	3	seedvc	0	A	wavlmsv	exp210/clones/seedvc__from_cosy__seedA/p376_t0.wav	0.96027825554921487	0.95441272694185741
p376	cosy	3	seedvc	0	B	ecapa	exp210/clones/seedvc__from_cosy__seedB/p376_t0.wav	0.68359103120205411	0.67820509151075004
p376	cosy	3	seedvc	0	B	wavlmsv	exp210/clones/seedvc__from_cosy__seedB/p376_t0.wav	0.96937634720196897	0.94967457055466364
p376	seedvc	0	f5	1	A	ecapa	exp210/clones/f5__from_seedvc__seedA/p376_t1.wav	0.58382849521936864	0.43009277116211597
p376	seedvc	0	f5	1	A	wavlmsv	exp210/clones/f5__from_seedvc__seedA/p376_t1.wav	0.92515103602263205	0.93500911067391224
p376	seedvc	0	f5	1	B	ecapa	exp210/clones/f5__from_seedvc__seedB/p376_t1.wav	0.60431923636045215	0.54299727721387847
p376	seedvc	0	f5	1	B	wavlmsv	exp210/clones/f5__from_seedvc__seedB/p376_t1.wav	0.93002611383965395	0.91434432131940957
p376	seedvc	1	f5	2	A	ecapa	exp210/clones/f5__from_seedvc__seedA/p376_t2.wav	0.67410164220104796	0.58188060643561035
p376	seedvc	1	f5	2	A	wavlmsv	exp210/clones/f5__from_seedvc__seedA/p376_t2.wav	0.97444803242820854	0.97526123830542
p376	seedvc	1	f5	2	B	ecapa	exp210/clones/f5__from_seedvc__seedB/p376_t2.wav	0.73342218601934106	0.61262811033617648
p376	seedvc	1	f5	2	B	wavlmsv	exp210/clones/f5__from_seedvc__seedB/p376_t2.wav	0.97012414429884253	0.95076583136577542
p376	seedvc	2	f5	3	A	ecapa	exp210/clones/f5__from_seedvc__seedA/p376_t3.wav	0.65911362333275147	0.57812231101042555
p376	seedvc	2	f5	3	A	wavlmsv	exp210/clones/f5__from_seedvc__seedA/p376_t3.wav	0.94644639458485336	0.9519656163031176
p376	seedvc	2	f5	3	B	ecapa	exp210/clones/f5__from_seedvc__seedB/p376_t3.wav	0.67365359065992014	0.54299737416888427
p376	seedvc	2	f5	3	B	wavlmsv	exp210/clones/f5__from_seedvc__seedB/p376_t3.wav	0.9559567604918805	0.92855314338389539
p376	seedvc	3	f5	0	A	ecapa	exp210/clones/f5__from_seedvc__seedA/p376_t0.wav	0.7062527002692307	0.58774724499168907
p376	seedvc	3	f5	0	A	wavlmsv	exp210/clones/f5__from_seedvc__seedA/p376_t0.wav	0.95916347270574831	0.96127661883370596
p376	seedvc	3	f5	0	B	ecapa	exp210/clones/f5__from_seedvc__seedB/p376_t0.wav	0.71042894451060468	0.58863402060708092
p376	seedvc	3	f5	0	B	wavlmsv	exp210/clones/f5__from_seedvc__seedB/p376_t0.wav	0.96750824503249255	0.9471073245466739
